Num_Acc,senc,catv,occutc,obs,obsm,choc,manv,num_veh
201700002272,0,07,000,00,2,1,02,A01
201700002273,0,07,000,00,1,1,01,A01
201700002274,2,01,000,01,0,1,02,B01
201700002274,2,07,000,00,9,8,22,A01
201700002275,0,01,000,00,9,1,01,A01
201700002275,0,01,000,00,9,1,01,B01
201700002276,0,07,000,00,2,2,01,A01
201700002276,0,01,000,00,2,1,01,B01
201700002277,0,39,005,00,2,1,01,B01
201700002277,0,07,000,00,4,3,00,A01
201700002278,1,07,000,00,2,7,17,A01
201700002278,1,33,000,00,2,8,01,B01
201700002279,0,07,000,00,2,8,15,B01
201700002279,0,33,000,00,2,1,01,A01
201700002280,0,10,000,00,1,1,01,A01
201700002281,0,32,000,00,2,1,01,A01
201700002281,0,07,000,00,2,8,16,B01
201700002282,0,07,000,00,0,4,23,A01
201700002282,0,01,000,00,2,1,02,B01
201700002283,0,07,000,09,9,1,01,A01
201700002284,1,07,000,13,0,3,01,A01
201700002285,1,07,000,08,0,2,01,A01
201700002286,0,07,000,00,2,1,09,A01
201700002286,2,31,000,00,2,2,01,B01
201700002287,2,07,000,13,0,3,01,A01
201700002288,2,01,000,00,2,8,13,A01
201700002288,1,07,000,00,2,8,01,B01
201700002289,1,33,000,06,0,1,02,A01
201700002290,1,07,000,08,0,3,01,A01
201700002291,0,07,000,00,1,2,01,A01
201700002292,2,33,000,13,0,7,01,A01
201700002293,1,07,000,00,1,3,15,A01
201700002294,2,07,000,02,2,1,01,A01
201700002294,1,07,000,00,2,1,13,B01
201700002295,2,01,000,03,0,1,01,A01
201700002296,1,33,000,00,2,0,03,A01
201700002296,1,07,000,00,0,6,01,B01
201700002297,2,01,000,00,2,1,02,A01
201700002297,2,07,000,00,2,4,02,B01
201700002298,2,07,000,00,2,1,02,A01
201700002298,2,07,000,00,0,4,15,B01
201700002298,2,07,000,00,2,3,01,C01
201700002299,1,07,000,00,2,8,19,A01
201700002299,2,33,000,00,2,1,01,B01
201700002300,1,07,000,01,0,1,01,A01
201700002300,1,07,000,00,0,4,02,B01
201700002301,0,07,000,00,2,3,01,A01
201700002301,0,32,000,00,2,3,01,B01
201700002302,0,33,000,00,0,0,01,A01
201700002303,1,07,000,00,0,4,23,A01
201700002303,1,07,000,00,2,4,23,B01
201700002303,1,07,000,00,2,1,02,C01
201700002304,0,33,000,00,2,8,01,B01
201700002304,0,07,000,00,2,3,10,A01
201700002305,1,01,000,00,0,8,01,A01
201700002305,2,01,000,00,0,3,01,B01
201700002305,2,01,000,00,2,1,01,C01
201700002306,1,07,000,06,0,2,15,A01
201700002307,1,07,000,00,1,1,01,A01
201700002308,0,02,000,00,0,7,01,A01
201700002309,2,07,000,00,0,4,23,A01
201700002309,2,07,000,00,2,4,02,B01
201700002309,2,07,000,00,2,4,02,C01
201700002309,2,07,000,00,2,1,02,D01
201700002310,0,07,000,00,2,1,15,A01
201700002310,0,30,000,00,2,8,01,B01
201700002311,0,02,000,14,0,8,01,A01
201700002312,0,33,000,14,0,1,01,A01
201700002313,2,01,000,00,2,1,01,B01
201700002313,1,07,000,00,9,5,15,A01
201700002314,1,02,000,14,0,8,01,A01
201700002315,0,02,000,00,0,0,01,A01
201700002316,0,01,000,00,5,1,01,A01
201700002317,2,07,000,06,0,7,02,A01
201700002318,1,07,000,00,1,2,01,A01
201700002319,0,07,000,00,0,7,15,B01
201700002319,0,07,000,00,2,2,01,A01
201700002320,2,10,000,00,2,1,17,A01
201700002320,2,01,000,00,2,4,13,B01
201700002321,0,01,000,00,2,8,01,B01
201700002321,0,07,000,00,2,3,15,A01
201700002322,0,07,000,00,0,1,00,C01
201700002322,0,07,000,00,0,4,01,B01
201700002322,0,07,000,00,0,4,01,A01
201700002323,1,07,000,02,0,8,01,A01
201700002324,2,07,000,13,0,2,01,A01
201700002325,2,07,000,00,9,2,01,A01
201700002325,1,01,000,00,2,1,19,B01
201700002326,0,07,000,13,0,3,01,A01
201700002327,1,02,000,04,2,8,01,A01
201700002327,2,07,000,00,2,3,01,B01
201700002328,2,01,000,00,5,1,01,A01
201700002329,0,07,000,13,0,3,01,A01
201700002330,1,07,000,13,0,1,01,A01
201700002331,2,01,000,14,0,1,01,A01
201700002332,1,07,000,00,2,3,01,A01
201700002332,2,33,000,00,2,3,17,B01
201700002333,2,33,000,00,2,1,17,A01
201700002333,2,07,000,00,2,8,15,B01
201700002334,2,33,000,16,0,7,01,A01
201700002335,1,07,000,00,2,2,01,A01
201700002335,2,01,000,00,2,0,00,B01
201700002336,1,07,000,00,2,1,13,B01
201700002336,2,07,000,00,2,1,01,A01
201700002337,2,07,000,00,2,7,21,B01
201700002337,2,07,000,15,2,3,09,A01
201700002338,1,33,000,00,2,1,01,B01
201700002338,1,07,000,00,2,7,19,A01
201700002339,1,07,000,00,1,1,01,A01
201700002340,1,01,000,00,0,0,00,A01
201700002341,2,15,000,00,2,1,01,B01
201700002341,2,07,000,03,2,1,17,A01
201700002342,2,07,000,13,0,3,13,A01
201700002343,1,07,000,00,2,2,16,A01
201700002343,1,01,000,00,0,8,02,B01
201700002344,1,02,000,00,0,5,16,B01
201700002344,1,02,000,00,2,1,02,A01
201700002345,2,07,000,00,2,3,13,A01
201700002345,1,07,000,00,2,3,02,B01
201700002346,2,02,000,06,0,1,09,A01
201700002347,1,01,000,00,0,0,01,A01
201700002348,1,07,000,00,2,1,13,A01
201700002348,2,07,000,00,2,1,00,B01
201700002349,1,07,000,00,2,8,15,A01
201700002349,1,31,000,00,2,1,17,B01
201700002350,2,07,000,00,2,1,02,A01
201700002350,2,07,000,00,0,4,02,B01
201700002351,1,07,000,00,2,2,01,B01
201700002351,0,07,000,00,2,8,19,A01
201700002352,1,07,000,00,9,0,01,A01
201700002353,0,07,000,00,9,1,01,A01
201700002353,0,01,000,00,2,4,01,B01
201700002354,1,07,000,00,2,2,01,A01
201700002354,1,01,000,00,2,3,01,B01
201700002355,2,07,000,00,2,8,18,A01
201700002355,2,33,000,00,2,7,01,B01
201700002356,1,07,000,00,2,1,17,A01
201700002356,2,07,000,00,1,1,01,B01
201700002357,0,01,000,05,0,1,00,A01
201700002358,1,07,000,13,0,9,13,A01
201700002359,2,10,000,00,0,6,10,A01
201700002359,2,33,000,00,2,1,02,B01
201700002360,2,33,000,00,2,1,02,A01
201700002360,2,07,000,00,2,4,02,B01
201700002360,2,33,000,00,2,1,02,C01
201700002361,1,07,000,16,9,1,02,A01
201700002362,2,01,000,00,1,3,01,A01
201700002363,1,33,000,00,2,2,02,A01
201700002363,1,10,000,00,0,6,02,B01
201700002364,1,10,000,00,2,1,13,A01
201700002364,2,07,000,00,2,1,01,B01
201700002365,2,07,000,00,1,1,01,A01
201700002366,1,07,000,00,9,2,01,A01
201700002366,1,01,000,00,2,1,16,B01
201700002367,0,07,000,05,0,1,13,A01
201700002368,2,07,000,00,2,1,05,A01
201700002368,1,07,000,00,2,1,01,B01
201700002369,0,07,000,00,2,1,01,B01
201700002369,0,07,000,00,2,3,01,A01
201700002370,1,07,000,00,9,3,01,A01
201700002370,2,01,000,00,2,1,01,B01
201700002371,2,07,000,00,2,1,01,A01
201700002371,1,07,000,00,2,2,05,B01
201700002372,0,07,000,00,2,3,23,B01
201700002372,0,07,000,00,2,3,01,A01
201700002373,0,07,000,00,2,3,00,B01
201700002373,0,07,000,00,2,1,02,C01
201700002373,0,07,000,00,2,3,13,A01
201700002374,2,01,000,00,0,0,01,A01
201700002375,1,01,000,00,0,0,01,A01
201700002376,1,10,000,00,2,2,02,A01
201700002376,1,01,000,00,2,7,01,B01
201700002377,0,07,000,00,2,3,10,A01
201700002377,0,33,000,00,2,1,02,B01
201700002378,0,07,000,06,0,1,00,A01
201700002379,1,07,000,13,0,0,02,A01
201700002380,2,07,000,13,0,3,01,A01
201700002381,0,07,000,06,0,2,01,A01
201700002382,1,02,000,00,2,4,01,A01
201700002382,1,07,000,00,2,1,01,B01
201700002383,1,07,000,00,2,1,02,A01
201700002383,1,07,000,00,2,4,01,B01
201700002384,2,07,000,00,2,8,13,A01
201700002384,1,07,000,00,2,1,02,B01
201700002385,1,07,000,00,9,3,09,A01
201700002385,1,01,000,00,2,7,01,B01
201700002386,0,07,000,00,2,3,15,A01
201700002386,0,33,000,00,2,1,13,B01
201700002387,1,07,000,00,2,6,01,A01
201700002387,2,07,000,00,2,1,01,B01
201700002388,0,07,000,03,2,7,01,A01
201700002388,0,07,000,00,2,3,01,B01
201700002389,1,07,000,00,9,8,16,A01
201700002389,2,01,000,00,2,1,01,B01
201700002390,1,02,000,00,0,7,16,A01
201700002391,1,07,000,00,1,1,01,A01
201700002392,2,07,000,11,2,3,01,C01
201700002392,2,07,000,00,2,3,13,A01
201700002392,1,07,000,00,2,9,01,B01
201700002393,1,07,000,00,1,1,17,A01
201700002394,0,07,000,07,2,1,01,A01
201700002394,0,07,000,00,2,1,01,C01
201700002394,0,07,000,13,0,9,01,B01
201700002395,0,33,000,06,2,3,01,B01
201700002395,1,07,000,00,2,3,13,A01
201700002396,0,33,000,00,2,7,01,B01
201700002396,0,07,000,00,2,6,15,A01
201700002397,2,07,000,00,2,2,17,B01
201700002397,2,07,000,06,2,9,02,A01
201700002398,1,07,000,00,0,9,01,A01
201700002399,2,10,000,00,2,3,13,A01
201700002399,1,07,000,00,2,1,01,B01
201700002400,0,34,000,00,2,7,17,A01
201700002400,0,07,000,00,2,2,10,B01
201700002401,0,07,000,00,2,7,15,A01
201700002401,0,33,000,00,2,1,01,B01
201700002402,1,30,000,16,0,1,01,A01
201700002403,0,30,000,00,2,1,02,A01
201700002403,0,07,000,00,2,3,02,B01
201700002404,1,07,000,00,1,1,01,A01
201700002405,0,07,000,06,0,2,01,A01
201700002406,1,07,000,00,2,3,13,A01
201700002406,2,07,000,00,2,3,01,B01
201700002407,1,03,000,06,0,1,01,A01
201700002408,0,02,000,04,0,3,13,A01
201700002409,1,33,000,00,0,1,01,A01
201700002410,0,07,000,13,0,1,01,A01
201700002411,1,02,000,00,0,0,01,A01
201700002412,2,07,000,00,0,9,01,A01
201700002413,0,07,000,00,2,1,13,A01
201700002413,0,07,000,00,2,1,01,B01
201700002414,0,07,000,00,2,1,01,B01
201700002414,1,02,000,00,0,5,01,A01
201700002415,1,99,000,00,1,0,01,A01
201700002416,1,33,000,00,2,3,13,A01
201700002416,2,07,000,00,2,3,01,B01
201700002417,2,07,000,00,1,3,01,A01
201700002418,0,07,000,00,2,1,15,A01
201700002418,0,07,000,00,2,1,16,B01
201700002419,2,07,000,00,2,1,01,B01
201700002419,1,07,000,00,2,1,13,A01
201700002420,2,07,000,00,1,1,01,A01
201700002421,2,07,000,08,2,1,13,A01
201700002421,2,07,000,00,0,5,23,B01
201700002422,1,07,000,00,2,2,15,A01
201700002422,2,02,000,00,0,1,01,B01
201700002423,2,07,000,00,2,3,15,A01
201700002423,2,33,000,15,2,5,17,B01
201700002424,2,07,000,00,2,1,15,A01
201700002424,1,07,000,08,2,3,01,B01
201700002425,2,07,000,01,1,1,01,A01
201700002425,2,07,000,13,0,1,01,C01
201700002426,0,07,000,00,1,2,01,A01
201700002427,0,31,000,00,2,1,01,A01
201700002427,0,07,000,00,2,8,19,B01
201700002428,2,01,000,00,2,0,16,B01
201700002428,1,07,000,00,2,8,01,A01
201700002429,0,07,000,00,2,3,13,A01
201700002429,0,07,000,00,2,3,01,B01
201700002430,1,07,000,00,2,7,15,B01
201700002430,2,07,000,00,2,1,19,A01
201700002431,1,07,000,00,1,3,01,A01
201700002432,1,07,000,00,1,3,01,A01
201700002433,0,07,000,00,2,3,02,A01
201700002433,0,01,000,00,2,8,15,B01
201700002434,1,07,000,00,2,2,02,B01
201700002434,1,31,000,00,2,6,10,A01
201700002435,1,01,000,00,0,4,01,B01
201700002435,1,07,000,00,2,1,02,A01
201700002436,0,07,000,02,0,2,01,A01
201700002437,0,07,000,00,2,1,01,B01
201700002437,0,33,000,00,2,4,01,A01
201700002438,2,02,000,00,2,1,02,A01
201700002438,2,07,000,00,0,6,23,B01
201700002439,1,07,000,02,0,3,16,A01
201700002440,0,07,000,00,1,1,16,A01
201700002441,0,07,000,00,1,2,01,A01
201700002442,2,07,000,00,2,3,01,A01
201700002442,1,01,000,00,2,3,15,B01
201700002443,1,07,000,02,0,1,17,A01
201700002444,0,07,000,00,2,3,01,A01
201700002444,0,10,000,00,2,3,01,B01
201700002445,1,07,000,00,2,1,05,A01
201700002445,2,07,000,00,2,1,01,B01
201700002445,2,07,000,00,2,2,01,C01
201700002446,0,33,000,00,2,0,01,A01
201700002446,0,17,000,00,2,8,01,B01
201700002447,0,02,000,00,2,1,01,A01
201700002447,0,07,000,00,2,3,06,B01
201700002448,1,07,000,06,0,1,01,A01
201700002449,1,07,000,00,2,2,13,A01
201700002449,2,07,000,00,2,7,01,B01
201700002450,0,07,000,00,1,3,01,A01
201700002451,0,33,000,08,0,3,01,A01
201700002452,1,07,000,00,2,1,17,A01
201700002452,1,07,000,00,0,6,15,B01
201700002453,2,31,000,08,0,1,16,A01
201700002454,1,07,000,00,2,1,13,A01
201700002454,2,14,000,00,2,3,01,B01
201700002455,0,01,000,00,2,8,19,B01
201700002455,0,07,000,00,9,1,01,A01
201700002456,0,02,000,00,2,8,02,B01
201700002456,0,07,000,00,2,1,15,A01
201700002457,1,07,000,00,2,1,01,A01
201700002457,2,07,000,00,2,7,01,B01
201700002458,1,07,000,13,0,9,01,A01
201700002459,1,07,000,08,0,2,01,A01
201700002460,0,07,000,12,0,3,01,A01
201700002461,1,07,000,00,0,4,01,B01
201700002461,1,32,000,00,2,1,02,A01
201700002462,0,10,000,00,2,3,21,C01
201700002462,0,10,000,00,2,3,01,B01
201700002462,0,10,000,00,2,1,05,A01
201700002463,1,07,000,00,9,1,01,A01
201700002464,0,07,000,07,2,3,01,A01
201700002464,0,07,000,00,2,2,19,B01
201700002465,0,07,000,00,0,4,15,A01
201700002465,0,07,000,00,2,3,02,B01
201700002466,1,33,000,07,0,1,13,A01
201700002467,2,07,000,06,0,1,14,A01
201700002468,0,07,000,16,2,2,01,A01
201700002468,0,07,000,16,2,8,09,B01
201700002469,0,33,000,00,0,7,19,A01
201700002469,0,07,000,00,0,2,21,B01
201700002470,1,07,000,06,0,1,02,A01
201700002471,0,33,000,00,2,8,01,A01
201700002471,0,07,000,00,2,1,01,B01
201700002472,1,07,000,02,0,1,01,A01
201700002473,0,33,000,00,0,7,23,A01
201700002474,0,07,000,00,2,1,01,A01
201700002474,0,07,000,00,2,1,13,B01
201700002475,2,33,000,00,2,1,01,A01
201700002475,2,10,000,00,2,5,15,B01
201700002476,1,07,000,00,0,4,15,A01
201700002476,1,33,000,00,2,1,02,B01
201700002477,1,33,000,12,0,1,01,A01
201700002478,2,33,000,00,2,1,02,A01
201700002478,2,07,000,00,2,5,02,B01
201700002479,1,07,000,01,0,1,01,A01
201700002479,1,07,000,00,2,4,01,B01
201700002480,1,07,000,00,2,3,01,A01
201700002480,2,07,000,00,2,3,01,B01
201700002481,1,07,000,00,2,1,13,A01
201700002481,2,07,000,00,2,1,01,B01
201700002482,1,14,000,00,2,1,01,B01
201700002482,2,07,000,00,2,1,13,A01
201700002483,1,33,000,00,2,1,17,A01
201700002483,1,15,000,00,2,8,15,B01
201700002484,0,14,000,00,0,7,15,A01
201700002485,0,14,000,02,0,2,00,A01
201700002486,2,14,000,00,2,3,01,B01
201700002486,1,07,000,00,2,3,17,A01
201700002487,1,14,000,13,0,7,01,A01
201700002488,0,14,000,00,1,2,02,A01
201700002489,1,07,000,00,2,5,15,B01
201700002489,1,02,000,00,2,1,01,A01
201700002490,0,07,000,00,0,9,00,A01
201700002491,1,07,000,09,0,0,01,A01
201700002492,0,33,000,00,1,0,01,A01
201700002493,2,34,000,00,0,1,02,A01
201700002493,2,07,000,00,0,4,02,B01
201700002494,0,07,000,00,2,3,09,B01
201700002494,0,02,000,00,2,7,01,A01
201700002495,0,07,000,13,0,1,13,A01
201700002496,0,07,000,00,2,8,15,B01
201700002496,0,33,000,00,2,7,17,A01
201700002497,0,07,000,00,2,1,01,B01
201700002497,0,07,000,00,2,1,17,A01
201700002498,1,07,000,00,0,3,01,A01
201700002499,0,07,000,00,1,1,00,A01
201700002500,2,07,000,00,2,1,17,B01
201700002500,1,07,000,00,2,1,01,A01
201700002501,0,21,000,00,2,1,21,B01
201700002501,0,07,000,00,2,3,13,A01
201700002502,2,02,000,00,2,8,02,B01
201700002502,1,07,000,00,2,5,02,A01
201700002503,2,07,000,13,0,9,00,A01
201700002504,1,33,000,00,2,3,01,B01
201700002504,1,07,000,00,2,3,15,A01
201700002505,0,02,000,00,0,7,01,A01
201700002506,1,10,000,00,1,2,00,A01
201700002507,1,07,000,00,2,3,13,A01
201700002507,2,07,000,00,2,3,00,B01
201700002508,0,07,000,00,2,1,01,A01
201700002508,0,07,000,00,2,2,01,B01
201700002509,1,02,000,00,0,4,16,B01
201700002509,1,07,000,00,2,2,01,A01
201700002510,2,07,000,00,2,2,02,A01
201700002510,2,01,000,00,9,4,01,B01
201700002511,0,02,000,00,2,2,17,B01
201700002511,0,07,000,00,2,3,15,A01
201700002512,1,33,000,00,2,2,17,A01
201700002512,1,07,000,00,2,8,01,B01
201700002513,1,07,000,00,1,1,01,A01
201700002514,0,07,000,00,2,3,09,A01
201700002514,0,33,000,00,2,1,01,B01
201700002515,2,07,000,00,0,4,01,A01
201700002515,2,02,000,00,2,1,01,B01
201700002516,1,07,000,00,2,1,01,B01
201700002516,1,07,000,00,0,6,19,A01
201700002517,2,02,000,00,2,1,01,B01
201700002517,1,07,000,00,2,2,15,A01
201700002518,1,07,000,00,2,4,15,B01
201700002518,1,07,000,00,2,1,01,A01
201700002519,0,07,000,00,2,2,01,A01
201700002519,0,31,000,00,2,4,00,B01
201700002520,2,33,000,00,0,1,01,A01
201700002520,2,07,000,00,0,1,15,B01
201700002521,1,07,000,00,2,5,15,A01
201700002521,2,02,000,00,2,1,01,B01
201700002522,1,07,000,06,0,1,01,A01
201700002523,0,07,000,00,2,1,00,B01
201700002523,0,07,000,00,2,7,13,A01
201700002524,0,07,000,00,1,7,01,A01
201700002525,0,07,000,00,2,5,15,A01
201700002525,0,02,000,00,0,1,01,B01
201700002526,0,07,000,00,2,3,13,A01
201700002526,0,33,000,00,2,1,01,B01
201700002527,2,10,000,00,2,3,00,B01
201700002527,1,01,000,00,2,0,01,A01
201700002528,0,07,000,00,0,8,01,B01
201700002528,0,02,000,00,2,1,01,A01
201700002529,0,07,000,00,1,1,02,A01
201700002529,0,07,000,00,0,4,02,C01
201700002529,0,07,000,00,1,4,02,B01
201700002530,1,07,000,16,0,9,01,A01
201700002531,2,07,000,00,2,3,01,B01
201700002531,1,07,000,00,2,3,06,A01
201700002532,1,31,000,00,0,0,01,A01
201700002533,1,07,000,00,2,6,01,B01
201700002533,1,33,000,00,2,1,01,A01
201700002534,2,07,000,00,2,1,01,B01
201700002534,2,07,000,00,2,2,15,A01
201700002535,0,07,000,06,0,1,02,A01
201700002536,0,02,000,00,2,2,01,B01
201700002536,0,07,000,00,2,6,04,A01
201700002537,1,03,000,00,2,1,00,B01
201700002537,2,07,000,00,2,3,00,A01
201700002538,1,07,000,00,1,2,01,A01
201700002539,1,07,000,00,2,9,09,A01
201700002539,2,07,000,13,2,9,01,B01
201700002540,1,07,000,00,2,2,17,A01
201700002540,2,07,000,00,2,3,01,B01
201700002541,1,01,000,00,0,0,01,A01
201700002542,1,33,000,00,0,7,01,A01
201700002543,1,07,000,02,0,9,01,A01
201700002544,0,33,000,08,0,1,01,A01
201700002545,1,02,000,00,2,1,01,B01
201700002545,2,07,000,00,0,5,15,A01
201700002546,2,07,000,00,2,8,01,B01
201700002546,2,07,000,00,2,1,01,C01
201700002546,1,07,000,00,2,1,13,A01
201700002547,1,02,000,00,0,0,01,A01
201700002548,1,07,000,00,2,1,19,A01
201700002548,2,01,000,00,2,7,02,B01
201700002549,1,13,000,00,2,3,01,C01
201700002549,2,10,000,00,0,6,02,B01
201700002549,1,33,000,00,2,1,02,A01
201700002550,1,02,000,16,0,1,01,A01
201700002551,0,33,000,00,0,0,01,A01
201700002552,1,07,000,00,0,1,01,B01
201700002552,2,07,000,00,0,1,01,A01
201700002553,1,02,000,13,0,2,14,A01
201700002554,0,07,000,00,1,2,01,A01
201700002555,1,07,000,00,1,3,01,A01
201700002556,0,07,000,00,0,0,13,A01
201700002557,2,07,000,00,2,1,01,B01
201700002557,1,07,000,00,2,2,15,A01
201700002558,1,07,000,00,2,3,17,A01
201700002558,2,07,000,00,2,1,02,B01
201700002558,1,07,000,04,2,1,01,C01
201700002558,2,07,000,00,2,1,01,E01
201700002558,2,14,000,04,2,1,01,F01
201700002558,2,07,000,00,2,7,01,G01
201700002559,2,14,000,16,0,9,19,A01
201700002560,2,07,000,00,2,7,13,A01
201700002560,1,14,000,00,2,1,01,B01
201700002561,2,14,000,00,0,8,02,A01
201700002562,1,07,000,00,2,3,13,A01
201700002562,2,15,000,00,2,6,01,B01
201700002562,2,14,000,00,2,6,02,C01
201700002562,2,07,000,00,9,1,02,D01
201700002563,0,17,000,13,1,8,23,A01
201700002564,2,07,000,00,2,3,13,A01
201700002564,1,14,000,00,2,3,05,B01
201700002565,1,33,000,00,2,7,17,A01
201700002565,1,15,000,00,0,0,02,B01
201700002566,1,07,000,00,2,1,13,A01
201700002566,2,14,000,00,2,1,01,B01
201700002567,0,01,000,00,0,7,17,A01
201700002567,0,01,000,00,0,8,00,B01
201700002568,1,33,000,00,0,4,02,A01
201700002568,1,10,000,00,2,3,17,B01
201700002568,1,07,000,00,2,1,09,C01
201700002569,0,34,000,15,0,0,17,A01
201700002570,1,31,000,04,0,7,01,A01
201700002571,0,07,000,00,2,1,01,A01
201700002571,0,07,000,00,2,1,13,B01
201700002572,1,07,000,02,0,7,17,A01
201700002573,0,07,000,00,9,3,16,A01
201700002573,0,01,000,00,2,1,01,B01
201700002574,1,07,000,00,2,3,13,A01
201700002574,2,01,000,00,2,1,01,B01
201700002575,0,07,000,00,2,3,13,A01
201700002575,0,33,000,00,2,3,01,B01
201700002576,1,07,000,00,2,1,01,B01
201700002576,0,02,000,00,2,7,01,A01
201700002577,2,07,000,00,0,1,15,A01
201700002577,1,33,000,13,0,1,00,B01
201700002578,2,33,000,15,0,1,01,A01
201700002579,0,39,001,00,2,1,01,B01
201700002579,0,01,000,00,4,7,01,A01
201700002580,1,07,000,08,2,1,01,B01
201700002580,0,07,000,00,2,7,15,A01
201700002581,1,07,000,00,9,1,01,A01
201700002581,1,01,000,00,2,4,01,B01
201700002582,0,33,000,00,2,1,01,A01
201700002582,0,07,000,00,2,2,15,B01
201700002583,0,07,000,00,1,3,16,A01
201700002584,1,33,000,00,2,1,13,A01
201700002584,2,33,000,00,2,1,01,B01
201700002585,1,07,000,08,2,7,15,A01
201700002585,2,07,000,00,2,1,01,B01
201700002585,0,17,000,00,2,3,23,C01
201700002586,2,33,000,02,0,1,01,A01
201700002587,1,07,000,04,0,3,01,A01
201700002588,2,34,000,00,2,3,13,A01
201700002588,1,10,000,00,2,3,01,B01
201700002589,2,07,000,00,2,3,13,A01
201700002589,1,07,000,00,2,3,01,B01
201700002590,0,07,000,00,2,1,13,A01
201700002590,0,07,000,00,2,1,01,B01
201700002591,2,07,000,00,2,3,15,A01
201700002591,1,02,000,00,2,6,01,B01
201700002592,0,07,000,00,2,3,01,A01
201700002592,0,31,000,00,2,1,15,B01
201700002593,2,07,000,02,0,3,01,A01
201700002594,2,07,000,01,1,1,01,A01
201700002595,1,07,000,00,0,2,01,A01
201700002596,1,07,000,00,2,1,05,A01
201700002596,0,07,000,00,2,1,01,B01
201700002597,1,07,000,05,0,1,01,A01
201700002598,1,33,000,00,2,1,17,A01
201700002598,2,07,000,00,2,1,01,B01
201700002599,2,33,000,00,9,0,17,A01
201700002599,2,07,000,00,0,0,02,B01
201700002600,2,07,000,00,2,3,13,A01
201700002600,1,07,000,00,2,6,01,B01
201700002600,1,07,000,00,2,3,01,C01
201700002601,2,07,000,02,0,9,13,A01
201700002602,2,07,000,03,2,7,19,A01
201700002602,1,07,000,00,2,1,01,B01
201700002603,1,07,000,03,0,8,13,A01
201700002604,1,07,000,00,9,3,01,A01
201700002604,2,01,000,00,2,1,01,B01
201700002605,0,33,000,00,2,1,17,A01
201700002605,0,07,000,00,2,3,17,B01
201700002606,1,07,000,00,2,1,01,A01
201700002606,2,33,000,00,2,1,01,B01
201700002607,2,07,000,13,0,2,01,A01
201700002608,1,07,000,00,1,1,01,A01
201700002609,2,07,000,01,1,3,13,B01
201700002610,1,33,000,00,2,2,05,A01
201700002610,2,33,000,00,2,2,01,B01
201700002611,1,07,000,00,2,5,15,A01
201700002611,2,33,000,00,2,1,01,B01
201700002612,1,07,000,00,9,7,17,A01
201700002612,1,01,000,00,2,8,02,B01
201700002612,1,01,000,00,2,8,02,C01
201700002613,1,07,000,00,0,8,15,A01
201700002613,1,33,000,00,2,1,17,B01
201700002614,1,07,000,04,0,0,00,A01
201700002615,0,07,000,00,1,1,01,A01
201700002616,0,07,000,06,0,1,01,A01
201700002617,0,07,000,06,0,2,14,A01
201700002618,1,07,000,00,2,3,05,A01
201700002618,2,07,000,00,2,3,05,B01
201700002619,1,07,000,00,2,7,01,A01
201700002619,2,07,000,00,2,1,01,B01
201700002620,0,07,000,00,1,3,00,A01
201700002621,2,07,000,04,0,0,02,A01
201700002622,1,07,000,00,0,0,00,A01
201700002623,1,33,000,04,0,2,01,A01
201700002624,2,33,000,00,2,2,17,A01
201700002624,2,07,000,00,2,3,02,B01
201700002625,1,33,000,00,2,1,01,A01
201700002625,2,07,000,00,2,3,10,B01
201700002626,2,07,000,00,1,2,01,A01
201700002627,2,10,000,00,1,1,01,A01
201700002628,1,33,000,00,0,0,01,A01
201700002629,2,07,000,13,0,1,01,A01
201700002630,2,10,000,03,0,3,06,A01
201700002631,2,07,000,02,0,8,01,A01
201700002632,2,07,000,00,2,3,01,A01
201700002632,1,07,000,00,2,6,00,B02
201700002633,0,07,000,06,0,8,00,A01
201700002634,1,37,000,00,1,7,01,A01
201700002635,0,07,000,00,1,1,01,A01
201700002636,1,07,000,13,0,1,01,A01
201700002637,2,07,000,06,0,2,01,A01
201700002638,1,07,000,00,2,3,15,A01
201700002638,2,07,000,00,2,3,01,B01
201700002639,1,33,000,13,0,0,14,A01
201700002639,2,07,000,,,,,A02
201700002640,0,07,000,00,1,1,02,A01
201700002641,0,33,000,00,0,2,01,A01
201700002642,0,33,000,00,0,0,01,A01
201700002643,2,33,000,04,0,0,00,A01
201700002644,2,33,000,04,0,3,00,A01
201700002645,2,01,000,00,2,8,03,A01
201700002645,1,07,000,,2,8,01,B02
201700002646,2,33,000,00,0,8,01,A01
201700002647,2,01,000,00,2,1,02,A01
201700002647,2,01,000,00,2,8,10,B01
201700002648,0,07,000,02,0,1,01,A01
201700002649,0,07,000,00,2,7,19,A01
201700002649,0,02,000,00,2,1,01,B01
201700002650,1,07,000,00,1,2,01,A01
201700002651,0,07,000,16,0,1,01,A01
201700002652,0,07,000,00,1,5,04,A01
201700002653,2,33,000,13,0,1,01,A01
201700002654,1,10,000,00,2,7,01,A01
201700002654,1,01,000,00,2,8,01,B01
201700002655,1,33,000,00,0,9,01,A01
201700002656,1,07,000,00,2,7,17,A01
201700002656,1,01,000,00,2,8,02,B01
201700002657,2,01,000,00,0,0,01,A01
201700002658,0,07,000,02,0,0,01,A01
201700002659,0,07,000,00,1,3,01,A01
201700002660,1,07,000,00,1,3,01,A01
201700002661,1,33,000,00,2,1,17,B01
201700002661,1,07,000,00,2,8,15,A01