Num_Acc,senc,catv,occutc,obs,obsm,choc,manv,num_veh
201700003819,0,07,000,00,2,1,16,A01
201700003819,0,07,000,00,2,2,01,B01
201700003820,0,07,000,02,0,1,19,A01
201700003821,0,07,000,00,2,3,01,B01
201700003821,0,07,000,00,2,3,13,A01
201700003822,1,07,000,13,0,8,01,A01
201700003823,0,07,000,16,2,3,01,B01
201700003823,0,07,000,00,2,3,13,A01
201700003824,0,07,000,00,0,5,15,B01
201700003824,0,34,000,00,2,1,01,A01
201700003825,2,34,000,00,2,1,01,A01
201700003825,0,10,000,00,2,7,15,B01
201700003826,0,07,000,00,1,3,15,A01
201700003827,2,07,000,00,1,1,00,A01
201700003828,1,07,000,00,1,1,01,A01
201700003829,2,07,000,00,2,8,09,A01
201700003829,1,33,000,00,2,1,01,B01
201700003830,2,07,000,00,0,5,01,B01
201700003830,2,07,000,02,2,3,21,A01
201700003831,2,07,000,00,2,1,13,A01
201700003831,1,07,000,00,2,1,01,B01
201700003832,1,07,000,06,0,1,15,A01
201700003833,1,33,000,00,1,1,01,A01
201700003834,0,07,000,00,1,3,01,A01
201700003835,0,07,000,00,2,3,15,B01
201700003835,0,33,000,00,2,1,01,A01
201700003836,1,07,000,00,2,8,15,A01
201700003836,1,33,000,00,2,1,01,B01
201700003837,0,07,000,00,2,7,01,B01
201700003837,0,33,000,00,2,1,19,A01
201700003838,2,33,000,03,2,1,17,B01
201700003838,2,07,000,00,2,8,15,A01
201700003839,1,07,000,08,0,7,14,A01
201700003840,1,15,000,00,1,1,01,A01
201700003841,1,07,000,00,2,3,15,A01
201700003841,2,07,000,00,2,1,01,B01
201700003842,0,07,000,00,2,7,15,B01
201700003842,0,33,000,00,2,1,01,A01
201700003843,1,07,000,00,2,3,01,B01
201700003843,0,07,000,00,2,3,13,A01
201700003844,1,02,000,00,2,8,09,A01
201700003844,1,16,000,00,2,1,01,B01
201700003845,0,07,000,00,2,7,15,A01
201700003845,0,33,000,00,2,1,01,B01
201700003846,0,07,000,00,2,8,19,A01
201700003846,0,33,000,00,2,1,01,B01
201700003847,0,07,000,07,2,3,01,B01
201700003847,0,07,000,07,2,1,01,A01
201700003848,1,07,000,06,0,3,16,A01
201700003849,0,07,000,00,1,3,01,A01
201700003850,1,07,000,13,0,2,01,A01
201700003851,0,07,000,00,2,1,02,B01
201700003851,0,33,000,00,2,4,02,A01
201700003852,1,07,000,00,2,2,21,B01
201700003852,2,33,000,04,2,1,13,A01
201700003853,1,33,000,02,0,1,01,A01
201700003854,1,02,000,00,0,8,13,A01
201700003855,1,34,000,14,0,2,06,A01
201700003856,1,07,000,00,2,2,00,A01
201700003856,2,07,000,13,2,3,01,B01
201700003857,0,01,000,00,0,4,02,D01
201700003857,0,01,000,00,0,0,02,C01
201700003857,0,01,000,00,0,4,02,E01
201700003857,0,14,000,00,2,2,17,A01
201700003857,0,01,000,00,0,4,02,F01
201700003857,0,01,000,00,2,4,01,B01
201700003858,2,07,000,10,0,0,14,A01
201700003859,2,14,000,00,9,3,01,A01
201700003860,2,07,000,00,2,3,01,B01
201700003860,2,07,000,00,2,2,15,A01
201700003861,1,07,000,00,0,1,01,A01
201700003862,2,07,000,00,2,6,23,B01
201700003862,2,02,000,14,2,2,02,A01
201700003863,0,07,000,00,2,1,16,A01
201700003863,0,07,000,00,2,8,15,B01
201700003864,1,07,000,00,0,6,02,B01
201700003864,1,30,000,00,2,1,02,A01
201700003865,1,07,000,00,2,3,15,A01
201700003865,2,34,000,00,2,1,01,B01
201700003866,1,07,000,02,0,1,01,A01
201700003867,1,99,000,00,0,0,01,A01
201700003868,1,07,000,00,2,1,13,A01
201700003868,2,07,000,00,2,1,01,B01
201700003869,1,31,000,02,0,2,13,A01
201700003870,1,07,000,02,2,8,01,B01
201700003870,2,07,000,00,2,3,17,A01
201700003871,2,33,000,00,6,3,01,A01
201700003872,2,07,000,00,2,2,01,B01
201700003872,1,33,000,00,2,2,13,A01
201700003873,1,07,000,00,0,0,01,A01
201700003874,1,33,000,00,0,3,00,A01
201700003875,1,33,000,00,0,7,01,A01
201700003876,1,33,000,00,2,1,05,A01
201700003876,2,07,000,00,2,6,01,B01
201700003877,2,07,000,01,0,1,01,A01
201700003878,2,36,000,00,0,1,14,A01
201700003879,1,33,000,00,0,0,01,A01
201700003880,1,33,000,00,0,1,01,A01
201700003881,2,33,000,00,0,7,01,A01
201700003882,2,33,000,00,2,0,01,A01
201700003882,1,07,000,00,9,3,01,B01
201700003883,2,15,000,00,2,8,13,A01
201700003883,1,07,000,00,2,3,01,B01
201700003884,2,01,000,00,0,6,02,B01
201700003884,2,07,000,00,2,2,01,A01
201700003885,2,07,000,02,0,1,01,A01
201700003886,1,33,000,00,2,3,13,B01
201700003886,2,33,000,00,2,3,13,A01
201700003887,1,07,000,00,2,3,01,B01
201700003887,2,33,000,00,2,1,01,A01
201700003888,2,33,000,00,2,1,01,B01
201700003888,1,07,000,10,2,3,13,A01
201700003889,1,33,000,00,0,0,00,A01
201700003890,2,33,000,16,0,0,01,A01
201700003891,1,33,000,00,2,3,13,A01
201700003891,2,07,000,00,2,3,01,B01
201700003892,2,33,000,00,0,3,01,A01
201700003893,1,33,000,00,2,1,13,A01
201700003893,2,33,000,00,2,1,01,B01
201700003894,2,33,000,00,0,0,01,A01
201700003895,1,33,000,03,0,8,01,A01
201700003896,1,33,000,13,0,1,21,A01
201700003897,1,33,000,03,0,7,01,A01
201700003898,1,33,000,02,0,0,01,A01
201700003899,2,07,000,00,2,3,01,B01
201700003899,1,07,000,00,2,3,01,C01
201700003899,1,07,000,00,2,2,05,A01
201700003900,1,07,000,00,2,1,01,C01
201700003900,1,07,000,00,2,7,01,E01
201700003900,1,07,000,00,2,2,01,D01
201700003900,2,07,000,00,2,7,13,A01
201700003900,1,07,000,00,2,8,01,B01
201700003901,1,33,000,00,2,1,17,A01
201700003901,0,07,000,00,0,8,15,B01
201700003902,1,33,000,00,2,1,21,B01
201700003902,0,07,000,00,2,8,01,A01
201700003903,2,30,000,00,2,3,01,B01
201700003903,1,07,000,00,2,3,13,A01
201700003904,2,33,000,01,0,1,01,B01
201700003904,2,07,000,00,2,6,23,A01
201700003905,0,10,000,00,1,3,01,A01
201700003906,2,07,000,00,2,2,13,A01
201700003906,1,07,000,00,2,2,00,B01
201700003907,1,33,000,00,2,1,05,A01
201700003907,2,07,000,00,2,1,01,B01
201700003908,2,07,000,00,2,2,01,A01
201700003908,2,10,000,00,2,2,01,B01
201700003909,2,01,000,00,2,8,14,B01
201700003909,1,07,000,00,2,3,15,A01
201700003910,2,07,000,03,2,3,01,B01
201700003910,1,07,000,00,2,3,01,A01
201700003911,1,14,000,02,0,1,01,A01
201700003912,2,07,000,02,0,0,01,A01
201700003913,1,07,000,13,0,8,01,A01
201700003914,1,07,000,15,0,1,01,A01
201700003915,1,33,000,00,2,2,13,A01
201700003915,2,10,000,00,2,2,05,B01
201700003916,1,33,000,00,2,7,13,A01
201700003916,2,07,000,00,2,2,01,B01
201700003917,0,07,000,15,0,3,16,A01
201700003918,2,07,000,13,0,1,01,A01
201700003919,2,10,000,00,2,1,01,A01
201700003919,1,07,000,13,2,1,01,B01
201700003920,2,07,000,13,0,9,01,A01
201700003921,1,33,000,00,2,2,01,A01
201700003921,2,01,000,00,0,8,23,B01
201700003922,1,07,000,14,0,1,01,A01
201700003922,1,10,000,14,0,4,23,B01
201700003922,1,07,000,00,0,4,23,C01
201700003923,2,07,000,04,0,1,13,A01
201700003924,0,07,000,00,1,4,04,A01
201700003925,2,07,000,00,2,2,15,A01
201700003925,1,01,000,00,2,1,01,B01
201700003926,0,07,000,13,0,0,01,A01
201700003927,2,07,000,00,2,3,15,A01
201700003927,1,33,000,00,2,8,01,B01
201700003928,2,07,000,00,5,1,00,A01
201700003929,1,07,000,00,2,3,13,A01
201700003929,2,10,000,00,2,1,00,B01
201700003930,1,33,000,00,2,1,01,B01
201700003930,0,07,000,00,2,3,09,A01
201700003931,2,33,000,00,0,1,13,A01
201700003932,2,07,000,02,0,8,00,A01
201700003933,1,07,000,00,1,4,20,A01
201700003934,0,07,000,00,1,1,15,A01
201700003935,2,07,000,06,0,2,01,A01
201700003936,2,33,000,00,0,0,01,A01
201700003936,1,14,000,00,0,0,13,B01
201700003937,2,33,000,00,2,1,01,B01
201700003937,1,07,000,00,2,2,19,A01
201700003938,2,33,000,00,2,1,01,B01
201700003938,2,07,000,00,2,2,19,A01
201700003939,2,07,000,00,2,2,13,A01
201700003939,1,07,000,00,2,1,01,B01
201700003940,1,33,000,00,2,8,01,A01
201700003940,2,20,000,00,2,8,01,B01
201700003941,1,07,000,03,0,3,13,A01
201700003942,0,07,000,00,0,6,15,A01
201700003942,0,33,000,00,2,2,17,B01
201700003943,1,07,000,13,0,1,16,A01
201700003944,0,10,000,01,1,3,01,A01
201700003945,1,07,000,00,2,8,15,A01
201700003945,1,33,000,00,2,1,17,B01
201700003946,0,07,000,00,2,3,13,A01
201700003946,0,07,000,00,2,1,01,B01
201700003947,0,33,000,14,0,1,01,A01
201700003948,1,07,000,00,2,1,19,A01
201700003948,2,07,000,00,2,1,01,B01
201700003949,2,13,000,00,1,1,01,A01
201700003950,2,07,000,06,0,1,01,A01
201700003951,1,07,000,02,0,2,01,A01
201700003951,1,07,000,00,2,1,01,B01
201700003952,1,33,000,00,6,1,01,A01
201700003953,0,07,000,00,0,0,00,A01
201700003954,0,10,000,00,2,3,01,A01
201700003954,0,31,000,00,2,3,13,B01
201700003955,0,33,000,04,0,2,01,A01
201700003956,0,34,000,00,0,5,00,A01
201700003957,0,14,000,00,9,6,01,A01
201700003957,0,01,000,00,2,0,21,B01
201700003958,0,07,000,00,2,3,15,A01
201700003958,2,33,000,00,2,1,01,B01
201700003959,0,07,000,06,0,1,00,A01
201700003960,2,30,000,00,2,1,01,A01
201700003960,0,10,000,00,2,3,19,B01
201700003961,0,07,000,00,2,3,02,A01
201700003961,0,07,000,06,2,1,17,B01
201700003962,0,33,000,08,0,1,01,A01
201700003963,2,34,000,13,0,7,01,A01
201700003964,0,07,000,00,1,4,04,A01
201700003965,0,33,000,00,0,1,05,A01
201700003965,0,07,000,00,0,2,01,B01
201700003966,1,07,000,06,0,2,02,A01
201700003967,1,33,000,15,0,0,01,A01
201700003968,2,07,000,06,0,3,01,A01
201700003969,2,30,000,06,0,7,00,A01
201700003970,2,33,000,13,0,7,00,A01
201700003971,2,14,000,01,0,1,14,A01
201700003971,0,07,000,09,0,4,24,B01
201700003972,0,01,000,00,1,1,01,A01
201700003973,1,07,000,00,1,3,15,A01
201700003974,2,32,000,00,2,3,03,B01
201700003974,1,07,000,00,2,3,01,A01
201700003975,0,07,000,00,1,4,04,A01
201700003976,0,32,000,00,2,2,11,B01
201700003976,0,07,000,00,2,3,02,A01
201700003977,2,07,000,00,2,3,01,A01
201700003977,1,02,000,00,2,3,17,B01
201700003978,0,07,000,00,1,7,03,A01
201700003979,0,07,000,00,1,3,15,A01
201700003980,1,33,000,00,1,2,01,A01
201700003981,1,33,000,00,0,6,01,A01
201700003982,1,33,000,00,0,0,01,A01
201700003983,2,33,000,13,0,0,01,A01
201700003984,0,02,000,15,0,3,00,A01
201700003985,0,33,000,00,0,0,01,A01
201700003986,0,07,000,00,2,1,00,A01
201700003986,0,01,000,00,2,1,00,B01
201700003987,2,32,000,13,0,2,01,A01
201700003988,2,30,000,00,1,1,02,A01
201700003989,2,07,000,00,2,5,11,A01
201700003989,1,33,000,00,2,7,01,B01
201700003990,1,07,000,04,0,2,00,A01
201700003991,1,33,000,00,2,5,01,B01
201700003991,0,07,000,00,2,1,16,A01
201700003992,1,30,000,01,0,1,01,A01
201700003993,1,33,000,04,0,8,11,A01
201700003994,1,33,000,00,2,1,13,A01
201700003994,2,07,000,00,2,1,01,B01
201700003995,1,33,000,00,0,9,01,A01
201700003996,0,07,000,00,0,4,20,A01
201700003996,0,02,000,00,2,1,02,B01
201700003997,0,07,000,00,2,2,17,A01
201700003997,0,33,000,00,2,8,02,B01
201700003998,0,33,000,05,0,4,01,A01
201700003999,0,07,000,00,1,2,01,A01
201700004000,1,07,000,00,1,3,02,A01
201700004001,1,07,000,00,2,2,01,A01
201700004001,2,07,000,00,2,5,09,B01
201700004002,0,07,000,00,1,3,01,A01
201700004003,1,07,000,00,2,1,17,A01
201700004003,2,10,000,00,0,1,01,B01
201700004004,2,33,000,06,0,8,00,A01
201700004005,2,07,000,06,0,1,00,A01
201700004006,2,07,000,00,2,2,01,C01
201700004006,1,07,000,00,2,3,13,A01
201700004006,2,33,000,00,2,8,01,B01
201700004007,2,07,000,02,0,2,01,A01
201700004008,2,07,000,00,2,8,01,B01
201700004008,1,33,000,00,2,8,13,A01
201700004009,1,33,000,13,2,1,13,A01
201700004009,2,07,000,00,2,1,01,B01
201700004010,1,07,000,00,2,1,01,B01
201700004010,2,07,000,00,2,1,13,A01
201700004011,1,07,000,13,0,1,01,A01
201700004012,1,07,000,00,2,3,01,A01
201700004012,2,13,000,00,2,3,01,B01
201700004013,2,07,000,00,2,6,01,A01
201700004013,2,02,000,00,2,1,15,B01
201700004014,1,07,000,00,2,3,19,A01
201700004014,2,34,000,00,2,1,00,B01
201700004015,1,02,000,06,0,7,01,A01
201700004016,0,07,000,13,0,2,01,A01
201700004017,1,33,000,00,6,1,01,A01
201700004018,2,33,000,03,0,2,01,A01
201700004019,2,07,000,13,2,9,13,A01
201700004019,1,07,000,00,2,3,01,C01
201700004019,1,07,000,00,2,1,01,B01
201700004020,1,10,000,02,0,8,01,A01
201700004021,2,01,000,00,2,1,01,B01
201700004021,1,07,000,00,9,6,09,A01
201700004022,2,07,000,02,0,9,14,A01
201700004023,2,07,000,00,2,8,15,B01
201700004023,1,02,000,00,2,7,01,A01
201700004024,0,07,000,13,0,2,00,A01
201700004025,2,07,000,02,0,7,14,A01
201700004026,1,07,000,06,0,1,19,A01
201700004027,2,33,000,00,2,8,13,B01
201700004027,1,07,000,00,2,1,01,A01
201700004028,2,34,000,02,0,1,14,A01
201700004029,2,33,000,00,2,1,02,A01
201700004029,2,10,000,00,0,4,02,B01
201700004030,2,07,000,02,0,3,19,A01
201700004031,2,07,000,00,0,5,01,B01
201700004031,1,07,000,00,2,2,15,A01
201700004032,0,02,000,00,0,7,01,A01
201700004033,1,07,000,02,0,1,13,A01
201700004034,0,07,000,00,2,3,15,A01
201700004034,0,34,000,00,2,1,01,B01
201700004035,2,02,000,00,2,1,03,A01
201700004035,0,07,000,00,2,3,19,B01
201700004036,1,07,000,00,2,2,02,A01
201700004036,1,07,000,00,2,6,02,B01
201700004037,1,07,000,08,0,4,17,A01
201700004038,0,07,000,00,2,0,00,B01
201700004038,0,02,000,00,2,3,00,A01
201700004039,0,07,000,00,2,3,01,A01
201700004039,0,02,000,00,2,1,01,B01
201700004040,0,07,000,00,1,2,09,A01
201700004041,2,10,000,13,0,1,00,A01
201700004042,0,02,000,00,2,1,09,B01
201700004042,2,07,000,00,2,1,09,A01
201700004043,2,02,000,00,2,1,05,B01
201700004043,1,07,000,00,2,1,05,A01
201700004044,0,02,000,00,2,2,05,A01
201700004044,0,10,000,00,2,2,01,B01
201700004045,2,10,000,02,0,3,00,A01
201700004046,2,07,000,00,2,2,13,A01
201700004046,1,07,000,00,2,1,01,B01
201700004047,1,07,000,02,0,3,14,A01
201700004048,1,15,000,00,0,0,00,A01
201700004049,2,07,000,00,0,9,21,A01
201700004050,1,07,000,00,2,1,01,B01
201700004050,2,07,000,00,2,7,00,A01
201700004051,2,07,000,00,2,1,01,B01
201700004051,1,10,000,00,2,7,11,A01
201700004052,2,07,000,00,2,1,01,A01
201700004052,1,07,000,03,2,3,01,B01
201700004053,1,33,000,13,0,0,16,A01
201700004054,2,30,000,00,2,1,01,B01
201700004054,1,07,000,00,2,7,15,A01
201700004055,1,07,000,02,0,1,14,A01
201700004056,1,07,000,00,2,8,01,B01
201700004056,2,33,000,00,2,1,13,A01
201700004057,2,33,000,00,2,1,01,B01
201700004057,1,07,000,00,2,2,19,A01
201700004058,2,32,000,00,2,1,01,A01
201700004058,1,07,000,00,2,1,01,B01
201700004059,1,07,000,00,1,1,00,A01
201700004060,1,07,000,00,0,1,01,B01
201700004060,2,07,000,00,0,1,13,A01
201700004061,1,07,000,00,0,9,01,A01
201700004062,2,07,000,00,2,3,02,A01
201700004062,2,07,000,00,2,4,01,B01
201700004062,1,07,000,00,2,8,01,C01
201700004063,2,33,000,00,2,1,02,A01
201700004063,2,07,000,00,2,5,02,B01
201700004064,0,07,000,02,0,1,01,A01
201700004065,1,07,000,00,0,4,01,A01
201700004065,1,07,000,00,2,4,02,B01
201700004065,1,07,000,00,2,1,02,C01
201700004066,2,07,000,13,0,3,01,A01
201700004067,1,33,000,00,2,7,02,B01
201700004067,1,32,000,00,2,8,02,A01
201700004068,1,07,000,02,0,1,00,A01
201700004069,2,07,000,00,2,7,01,B01
201700004069,2,01,000,00,2,1,01,A01
201700004070,1,33,000,00,2,1,01,A01
201700004070,2,07,000,00,2,2,01,B01
201700004071,1,02,000,00,2,1,01,B01
201700004071,1,07,000,00,2,2,15,A01
201700004072,2,07,000,00,2,1,09,B01
201700004072,2,31,000,00,0,4,01,A01
201700004073,0,33,000,00,0,1,01,A01
201700004074,2,07,000,00,0,0,01,A01
201700004075,0,33,000,00,2,1,01,A01
201700004075,0,07,000,00,0,8,19,B01
201700004076,2,07,000,00,0,0,00,A01
201700004077,2,10,000,00,2,8,01,A01
201700004077,0,01,000,00,2,7,19,B01
201700004078,1,02,000,00,2,1,01,B01
201700004078,0,07,000,00,2,3,19,A01
201700004079,1,07,000,15,0,4,15,B01
201700004079,1,07,000,00,2,1,02,A01
201700004080,2,33,000,00,0,7,01,A01
201700004081,0,07,000,00,1,2,01,A01
201700004082,2,07,000,00,2,1,15,A01
201700004082,1,07,000,00,2,3,01,B01
201700004083,2,33,000,14,0,1,00,A01
201700004084,1,07,000,00,2,7,15,B01
201700004084,1,33,000,00,2,1,01,A01
201700004085,0,30,000,00,2,1,01,A01
201700004085,0,13,000,00,2,5,19,B01
201700004086,2,33,000,06,0,2,01,A01
201700004087,0,07,000,02,0,1,01,A01
201700004088,2,07,000,00,2,1,01,B01
201700004088,1,33,000,00,2,1,17,A01
201700004088,1,07,000,00,2,6,02,C01
201700004089,1,07,000,00,2,2,01,A01
201700004089,1,07,000,00,2,6,10,B01
201700004090,1,34,000,00,2,1,13,A01
201700004090,2,15,000,00,2,3,02,B01
201700004091,1,02,000,00,2,1,05,A01
201700004091,2,07,000,00,2,1,21,B01
201700004092,1,34,000,00,2,1,17,B01
201700004092,1,07,000,00,2,8,01,A01
201700004093,0,07,000,13,0,0,00,A01
201700004094,1,07,000,00,1,2,01,A01
201700004095,1,10,000,00,2,7,16,A01
201700004095,1,32,000,00,2,1,01,B01
201700004096,1,07,000,00,2,7,15,A01
201700004096,2,33,000,00,2,1,01,B01
201700004097,1,07,000,00,2,8,01,C01
201700004097,2,34,000,00,2,3,17,A01
201700004097,1,07,000,00,2,3,01,B01
201700004097,1,07,000,00,2,6,01,D01
201700004098,1,07,000,01,1,3,01,A01
201700004098,2,07,000,00,2,8,22,C01
201700004099,2,07,000,00,2,6,13,A01
201700004099,1,07,000,00,2,8,01,B01
201700004100,2,07,000,00,2,6,15,A01
201700004100,1,30,000,00,2,0,01,B01
201700004101,2,07,000,00,2,1,01,B01
201700004101,1,30,000,00,2,1,01,A01
201700004102,2,02,000,00,1,2,01,A01
201700004103,1,07,000,00,2,6,01,C01
201700004103,2,07,000,00,2,3,01,B01
201700004103,1,33,000,00,2,1,13,A01
201700004104,1,01,000,00,0,0,01,A01
201700004105,2,31,000,00,2,1,17,B01
201700004105,2,07,000,00,2,3,15,A01
201700004106,2,34,000,00,2,1,01,A01
201700004106,2,07,000,00,0,4,23,B01
201700004107,0,07,000,00,1,3,01,A01
201700004108,0,33,000,08,2,1,24,A01
201700004109,2,07,000,00,2,6,15,A01
201700004109,2,31,000,00,2,1,17,B01
201700004110,1,07,000,02,0,9,01,A01
201700004111,2,07,000,00,0,2,01,A01
201700004112,1,07,000,00,1,2,01,A01
201700004113,1,33,000,00,2,1,17,A01
201700004113,1,07,000,00,2,8,15,B01
201700004114,1,02,000,14,0,8,17,A01
201700004115,2,07,000,00,2,1,13,A01
201700004115,1,07,000,00,2,1,01,B01
201700004116,1,07,000,01,1,1,14,A01
201700004116,1,07,000,00,0,3,24,B01
201700004117,1,07,000,00,2,2,15,A01
201700004117,2,34,000,00,2,8,01,B01
201700004118,2,07,000,00,2,2,15,A01
201700004118,1,32,000,00,2,1,01,B01
201700004119,1,33,000,00,2,7,17,A01
201700004119,1,10,000,00,2,8,01,B01
201700004120,2,33,000,00,6,1,00,A01
201700004121,1,07,000,00,1,1,01,A01
201700004122,0,10,000,00,0,0,05,A01
201700004122,0,30,000,00,0,0,21,B01
201700004123,2,07,000,00,2,3,19,A01
201700004123,2,33,000,00,2,1,01,B01
201700004124,2,07,000,00,2,8,15,A01
201700004124,1,02,000,00,2,1,01,B01
201700004125,0,02,000,11,0,1,01,A01
201700004126,1,01,000,00,1,1,01,A01
201700004127,0,07,000,00,1,3,15,A01
201700004128,0,07,000,00,2,3,15,A01
201700004128,0,34,000,00,2,1,01,B01
201700004129,0,02,000,06,0,0,00,A01
201700004130,0,07,000,00,2,1,01,A01
201700004130,0,07,000,00,2,7,14,B01
201700004131,1,07,000,00,2,3,01,B01
201700004131,1,33,000,00,2,1,13,A01
201700004132,0,32,000,00,2,1,01,A01
201700004133,1,07,000,00,0,7,02,B01
201700004133,1,33,000,00,2,3,02,A01
201700004133,1,07,000,00,0,5,01,C01
201700004134,1,34,000,00,2,1,17,A01
201700004134,2,07,000,00,2,3,01,B01
201700004135,2,07,000,00,0,3,10,A01
201700004135,1,07,000,04,2,1,01,B01
201700004136,1,07,000,11,0,9,01,A01
201700004137,1,02,000,00,2,0,01,A01
201700004137,1,10,000,00,0,5,01,B01
201700004138,1,02,000,14,0,1,01,B01
201700004138,1,07,000,05,0,3,15,A01
201700004139,0,34,000,00,1,1,01,A01
201700004140,0,07,000,02,0,1,14,A01
201700004141,2,02,000,06,0,2,01,A01
201700004142,0,07,000,00,2,1,01,B01
201700004142,0,02,000,00,2,8,21,C01
201700004142,0,02,000,00,2,1,05,A01
201700004143,2,07,000,00,1,3,01,A01
201700004144,1,33,000,14,0,1,13,A01
201700004145,2,07,000,00,2,3,15,A01
201700004145,1,07,000,00,2,3,01,B01
201700004146,2,33,000,00,2,1,13,A01
201700004146,1,07,000,00,2,3,01,B01
201700004147,1,07,000,04,0,1,06,A01
201700004148,2,07,000,00,2,3,00,B01
201700004148,1,31,000,00,2,1,13,A01
201700004149,2,33,000,12,0,1,00,A01
201700004150,2,33,000,00,2,1,01,B01
201700004150,1,07,000,00,2,2,10,A01
201700004151,0,07,000,00,9,7,01,A01
201700004151,0,01,000,00,2,1,15,B01
201700004152,2,07,000,00,2,8,15,B01
201700004152,1,07,000,00,2,1,01,A01
201700004152,2,33,000,00,2,7,17,C01
201700004153,0,33,000,00,0,0,00,A01
201700004154,2,33,000,04,0,7,14,A01
201700004155,1,07,000,02,0,1,13,A01
201700004156,2,07,000,00,1,3,01,A01
201700004157,2,33,000,00,2,7,21,B01
201700004157,2,07,000,00,2,8,09,A01
201700004158,1,07,000,00,1,2,00,A01
201700004159,1,07,000,13,0,1,02,A01
201700004160,0,07,000,00,1,1,01,A01
201700004161,2,07,000,00,2,2,15,A01
201700004161,1,33,000,00,2,1,00,B01
201700004162,0,07,000,00,1,1,01,A01
201700004163,1,20,000,00,2,8,01,A01
201700004163,1,07,000,00,9,3,01,B01
201700004164,1,02,000,00,2,2,17,A01
201700004164,1,07,000,00,2,6,15,B01
201700004165,2,30,000,00,2,8,09,B01
201700004165,2,07,000,00,2,2,09,A01
201700004166,2,33,000,00,2,1,13,A01
201700004166,1,07,000,00,9,1,01,B01
201700004167,0,07,000,00,2,1,15,A01
201700004167,0,33,000,00,2,1,01,B01
201700004168,2,07,000,00,2,3,13,B02
201700004168,2,07,000,00,2,3,13,A01
201700004169,2,07,000,00,0,4,01,B01
201700004169,2,32,000,00,2,1,01,A01
201700004170,0,02,000,04,0,7,01,A01
201700004171,2,07,000,15,0,3,01,A01
201700004172,1,07,000,07,1,2,14,A01
201700004173,0,10,000,12,1,2,14,A01
201700004174,1,07,000,00,2,2,15,A01
201700004174,2,33,000,00,2,3,15,B01
201700004175,2,33,000,02,0,2,01,A01
201700004176,1,02,000,01,0,1,01,A01
201700004177,1,07,000,00,0,5,15,B01
201700004177,1,33,000,00,2,3,18,A01
201700004178,1,32,000,02,0,2,01,A01
201700004179,1,07,000,00,1,2,01,A01
201700004180,1,32,000,00,6,1,01,A01
201700004181,0,07,000,00,2,1,01,B01
201700004181,0,02,000,00,2,1,05,A01
201700004182,0,07,000,00,1,2,01,A01
201700004183,1,30,000,00,9,1,16,A01
201700004183,2,07,000,00,0,0,00,B01
201700004183,0,07,000,00,0,0,00,C01
201700004184,0,07,000,00,1,0,17,A01
201700004185,1,07,000,00,2,1,01,B01
201700004185,1,02,000,00,2,8,19,A01
201700004186,1,07,000,00,2,3,13,A01
201700004186,2,07,000,00,2,3,01,B01
201700004187,1,07,000,00,2,3,11,B01
201700004187,1,34,000,00,2,2,17,A01
201700004188,0,07,000,00,2,1,15,A01
201700004188,0,07,000,00,2,0,00,B01
201700004189,0,07,000,00,2,1,09,A01
201700004189,0,34,000,00,2,5,01,B01
201700004190,1,07,000,00,2,1,02,A01
201700004190,1,15,000,00,0,4,02,B01
201700004191,1,07,000,04,0,3,16,A01
201700004192,1,07,000,00,1,2,09,A01
201700004193,0,07,000,00,1,4,04,A01
201700004194,1,10,000,00,2,3,01,A01
201700004194,1,07,000,00,2,4,23,B01
201700004194,2,07,000,00,2,3,01,C01
201700004195,1,07,000,00,2,2,02,A01
201700004195,1,01,000,00,0,4,01,B01
201700004196,2,07,000,12,0,1,01,A01
201700004197,1,07,000,00,2,7,15,A01
201700004197,2,33,000,00,2,1,01,B01
201700004198,1,07,000,00,2,1,15,A01
201700004198,0,33,000,00,2,7,01,B01
201700004199,2,07,000,16,2,1,13,A01
201700004199,1,07,000,00,2,1,01,B01
201700004200,2,07,000,00,0,6,15,B01
201700004200,2,33,000,00,2,2,02,A01
201700004201,1,07,000,00,2,2,15,A01
201700004201,2,07,000,00,2,3,01,B01
201700004202,2,07,000,00,0,1,15,A01
201700004202,1,33,000,00,2,1,01,B01
201700004203,1,07,000,00,2,1,13,A01
201700004203,2,07,000,00,2,3,01,B01
201700004204,2,14,000,00,2,1,02,A01
201700004204,2,07,000,00,2,4,02,B01
201700004204,2,07,000,00,0,4,02,C01
201700004205,1,07,000,02,0,2,01,A01
201700004206,0,07,000,02,0,3,01,A01
201700004207,1,07,000,02,0,7,01,A01
201700004208,1,07,000,07,0,1,01,A01
201700004209,0,02,000,00,2,3,02,A01
201700004209,0,01,000,00,0,0,02,B01
201700004210,1,07,000,00,2,2,00,A01
201700004210,1,33,000,00,2,1,00,B01
201700004211,1,07,000,00,9,5,15,A01
201700004211,2,02,000,00,2,1,01,B01
201700004212,0,07,000,02,0,0,01,A01
201700004213,1,07,000,00,2,5,11,A01
201700004213,2,32,000,00,2,1,01,B01
201700004214,0,33,000,00,2,1,13,A01
201700004214,0,07,000,00,2,3,01,B01
201700004215,1,02,000,00,0,7,01,A01
201700004216,0,33,000,00,2,7,02,A01
201700004216,0,07,000,00,0,7,15,B01
201700004217,2,07,000,00,1,3,06,A01
201700004218,0,02,000,00,2,1,02,A01