Num_Acc,senc,catv,occutc,obs,obsm,choc,manv,num_veh
201700004983,2,33,000,00,0,0,15,A01
201700004984,1,07,000,00,1,2,01,A01
201700004985,1,07,000,00,2,1,02,A01
201700004985,1,07,000,00,0,4,02,B01
201700004986,2,07,000,00,2,1,05,A01
201700004986,1,07,000,00,2,1,01,B01
201700004987,1,07,000,00,2,3,13,A01
201700004987,2,07,000,00,2,3,13,B01
201700004988,1,33,000,13,0,1,15,A01
201700004989,2,13,000,00,2,4,02,C01
201700004989,2,07,000,00,2,1,02,A01
201700004989,2,07,000,00,2,4,02,B01
201700004990,2,01,000,00,2,1,15,B01
201700004990,2,07,000,00,9,2,01,A01
201700004991,0,07,000,00,2,1,01,B01
201700004991,0,07,000,00,2,3,09,A01
201700004992,1,33,000,03,0,8,01,A01
201700004992,1,07,000,00,9,8,14,B01
201700004992,1,07,000,00,9,1,01,C01
201700004993,1,07,000,02,0,1,13,A01
201700004994,0,07,000,00,0,2,01,A01
201700004994,0,13,000,00,0,3,01,B01
201700004995,2,07,000,00,2,3,09,A01
201700004995,1,33,000,00,2,7,01,B01
201700004996,1,33,000,00,0,7,02,B01
201700004996,1,07,000,00,0,6,02,A01
201700004997,2,02,000,00,2,0,00,B01
201700004997,1,07,000,00,2,8,00,A01
201700004998,0,07,000,00,1,1,20,A01
201700004999,1,07,000,02,0,8,00,A01
201700005000,2,07,000,13,0,1,01,A01
201700005001,2,07,000,00,2,3,14,A01
201700005001,2,07,000,00,0,6,00,B01
201700005002,2,07,000,13,0,2,21,A01
201700005002,1,07,000,00,0,0,17,B01
201700005002,1,07,000,00,2,3,01,C01
201700005003,1,33,000,00,0,0,15,A01
201700005004,1,07,000,06,0,1,13,A01
201700005005,2,33,000,00,0,8,01,A01
201700005006,1,07,000,00,9,3,01,A01
201700005006,1,01,000,00,2,8,10,B01
201700005007,2,07,000,01,2,3,20,A01
201700005007,2,07,000,00,2,7,01,B01
201700005008,1,07,000,00,2,3,01,C01
201700005008,2,07,000,00,2,3,13,A01
201700005008,1,07,000,00,2,3,01,B01
201700005009,1,03,000,00,1,2,01,A01
201700005010,0,07,000,00,1,2,19,A01
201700005011,0,07,000,07,0,1,01,A01
201700005012,0,07,000,06,0,3,13,A01
201700005013,0,07,000,00,2,1,01,Z01
201700005013,0,07,000,00,2,7,02,B01
201700005014,0,30,000,08,0,1,01,A01
201700005015,0,07,000,00,2,4,01,A01
201700005015,0,07,000,00,2,1,02,C01
201700005015,0,07,000,00,2,4,02,B01
201700005016,1,07,000,00,1,2,01,A01
201700005017,0,10,000,00,2,3,01,B01
201700005017,0,07,000,00,2,2,15,A01
201700005018,1,07,000,05,0,1,01,A01
201700005019,1,07,000,15,0,9,01,A01
201700005020,1,07,000,06,0,1,17,A01
201700005021,2,07,000,13,0,1,01,A01
201700005022,2,07,000,00,2,3,00,B01
201700005022,2,07,000,00,2,2,01,A01
201700005023,2,07,000,00,2,1,01,B01
201700005023,1,07,000,00,2,2,13,A01
201700005024,0,01,000,00,0,7,05,A01
201700005025,0,07,000,00,0,9,01,A01
201700005026,0,10,000,00,2,1,02,B01
201700005026,0,15,000,00,2,4,01,A01
201700005027,0,07,000,00,2,3,01,A01
201700005027,0,07,000,00,2,3,13,B01
201700005028,0,07,000,00,1,3,01,A01
201700005029,1,07,000,00,2,2,01,A01
201700005029,0,01,000,00,2,8,19,B01
201700005030,1,33,000,16,0,3,01,A01
201700005031,0,07,000,00,2,7,19,B01
201700005031,0,33,000,00,2,1,01,A01
201700005032,0,33,000,00,2,4,24,B01
201700005032,2,07,000,00,2,2,01,A01
201700005033,1,33,000,13,0,2,01,A01
201700005034,1,07,000,02,0,1,01,A01
201700005035,0,07,000,00,1,3,01,A01
201700005036,1,07,000,04,2,1,01,A01
201700005036,0,07,000,00,2,6,02,B01
201700005037,0,07,000,00,2,3,24,A01
201700005037,0,01,000,01,0,7,01,B01
201700005038,1,07,000,00,2,4,02,B01
201700005038,1,07,000,00,2,4,02,C01
201700005038,1,07,000,00,2,2,01,A01
201700005039,0,07,000,00,2,3,09,B01
201700005039,0,07,000,00,2,2,01,A01
201700005040,0,33,000,00,1,1,01,A01
201700005041,0,07,000,06,0,1,01,A01
201700005042,1,07,000,00,2,2,12,A01
201700005042,1,03,000,00,2,6,01,B01
201700005043,0,07,000,00,2,6,01,A01
201700005043,0,33,000,00,2,1,01,B01
201700005043,0,07,000,00,2,4,13,C01
201700005044,0,07,000,00,1,2,01,A01
201700005045,0,07,000,06,2,3,19,B01
201700005045,0,33,000,00,2,1,21,A01
201700005046,2,07,000,01,0,1,01,A01
201700005046,2,07,000,00,2,4,23,B01
201700005047,1,07,000,02,0,3,01,A01
201700005048,0,07,000,00,1,1,16,A01
201700005049,2,07,000,13,0,2,01,A01
201700005050,2,07,000,16,0,2,21,A01
201700005051,1,10,000,00,2,6,23,A01
201700005051,1,10,000,14,2,5,02,B01
201700005052,2,33,000,00,2,1,01,B01
201700005052,1,33,000,00,2,1,13,A01
201700005053,2,33,000,00,2,1,01,B01
201700005053,1,07,000,00,2,2,15,A01
201700005054,1,07,000,00,2,2,17,A01
201700005054,1,01,000,00,2,6,01,B01
201700005055,2,07,000,00,2,6,02,B01
201700005055,2,07,000,00,2,2,01,A01
201700005056,1,02,000,00,0,0,01,A01
201700005057,0,33,000,00,2,8,16,A01
201700005057,0,07,000,00,2,6,23,B01
201700005058,2,07,000,00,1,2,01,A01
201700005059,0,07,000,00,2,1,02,B01
201700005059,0,07,000,00,2,6,01,A01
201700005060,1,33,000,00,2,6,02,B01
201700005060,2,07,000,00,2,3,01,A01
201700005061,1,07,000,00,2,1,13,A01
201700005061,2,10,000,00,2,3,21,B01
201700005062,0,07,000,00,2,1,05,A01
201700005062,0,07,000,00,2,1,01,B01
201700005063,2,10,000,02,0,7,01,A01
201700005064,2,07,000,02,0,3,01,A01
201700005065,2,07,000,06,0,3,17,A01
201700005066,0,07,000,15,0,1,01,A01
201700005067,2,07,000,00,2,1,01,B01
201700005067,1,07,000,00,2,1,13,A01
201700005068,2,07,000,00,2,1,09,A01
201700005068,1,07,000,00,2,3,01,B01
201700005069,2,07,000,02,0,1,01,A01
201700005070,0,07,000,06,0,1,20,A01
201700005071,0,01,000,00,0,0,01,A01
201700005072,0,07,000,02,0,1,21,A01
201700005073,2,33,000,12,0,7,01,A01
201700005074,1,07,000,00,2,3,11,A01
201700005074,2,07,000,00,2,3,01,B01
201700005075,0,07,000,00,1,1,01,A01
201700005076,0,07,000,00,2,1,02,B01
201700005076,0,07,000,00,2,4,01,A01
201700005077,0,07,000,00,2,3,01,A01
201700005077,0,32,000,00,2,2,12,B01
201700005078,0,07,000,00,2,1,01,C01
201700005078,0,07,000,00,1,1,23,B01
201700005079,0,07,000,00,2,3,13,A01
201700005079,0,07,000,00,2,3,01,B01
201700005080,0,07,000,00,2,1,19,A01
201700005080,0,07,000,00,2,3,15,B01
201700005081,2,07,000,00,1,1,01,A01
201700005082,0,07,000,00,1,2,01,A01
201700005083,0,07,000,00,2,4,02,B01
201700005083,0,33,000,00,2,1,01,A01
201700005084,1,07,000,00,2,6,11,A01
201700005084,1,33,000,00,2,1,01,B01
201700005085,0,33,000,00,2,9,01,A01
201700005085,0,07,000,00,2,2,13,B01
201700005086,1,07,000,00,2,3,01,B01
201700005086,2,07,000,00,2,3,13,A01
201700005087,0,33,000,00,0,7,01,A01
201700005088,0,33,000,00,0,3,06,A01
201700005089,1,07,000,00,2,3,01,B01
201700005089,1,07,000,00,2,3,01,A01
201700005090,1,07,000,00,2,3,21,B01
201700005090,1,01,000,00,2,4,15,A01
201700005091,0,07,000,00,2,3,01,B01
201700005091,0,07,000,00,2,3,13,A01
201700005092,0,07,000,16,0,9,01,A01
201700005093,2,07,000,00,2,3,23,C01
201700005093,1,07,000,01,2,7,01,B01
201700005093,2,07,000,00,2,1,01,A01
201700005094,0,07,000,06,0,1,06,A01
201700005095,0,07,000,00,2,8,01,B01
201700005095,0,07,000,02,2,1,13,A01
201700005096,1,07,000,08,0,1,01,A01
201700005097,2,07,000,00,0,1,13,A01
201700005098,1,07,000,00,2,1,01,B01
201700005098,2,07,000,00,2,1,15,A01
201700005099,2,07,000,00,2,6,15,B01
201700005099,2,07,000,00,2,2,17,A01
201700005100,2,02,000,00,2,7,01,B01
201700005100,0,07,000,00,2,3,09,A01
201700005101,1,33,000,00,2,1,01,A01
201700005101,0,07,000,00,2,3,09,B01
201700005102,1,07,000,00,2,2,02,B01
201700005102,0,07,000,00,2,3,16,A01
201700005103,0,32,000,00,0,0,15,A01
201700005104,1,01,000,00,2,8,01,B01
201700005104,1,07,000,00,2,2,17,A01
201700005105,1,07,000,00,2,2,15,A01
201700005105,1,07,000,00,2,1,01,B01
201700005106,0,07,000,00,2,2,01,B01
201700005106,0,33,000,00,2,1,01,A01
201700005107,0,07,000,00,2,1,16,B01
201700005107,0,10,000,00,2,2,01,A01
201700005108,1,33,000,09,0,7,01,A01
201700005109,0,07,000,00,1,3,01,A01
201700005110,1,10,000,00,2,7,15,A01
201700005110,2,33,000,00,2,1,01,B01
201700005111,0,33,000,00,2,1,01,B01
201700005111,0,07,000,00,2,6,15,A01
201700005112,2,07,000,00,2,3,01,B01
201700005112,2,07,000,13,0,2,21,C01
201700005112,1,07,000,00,2,3,01,A01
201700005113,1,33,000,00,2,1,05,B01
201700005113,1,07,000,00,2,3,10,A01
201700005114,1,07,000,00,2,4,23,A01
201700005114,1,07,000,00,2,3,21,B01
201700005114,2,07,000,00,2,1,01,C01
201700005115,2,07,000,00,2,1,01,A01
201700005115,2,07,000,00,2,4,02,B01
201700005116,0,31,000,00,2,1,01,B01
201700005116,0,07,000,00,2,6,09,A01
201700005117,0,33,000,16,0,1,01,A01
201700005118,0,07,000,03,2,2,02,C01
201700005118,0,07,000,00,2,5,02,B01
201700005118,0,07,000,00,2,3,01,A01
201700005119,0,01,000,00,2,1,19,B01
201700005119,0,07,000,00,2,3,01,A01
201700005120,0,07,000,00,2,4,01,A01
201700005120,0,07,000,01,0,1,02,C01
201700005120,0,07,000,01,2,4,02,B01
201700005121,0,07,000,00,1,3,21,B01
201700005121,0,10,000,00,2,3,17,A01
201700005122,2,33,000,04,2,8,01,A01
201700005122,2,10,000,00,2,8,11,B01
201700005123,1,07,000,09,0,1,01,A01
201700005124,0,07,000,00,2,1,01,A01
201700005124,0,34,000,00,2,1,17,B01
201700005125,1,07,000,00,2,5,01,C01
201700005125,1,34,000,00,2,1,01,A01
201700005125,1,07,000,00,2,4,01,B01
201700005126,0,07,000,00,1,2,01,A01
201700005127,0,03,000,00,2,1,15,B01
201700005127,0,02,000,00,2,3,01,A01
201700005128,0,33,000,00,2,7,02,B01
201700005128,0,07,000,00,2,3,09,A01
201700005129,0,07,000,00,2,1,15,A01
201700005129,0,07,000,00,2,1,01,B01
201700005130,0,33,000,00,2,3,01,B01
201700005130,0,07,000,00,2,2,10,A01
201700005131,1,07,000,00,2,4,23,A01
201700005131,1,01,000,00,2,1,02,B01
201700005132,2,07,000,00,2,8,17,A01
201700005132,1,07,000,00,2,1,01,B01
201700005133,1,33,000,02,0,1,01,A01
201700005134,2,07,000,00,2,2,14,A01
201700005134,1,07,000,00,2,1,01,B01
201700005135,2,07,000,00,2,2,01,B01
201700005135,1,07,000,00,2,2,05,A01
201700005136,2,07,000,00,2,2,13,A01
201700005136,1,07,000,00,2,3,01,B01
201700005137,1,33,000,16,0,1,17,A01
201700005138,1,07,000,00,2,1,01,B01
201700005138,2,07,000,00,2,1,11,A01
201700005138,1,07,000,00,2,2,01,C01
201700005138,1,07,000,00,2,1,01,D01
201700005139,2,33,000,02,0,1,01,A01
201700005140,1,07,000,02,0,7,14,A01
201700005141,1,07,000,08,0,1,01,A01
201700005142,1,07,000,03,2,6,01,B01
201700005142,1,07,000,00,2,2,12,A01
201700005143,2,30,000,13,0,7,14,A01
201700005144,1,07,000,00,2,9,17,A01
201700005144,2,07,000,00,2,3,01,B01
201700005145,1,07,000,02,0,1,01,A01
201700005146,1,33,000,13,0,1,15,A01
201700005147,1,01,000,00,2,1,01,B01
201700005147,0,07,000,00,2,2,01,A01
201700005148,2,07,000,02,0,9,13,A01
201700005149,2,07,000,05,2,2,17,A01
201700005149,2,01,000,00,2,4,01,B01
201700005150,1,38,001,00,1,1,01,A01
201700005151,1,07,000,02,0,6,21,A01
201700005152,1,01,000,16,0,9,21,A01
201700005153,1,07,000,16,0,0,01,A01
201700005154,0,07,000,00,1,1,01,A01
201700005155,1,07,000,00,2,2,01,B01
201700005155,1,33,000,11,2,4,09,A01
201700005156,1,07,000,02,0,1,13,A01
201700005157,1,07,000,13,0,1,01,A01
201700005158,1,33,000,16,0,9,01,A01
201700005159,1,33,000,16,0,1,01,A01
201700005160,1,07,000,00,2,1,01,A01
201700005160,1,07,000,04,2,4,02,B01
201700005161,1,07,000,00,2,1,13,A01
201700005161,1,15,000,00,2,3,01,B01
201700005162,1,01,000,00,2,9,15,A01
201700005162,1,01,000,00,2,1,15,B01
201700005163,2,07,000,02,0,3,14,A01
201700005164,2,07,000,13,0,1,14,A01
201700005165,1,07,000,01,1,2,01,A01
201700005165,1,07,000,00,2,8,24,B01
201700005166,1,07,000,04,0,3,01,A01
201700005167,1,07,000,16,0,9,17,A01
201700005168,2,07,000,00,0,6,02,B01
201700005168,2,33,000,00,2,2,01,A01
201700005169,1,07,000,,2,7,09,A01
201700005169,1,10,000,00,2,3,01,B01
201700005170,2,07,000,00,2,1,01,A01
201700005170,1,07,000,00,2,1,01,B01
201700005171,2,07,000,00,6,4,23,A01
201700005171,2,07,000,01,0,1,01,B01
201700005172,1,07,000,15,0,2,14,A01
201700005173,2,37,001,00,2,2,21,A01
201700005173,1,07,000,00,2,3,01,B01
201700005174,1,33,000,00,0,0,02,A01
201700005175,1,07,000,01,0,7,01,A01
201700005176,1,33,000,06,0,1,00,A01
201700005177,1,07,000,00,2,3,13,A01
201700005177,2,07,000,00,2,3,01,B01
201700005178,2,07,000,00,2,3,13,A01
201700005178,1,10,000,00,2,8,01,B01
201700005179,1,31,000,00,2,2,13,A01
201700005179,2,07,000,00,2,2,14,B01
201700005180,2,07,000,00,2,2,01,A01
201700005180,1,01,000,00,0,5,01,B01
201700005181,1,07,000,02,0,1,13,A01
201700005182,2,07,000,00,2,1,01,B01
201700005182,0,03,000,00,0,2,15,A01
201700005183,2,07,000,02,2,1,01,A01
201700005183,2,07,000,00,2,4,00,B01
201700005183,1,07,000,00,2,1,00,C01
201700005184,1,07,000,00,2,1,13,A01
201700005184,2,07,000,00,2,1,01,B01
201700005185,1,07,000,00,2,2,01,A01
201700005185,1,01,000,00,0,4,01,B01
201700005186,1,07,000,00,2,3,13,A01
201700005186,2,07,000,00,2,3,05,B01
201700005187,2,07,000,02,0,1,01,A01
201700005188,2,10,000,00,0,0,17,C01
201700005188,1,34,000,00,2,3,01,A01
201700005188,1,10,000,00,0,5,01,B01
201700005189,1,07,000,13,2,3,01,A01
201700005189,2,07,000,13,2,3,13,B01
201700005190,1,07,000,00,2,3,13,A01
201700005190,2,07,000,00,2,3,01,B01
201700005191,0,01,000,00,2,1,00,A01
201700005191,0,07,000,00,2,2,01,B01
201700005192,2,33,000,09,9,1,01,A01
201700005193,1,07,000,00,2,2,01,A01
201700005193,2,07,000,00,2,1,13,B01
201700005193,1,07,000,00,2,1,01,C01
201700005194,1,07,000,00,0,1,05,A01
201700005195,2,07,000,00,2,3,01,A01
201700005195,1,07,000,00,2,1,15,B01
201700005195,0,07,000,00,2,3,23,C01
201700005196,2,03,000,00,2,1,15,A01
201700005196,1,01,000,00,2,1,01,B01
201700005197,2,07,000,02,0,8,01,A01
201700005198,1,33,000,00,2,1,01,A01
201700005198,1,07,000,00,2,2,19,B01
201700005199,1,33,000,00,2,1,01,A01
201700005199,1,07,000,00,2,2,15,B01
201700005200,1,07,000,00,2,3,13,A01
201700005200,2,07,000,03,0,3,01,B01
201700005201,2,17,000,00,2,1,01,B01
201700005201,2,07,000,00,2,2,19,A01
201700005202,2,07,000,00,2,1,02,A01
201700005202,2,07,000,00,2,4,01,B01
201700005203,1,15,000,00,1,1,01,A01
201700005204,1,07,000,00,2,4,18,A01
201700005204,1,33,000,00,2,1,01,B01
201700005205,2,10,000,13,2,0,00,A01
201700005205,2,07,000,00,0,0,00,B01
201700005206,0,99,000,00,2,5,01,B01
201700005206,0,36,000,00,2,1,09,A01
201700005207,2,07,000,07,9,2,14,A01
201700005208,2,07,000,16,0,2,02,A01
201700005209,1,07,000,01,0,1,13,A01
201700005210,1,07,000,02,0,2,01,A01
201700005211,2,07,000,00,2,1,17,A01
201700005211,2,07,000,00,2,3,01,B01
201700005211,2,07,000,00,9,3,01,C01
201700005211,2,07,000,00,9,3,01,D01
201700005211,2,07,000,00,9,8,01,E01
201700005211,2,07,000,00,9,8,01,F01
201700005212,1,02,000,02,0,1,01,A01
201700005213,0,07,000,00,1,2,05,A01
201700005214,2,30,000,00,2,2,17,A01
201700005214,2,07,000,00,2,8,15,B01
201700005215,1,07,000,02,0,1,01,A01
201700005216,0,33,000,00,0,0,01,A01
201700005217,1,31,000,00,2,3,02,A01
201700005217,1,07,000,00,0,5,02,B01
201700005218,2,07,000,00,2,1,17,A01
201700005218,2,07,000,00,0,6,13,B01
201700005218,2,07,000,00,0,6,01,C01
201700005219,2,33,000,03,0,1,01,A01
201700005220,1,07,000,00,0,4,23,A01
201700005220,1,07,000,00,2,4,23,B01
201700005220,1,07,000,00,2,1,01,C01
201700005221,1,07,000,00,2,1,01,A01
201700005221,2,21,000,00,2,8,15,B01
201700005222,2,07,000,00,2,3,13,A01
201700005222,1,07,000,00,2,3,01,B01
201700005223,1,07,000,00,2,2,15,A01
201700005223,2,30,000,00,2,1,01,B01
201700005224,1,30,000,00,0,4,01,A01
201700005224,1,07,000,00,9,2,01,B01
201700005225,2,33,000,00,2,3,02,A01
201700005225,2,07,000,00,0,5,02,B01
201700005226,1,07,000,00,2,3,23,C01
201700005226,1,07,000,00,2,1,15,A01
201700005226,2,07,000,00,2,1,01,B01
201700005227,2,07,000,13,0,9,21,A01
201700005227,1,07,000,00,0,0,15,B01
201700005228,2,07,000,00,1,2,02,A01
201700005229,1,33,000,13,0,1,00,A01
201700005230,1,07,000,08,0,2,02,A01
201700005231,1,07,000,00,1,3,01,A01
201700005232,1,33,000,00,2,1,17,A01
201700005232,1,07,000,00,0,6,02,B01
201700005233,1,33,000,16,0,7,00,A01
201700005234,2,33,000,04,0,1,01,A01
201700005235,2,07,000,00,2,1,00,A01
201700005235,1,10,000,00,2,2,15,B01
201700005236,1,02,000,00,0,8,00,A01
201700005237,1,07,000,00,1,1,01,A01
201700005238,1,33,000,00,2,1,17,B01
201700005238,1,07,000,00,2,8,13,A01
201700005239,1,02,000,12,0,0,01,A01
201700005240,2,07,000,00,2,1,01,A01
201700005240,2,07,000,15,0,7,15,B01
201700005241,2,07,000,00,2,5,15,A01
201700005241,2,07,000,00,2,3,17,B01
201700005242,2,07,000,13,0,0,01,A01
201700005242,1,07,000,13,0,0,13,B01
201700005243,1,07,000,00,2,1,01,A01
201700005243,2,03,000,00,2,1,13,B01
201700005244,2,07,000,00,2,2,01,A01
201700005244,2,01,000,00,0,6,01,B01
201700005245,2,07,000,00,2,3,13,A01
201700005245,1,15,000,00,2,3,01,B01
201700005245,2,07,000,00,2,1,01,C01
201700005246,1,10,000,00,2,3,13,A01
201700005246,2,07,000,00,2,3,01,B01
201700005247,2,07,000,15,0,1,01,A01
201700005248,2,07,000,00,2,8,19,A01
201700005248,1,13,000,00,2,1,01,B01
201700005249,2,33,000,00,2,1,01,A01
201700005249,,07,000,00,2,3,19,B01
201700005250,1,07,000,13,2,2,21,A01
201700005250,2,07,000,00,2,2,01,B01
201700005250,2,07,000,00,0,0,05,C01
201700005251,2,07,000,02,0,1,01,A01
201700005252,2,07,000,00,2,3,15,A01
201700005252,1,02,000,00,2,7,01,B01
201700005253,1,10,000,00,0,0,00,A01
201700005254,2,01,000,00,0,4,01,A01
201700005254,2,07,000,00,0,2,01,B01
201700005255,1,13,000,00,2,1,01,B01
201700005255,2,07,000,00,2,3,01,A01
201700005256,1,33,000,00,0,2,02,B01
201700005256,2,07,000,00,2,6,02,A01
201700005257,1,07,000,00,9,2,17,A01
201700005257,1,01,000,00,0,4,01,B01
201700005258,2,07,000,00,1,1,01,A01
201700005258,1,13,000,00,0,0,23,B01
201700005259,2,07,000,00,2,1,13,A01
201700005259,1,07,000,00,2,1,01,B01
201700005259,1,07,000,00,2,6,01,C01
201700005260,2,07,000,00,2,1,11,A01
201700005260,1,07,000,00,2,3,01,B01
201700005261,1,07,000,00,2,1,13,A01
201700005261,1,07,000,00,2,2,01,B01
201700005262,1,07,000,00,2,7,13,A01
201700005262,2,07,000,00,2,1,01,B01
201700005263,1,07,000,04,0,0,00,A01
201700005264,2,07,000,00,2,2,15,A01
201700005264,1,07,000,00,2,1,01,B01
201700005265,1,07,000,00,2,2,13,A01
201700005265,2,33,000,00,2,1,01,B01
201700005266,2,07,000,04,2,8,01,A01
201700005266,1,07,000,00,2,3,13,B01
201700005266,2,07,000,04,2,3,01,C01
201700005267,1,07,000,00,2,3,13,A01
201700005267,2,07,000,13,2,3,01,B01
201700005267,1,10,000,00,2,3,01,C01
201700005268,1,07,000,08,0,8,01,B01
201700005268,1,07,000,00,0,3,19,A01
201700005269,2,07,000,13,0,9,01,A01
201700005270,1,07,000,00,2,1,19,A01
201700005270,2,07,000,00,2,8,01,B01
201700005271,2,07,000,02,0,1,00,A01
201700005272,1,07,000,13,1,1,14,A01
201700005273,2,07,000,03,1,2,14,A01
201700005274,1,07,000,02,0,1,00,A01
201700005275,2,07,000,02,0,1,13,A01
201700005276,2,07,000,13,0,7,01,A01
201700005277,0,02,000,00,0,0,00,A01
201700005278,2,07,000,00,2,3,01,A01
201700005278,1,07,000,00,2,1,15,B01
201700005279,1,07,000,00,2,3,13,A01
201700005279,2,07,000,00,0,1,01,B01
201700005280,2,07,000,02,0,2,17,A01
201700005281,1,07,000,02,0,1,01,A01
201700005282,2,07,000,00,1,2,01,A01
201700005283,1,07,000,03,2,3,02,A01
201700005283,1,07,000,13,2,3,02,B01
201700005283,1,07,000,01,0,0,00,C01
201700005283,1,07,000,00,2,6,02,E01
201700005283,1,07,000,03,0,3,01,F01
201700005283,1,07,000,00,2,5,01,G01
201700005283,1,07,000,00,2,4,02,H01
201700005283,1,07,000,00,2,1,02,I01
201700005284,2,10,000,00,2,1,12,A01
201700005284,2,14,000,00,0,4,01,B01
201700005285,1,17,000,00,2,1,01,B01
201700005285,1,07,000,00,2,7,01,A01
201700005286,2,02,000,06,0,0,00,A01
201700005287,1,07,000,00,2,1,01,B01
201700005287,2,07,000,00,2,3,19,A01
201700005288,1,02,000,00,2,1,01,A01
201700005288,0,07,000,00,2,3,01,B01
201700005289,1,07,000,00,2,3,00,A01
201700005289,2,07,000,00,2,3,01,B01
201700005290,1,07,000,00,2,1,01,B01
201700005290,1,07,000,00,2,8,01,A01
201700005291,1,07,000,00,2,1,05,A01
201700005291,2,07,000,00,2,1,01,B01
201700005291,2,07,000,00,2,8,01,C01
201700005292,1,07,000,13,0,9,01,A01
201700005292,1,07,000,13,2,3,01,B01
201700005292,1,07,000,00,2,1,01,C01
201700005292,1,07,000,00,2,1,01,D01
201700005292,1,07,000,01,0,4,01,E01
201700005292,1,07,000,00,0,4,01,F01
201700005292,1,07,000,00,2,4,01,G01
201700005292,1,07,000,13,0,4,23,H01
201700005292,1,07,000,00,0,4,01,I01
201700005292,1,07,000,00,2,1,01,J01
201700005292,1,07,000,04,0,7,01,K01
201700005293,1,07,000,00,0,9,01,A01
201700005294,1,07,000,15,0,1,21,A01
201700005294,2,07,000,00,0,0,19,B01
201700005295,1,33,000,00,2,1,13,A01
201700005295,2,07,000,00,2,3,01,B01
201700005296,1,07,000,15,0,0,14,A01
201700005297,1,07,000,,1,2,01,A01
201700005298,1,07,000,00,9,2,02,A01
201700005298,1,01,000,00,2,4,02,B01
201700005299,1,33,000,00,0,7,01,A01
201700005300,1,02,000,00,2,1,01,A01
201700005300,2,10,000,00,2,6,19,B01
201700005301,1,07,000,00,2,3,09,A01
201700005301,1,07,000,00,2,1,01,B01
201700005302,2,07,000,00,2,5,15,A01
201700005302,1,02,000,00,2,1,01,B01
201700005303,1,13,000,00,2,1,01,B01
201700005303,2,07,000,00,0,8,06,A01
201700005304,1,07,000,00,2,3,13,A01
201700005304,2,07,000,00,2,3,01,B01
201700005305,1,07,000,02,0,1,00,A01
201700005306,2,07,000,00,0,1,21,A01
201700005307,1,07,000,00,2,3,05,A01
201700005307,2,07,000,00,2,3,05,B01
201700005308,2,07,000,06,0,1,01,A01
201700005309,1,07,000,08,0,1,01,A01
201700005310,1,07,000,00,2,2,02,A01
201700005310,1,03,000,00,2,6,01,B01
201700005311,1,07,000,00,2,6,01,A01
201700005311,1,02,000,00,2,1,01,B01
201700005312,2,07,000,13,0,3,01,A01
201700005313,1,07,000,13,0,7,01,A01
201700005314,2,07,000,00,1,3,01,A01
201700005315,2,07,000,00,2,1,15,A01
201700005315,1,07,000,00,2,3,01,B01
201700005316,1,07,000,00,2,1,01,B01
201700005316,2,07,000,09,2,7,01,A01
201700005317,1,07,000,00,2,3,13,A01
201700005317,2,07,000,00,2,3,01,B01
201700005318,2,07,000,00,2,8,01,B01
201700005318,2,07,000,00,2,1,01,C01
201700005318,1,07,000,00,2,1,19,A01
201700005319,1,07,000,00,1,2,01,A01
201700005320,1,07,000,00,2,3,01,A01
201700005320,2,07,000,00,2,6,19,B01
201700005321,1,07,000,00,2,1,01,B01
201700005321,2,37,000,00,0,1,23,C01
201700005321,1,07,000,00,2,8,19,A01
201700005322,1,37,005,00,2,5,15,A01
201700005322,2,07,000,00,2,1,01,B01
201700005323,1,07,000,00,2,3,13,A01
201700005323,2,07,000,00,2,3,01,B01
201700005323,2,07,000,00,2,3,01,C01
201700005324,2,07,000,00,2,1,13,A01
201700005324,1,07,000,00,2,1,01,B01
201700005325,1,07,000,00,0,4,01,A01
201700005325,1,07,000,00,2,1,01,B01
201700005326,1,07,000,00,2,1,13,A01
201700005326,2,07,000,00,2,1,01,B01
201700005327,2,07,000,00,9,3,17,A01
201700005327,1,01,000,00,2,7,09,B01
201700005328,2,33,000,11,0,1,17,A01
201700005329,1,10,000,08,0,2,14,A01
201700005330,1,16,000,06,0,8,06,A01
201700005331,1,07,000,00,0,1,01,A01
201700005331,2,07,000,00,0,1,01,B01
201700005332,2,07,000,00,1,2,01,A01
201700005333,1,07,000,00,2,3,01,B01
201700005333,2,07,000,00,2,3,05,A01
201700005334,2,33,000,00,2,2,17,A01
201700005334,2,07,000,00,2,6,15,B01
201700005335,1,02,000,15,0,1,13,A01
201700005336,2,01,000,00,0,4,09,A01
201700005336,1,14,000,00,2,1,01,B01
201700005337,1,07,000,02,0,9,19,A01
201700005338,1,01,000,00,2,1,01,B01
201700005338,1,07,000,00,0,4,01,A01
201700005339,2,07,000,07,0,9,00,A01
201700005340,0,07,000,00,1,3,17,A01
201700005341,1,07,000,15,0,3,01,A01
201700005342,0,33,000,00,2,3,01,A01
201700005342,0,07,000,00,0,3,01,B01
201700005343,2,07,000,00,1,1,01,A01
201700005344,2,07,000,05,0,9,01,A01
201700005345,2,07,000,00,2,1,09,A01
201700005345,1,33,000,00,2,8,01,B01
201700005346,0,33,000,06,0,9,01,A01
201700005347,1,07,000,00,1,7,01,A01
201700005348,1,07,000,00,1,3,01,A01
201700005349,2,07,000,16,0,9,01,A01
201700005350,1,07,000,00,2,3,16,A01