Num_Acc,senc,catv,occutc,obs,obsm,choc,manv,num_veh
201700006810,1,01,000,00,2,8,09,B01
201700006810,1,17,000,00,2,2,09,A01
201700006811,1,33,000,16,0,8,14,A01
201700006812,1,33,000,00,2,1,01,A01
201700006812,2,07,000,00,2,3,23,C01
201700006812,2,07,000,00,2,5,15,B01
201700006813,1,33,000,00,2,4,23,B01
201700006813,1,07,000,00,2,1,01,A01
201700006814,2,07,000,00,2,3,01,B01
201700006814,1,07,000,00,2,3,05,A01
201700006815,0,07,000,00,1,1,01,A01
201700006816,2,07,000,00,2,4,02,C01
201700006816,2,07,000,00,2,4,02,B01
201700006816,2,07,000,00,2,1,01,A01
201700006817,0,07,000,00,1,1,01,A01
201700006818,1,14,000,13,0,7,01,A01
201700006819,2,17,000,00,2,1,02,A01
201700006819,2,07,000,00,2,4,02,B01
201700006819,2,14,000,00,2,4,02,C01
201700006819,2,07,000,00,2,7,01,D01
201700006820,2,17,000,00,2,2,01,B01
201700006820,2,07,000,00,2,3,16,A01
201700006821,2,17,000,03,0,1,02,A01
201700006822,2,07,000,00,2,5,17,A01
201700006822,2,07,000,00,2,1,01,B01
201700006823,1,07,000,03,0,1,01,A01
201700006824,1,07,000,00,2,3,13,A01
201700006824,2,17,000,00,2,3,01,B01
201700006824,1,07,000,14,9,2,01,C01
201700006825,1,10,000,00,2,1,02,A01
201700006825,1,07,000,00,0,4,02,B01
201700006826,1,07,000,00,2,1,01,A01
201700006826,1,17,000,00,2,4,01,B01
201700006827,1,07,000,15,2,7,01,B01
201700006827,2,14,000,00,2,2,19,A01
201700006828,1,07,000,03,0,1,17,A01
201700006829,2,07,000,03,0,3,13,A01
201700006830,2,07,000,00,2,3,13,A01
201700006830,1,17,000,00,2,3,01,B01
201700006831,1,07,000,00,2,1,01,A01
201700006831,1,07,000,00,2,4,01,B01
201700006831,1,07,000,00,2,4,01,C01
201700006832,2,10,000,04,0,1,01,A01
201700006833,1,07,000,00,2,3,13,A01
201700006833,2,17,000,00,2,3,21,B01
201700006833,1,07,000,03,2,8,01,C01
201700006834,2,07,000,00,0,8,01,B01
201700006834,1,16,000,00,2,1,19,A01
201700006835,,07,000,01,0,7,24,B01
201700006835,1,38,000,01,1,5,24,A01
201700006836,2,17,000,00,2,1,02,A01
201700006836,2,17,000,00,0,4,23,B01
201700006837,1,07,000,00,2,7,01,A01
201700006837,2,17,000,00,2,3,01,B01
201700006838,2,07,000,00,0,4,01,A01
201700006838,2,07,000,00,2,1,02,C01
201700006838,2,07,000,00,2,1,02,B01
201700006839,1,07,000,04,0,3,01,A01
201700006840,1,07,000,00,2,1,21,G01
201700006840,1,07,000,00,0,4,24,A01
201700006840,1,07,000,00,0,1,00,D01
201700006840,1,07,000,00,0,7,01,C01
201700006840,1,07,000,00,9,1,01,H01
201700006840,1,37,001,14,2,2,21,B01
201700006840,1,07,000,00,0,3,01,F01
201700006841,1,10,000,03,0,4,01,B01
201700006841,1,07,000,04,2,2,02,A01
201700006842,1,07,000,00,0,4,01,B01
201700006842,1,10,000,00,2,1,01,A01
201700006843,1,37,001,00,2,8,01,B01
201700006843,1,07,000,00,2,8,15,A01
201700006844,2,07,000,00,2,2,13,A01
201700006844,1,14,000,00,2,2,01,B01
201700006845,2,07,000,00,2,4,23,B01
201700006845,2,07,000,00,2,1,01,A01
201700006845,2,07,000,00,2,4,23,D01
201700006845,2,07,000,00,2,4,23,C01
201700006846,2,10,000,00,2,7,01,B01
201700006846,2,33,000,00,2,3,09,A01
201700006847,0,14,000,04,0,3,13,A01
201700006848,1,07,000,03,0,8,02,B01
201700006848,1,15,000,00,2,7,12,A01
201700006849,1,07,000,00,1,3,01,A01
201700006850,2,07,000,04,0,2,01,A01
201700006851,2,07,000,00,2,2,02,A01
201700006851,2,07,000,00,2,6,02,B01
201700006852,1,17,000,00,2,2,12,A01
201700006852,1,07,000,00,2,6,01,B01
201700006852,1,07,000,00,2,1,01,C01
201700006853,1,14,000,00,2,5,01,B01
201700006853,1,07,000,00,2,3,01,A01
201700006854,2,07,000,00,2,1,01,A01
201700006854,2,07,000,00,0,4,01,D01
201700006854,2,07,000,03,0,5,01,B01
201700006854,2,07,000,00,0,4,01,C01
201700006855,2,07,000,00,2,1,11,A01
201700006855,2,17,000,00,0,6,01,B01
201700006856,2,07,000,03,2,2,12,A01
201700006856,2,07,000,00,0,6,01,B01
201700006857,2,07,000,01,0,1,02,B01
201700006857,2,17,000,00,0,6,23,A01
201700006858,2,07,000,03,0,1,14,A01
201700006859,2,07,000,04,0,3,00,A01
201700006860,1,17,000,03,2,7,06,A01
201700006860,2,14,000,00,2,1,21,B01
201700006861,1,07,000,03,0,1,13,A01
201700006862,1,17,000,00,0,8,01,B01
201700006862,1,07,000,01,2,1,01,C01
201700006862,1,07,000,00,2,1,01,D01
201700006862,1,07,000,00,2,7,14,A01
201700006863,1,07,000,13,0,1,18,A01
201700006864,2,07,000,04,2,3,01,A01
201700006864,2,17,000,00,2,3,01,B01
201700006865,2,17,000,00,0,4,02,A01
201700006865,2,17,000,00,2,1,02,B01
201700006866,1,07,000,00,2,1,05,A01
201700006866,2,07,000,00,2,1,02,B01
201700006867,1,07,000,00,0,4,02,A01
201700006867,1,07,000,00,2,4,02,B01
201700006867,1,07,000,00,2,1,02,C01
201700006867,1,07,000,00,2,1,02,D01
201700006867,1,07,000,00,2,1,02,E01
201700006867,1,15,000,00,2,3,17,F01
201700006868,1,07,000,00,0,4,24,A01
201700006868,1,07,000,01,0,1,01,B01
201700006869,1,15,000,00,1,7,01,B01
201700006870,2,07,000,03,0,2,01,A01
201700006871,2,10,000,01,1,7,01,A01
201700006871,2,07,000,00,2,8,24,B01
201700006872,2,07,000,04,0,2,00,A01
201700006873,0,15,000,00,1,2,20,A01
201700006874,1,10,000,00,2,4,17,B01
201700006874,1,07,000,00,2,3,00,C01
201700006874,1,07,000,01,2,8,21,D01
201700006874,1,07,000,00,2,1,17,A01
201700006874,1,15,000,00,2,6,23,E01
201700006875,1,07,000,01,0,2,01,A01
201700006875,1,10,000,03,0,9,01,B01
201700006876,2,14,000,03,0,2,00,A01
201700006877,1,07,000,00,2,6,11,A01
201700006877,1,07,000,04,0,2,01,B01
201700006877,1,15,000,00,0,6,01,C01
201700006878,1,10,000,01,0,2,21,C01
201700006878,1,07,000,00,2,1,02,A01
201700006878,1,07,000,00,0,4,00,B01
201700006879,1,10,000,00,2,7,14,A01
201700006879,1,17,000,00,0,8,01,B01
201700006880,1,07,000,04,0,8,13,A01
201700006881,2,17,000,00,0,4,01,B01
201700006881,2,07,000,00,2,1,01,A01
201700006881,2,17,000,14,0,1,02,D01
201700006881,2,17,000,00,0,5,01,C01
201700006882,1,07,000,00,2,4,01,B01
201700006882,1,15,000,00,2,1,01,A01
201700006883,1,07,000,13,0,9,14,A01
201700006884,1,17,000,03,0,2,14,A01
201700006885,2,17,000,00,0,6,01,A01
201700006885,2,10,000,00,2,2,14,B01
201700006886,1,07,000,04,0,1,01,A01
201700006887,2,07,000,04,0,3,13,A01
201700006888,2,07,000,00,2,2,13,A01
201700006888,2,17,000,00,0,8,11,B01
201700006889,1,07,000,00,2,2,14,A01
201700006889,1,07,000,00,2,3,01,B01
201700006890,1,07,000,00,0,6,01,A01
201700006890,1,07,000,00,2,2,02,B01
201700006891,1,07,000,00,2,4,02,B01
201700006891,1,07,000,00,2,1,02,A01
201700006892,2,07,000,15,0,1,01,A01
201700006893,1,07,000,03,0,6,14,B01
201700006893,1,15,000,00,2,1,02,A01
201700006894,2,07,000,13,0,9,14,A01
201700006895,2,07,000,04,2,7,14,A01
201700006895,2,17,000,00,2,6,01,B01
201700006895,2,07,000,00,2,4,01,C01
201700006896,1,07,000,13,0,9,14,A01
201700006897,2,07,000,00,2,1,02,A01
201700006897,2,07,000,00,2,3,02,B01
201700006897,2,07,000,00,2,1,02,C01
201700006897,2,07,000,00,2,4,02,D01
201700006897,2,07,000,00,0,4,02,E01
201700006898,1,07,000,13,0,4,21,A01
201700006899,2,10,000,04,0,1,01,A01
201700006900,2,07,000,14,0,1,01,D01
201700006900,2,17,000,00,0,6,01,B01
201700006900,2,07,000,00,2,2,11,A01
201700006900,2,07,000,14,0,8,21,C01
201700006901,2,10,000,13,0,1,17,A01
201700006902,0,07,000,00,1,4,04,A01
201700006903,2,07,000,00,2,1,13,A01
201700006903,1,07,000,00,2,1,01,B01
201700006904,2,07,000,00,2,8,15,B01
201700006904,2,33,000,00,2,7,17,A01
201700006905,2,01,000,00,2,1,02,B01
201700006905,2,17,000,00,0,4,23,A01
201700006906,0,07,000,00,9,5,16,A01
201700006906,0,01,000,00,2,1,01,B01
201700006907,1,32,000,00,2,1,17,B01
201700006907,1,07,000,00,2,8,15,A01
201700006908,0,07,000,02,2,4,00,A01
201700006908,0,07,000,00,2,1,01,B01
201700006909,0,33,000,00,2,8,17,A01
201700006909,0,07,000,00,9,3,01,B01
201700006910,0,07,000,06,0,1,01,A01
201700006911,2,07,000,00,2,1,14,A01
201700006911,1,07,000,00,2,3,00,B01
201700006912,0,34,000,00,2,1,01,B01
201700006912,0,07,000,00,2,2,15,A01
201700006913,0,07,000,00,2,3,01,A01
201700006913,0,07,000,00,2,3,01,B01
201700006914,0,07,000,00,2,1,01,A01
201700006914,0,07,000,00,0,6,01,C01
201700006914,0,07,000,00,2,4,01,B01
201700006915,1,01,000,00,0,0,00,A01
201700006916,2,33,000,00,2,1,01,B01
201700006916,0,07,000,00,2,2,15,A01
201700006917,0,01,000,00,2,1,02,B01
201700006917,0,33,000,00,2,2,23,A01
201700006918,2,34,000,00,2,1,17,A01
201700006918,2,07,000,00,1,3,15,B01
201700006919,0,02,000,00,2,1,01,A01
201700006919,0,07,000,00,2,8,19,B01
201700006920,0,07,000,13,5,1,01,A01
201700006921,2,07,000,00,2,3,13,A01
201700006921,1,17,000,00,2,3,01,B01
201700006922,2,38,039,13,0,7,14,A01
201700006923,1,17,000,00,0,0,01,C01
201700006923,2,07,000,00,9,1,01,A01
201700006923,2,07,000,00,9,1,01,B01
201700006924,1,33,000,00,0,8,01,A01
201700006925,1,07,000,00,2,2,17,A01
201700006925,1,17,000,00,0,0,01,B01
201700006926,2,07,000,00,1,2,01,A01
201700006927,1,07,000,00,2,2,02,A01
201700006927,1,07,000,00,0,6,02,B01
201700006928,1,07,000,00,2,1,05,A01
201700006928,2,07,000,00,2,3,01,B01
201700006928,2,07,000,00,2,2,00,C01
201700006928,2,07,000,00,0,0,00,D01
201700006928,2,07,000,00,0,0,00,E01
201700006928,2,07,000,00,2,1,00,F01
201700006928,2,07,000,00,2,1,00,G01
201700006928,2,07,000,00,2,1,00,H01
201700006929,1,07,000,00,2,2,00,B01
201700006929,1,33,000,00,2,4,11,A01
201700006930,1,07,000,00,2,2,14,A01
201700006930,1,15,000,03,0,9,01,B01
201700006931,2,07,000,00,2,3,02,A01
201700006931,2,14,000,00,0,5,02,B01
201700006932,1,07,000,00,2,1,02,A01
201700006932,1,07,000,03,0,4,02,B01
201700006933,1,33,000,14,0,1,00,A01
201700006934,1,07,000,03,2,4,02,A01
201700006934,1,07,000,00,2,1,02,B01
201700006934,1,07,000,00,2,2,02,C01
201700006934,1,07,000,00,2,2,02,D01
201700006934,1,07,000,00,2,7,02,E01
201700006935,1,17,000,00,2,2,02,A01
201700006935,1,07,000,00,2,6,01,B01
201700006935,1,07,000,03,0,3,02,C01
201700006936,1,07,000,04,0,3,01,A01
201700006937,0,07,000,00,2,2,17,A01
201700006937,0,07,000,03,0,6,01,B01
201700006938,1,07,000,00,2,1,02,A01
201700006938,1,14,000,00,0,4,02,B01
201700006938,1,07,000,14,0,2,02,C01
201700006939,2,07,000,00,2,4,01,A01
201700006939,2,07,000,00,2,1,01,B01
201700006940,1,07,000,00,2,2,14,A01
201700006940,1,07,000,00,0,6,01,B01
201700006940,2,07,000,00,5,1,01,C01
201700006941,2,07,000,13,0,6,01,A01
201700006942,2,07,000,00,0,4,01,B01
201700006942,2,07,000,02,0,9,02,A01
201700006943,2,07,000,03,2,2,02,A01
201700006943,2,07,000,03,2,5,02,B01
201700006944,1,07,000,13,2,3,02,A01
201700006944,1,07,000,07,0,8,02,B01
201700006945,2,10,000,01,0,1,00,A01
201700006945,2,17,000,00,0,4,00,B01
201700006946,1,07,000,04,0,3,01,A01
201700006947,1,17,000,03,0,3,01,A01
201700006948,1,07,000,00,0,6,01,A01
201700006948,1,07,000,00,2,1,13,B01
201700006949,1,07,000,04,0,3,02,A01
201700006949,1,07,000,03,0,5,00,B01
201700006950,1,33,000,03,0,1,01,A01
201700006951,1,07,000,00,0,6,23,A01
201700006951,1,17,000,00,2,2,01,B01
201700006952,1,07,000,04,0,9,01,A01
201700006953,1,07,000,03,0,5,02,A01
201700006953,1,07,000,00,2,3,02,B01
201700006954,1,07,000,03,0,2,01,A01
201700006954,1,07,000,03,2,0,11,B01
201700006954,1,07,000,00,0,0,01,C01
201700006954,1,07,000,00,0,1,01,D01
201700006955,2,07,000,00,0,4,01,A01
201700006955,2,07,000,01,0,2,01,B01
201700006955,2,07,000,01,0,1,01,C01
201700006956,1,10,000,00,2,7,02,A01
201700006956,1,10,000,00,2,6,01,B01
201700006957,1,07,000,16,0,2,00,A01
201700006958,2,07,000,04,0,8,01,A01
201700006959,2,10,000,03,0,2,01,A01
201700006960,1,07,000,00,0,4,02,B01
201700006960,1,10,000,00,2,1,02,C01
201700006960,1,07,000,03,0,1,13,A01
201700006961,2,07,000,00,2,1,02,C01
201700006961,2,07,000,00,2,2,17,A01
201700006961,2,07,000,00,2,8,01,B01
201700006962,1,07,000,00,1,3,01,A01
201700006963,1,07,000,00,1,1,01,A01
201700006964,1,07,000,00,1,8,01,A01
201700006965,0,07,000,00,1,2,09,A01
201700006966,0,31,000,00,2,1,01,A01
201700006966,0,07,000,00,2,3,09,B01
201700006967,0,07,000,00,2,1,09,A01
201700006967,0,37,000,00,2,2,02,B01
201700006968,0,07,000,00,1,3,15,A01
201700006969,1,07,000,09,0,7,00,A01
201700006970,0,07,000,00,2,3,09,A01
201700006970,0,01,000,00,2,0,00,B01
201700006971,0,07,000,00,1,1,16,A01
201700006972,1,07,000,00,2,1,02,A01
201700006972,1,37,003,00,2,4,02,B01
201700006973,1,07,000,00,2,0,02,A01
201700006974,0,07,000,00,1,1,15,A01
201700006975,1,07,000,00,2,1,24,B01
201700006975,2,07,000,01,2,1,05,A01
201700006975,2,07,000,00,2,0,00,D01
201700006976,1,07,000,00,1,1,01,A01
201700006977,1,07,000,00,1,7,01,A01
201700006978,0,07,000,00,2,7,16,B01
201700006978,0,07,000,00,2,1,00,A01
201700006979,1,32,000,00,2,1,01,A01
201700006979,0,07,000,00,2,2,12,B01
201700006980,0,30,000,00,2,1,01,M01
201700006980,0,07,000,00,2,7,15,B01
201700006981,2,31,000,00,2,1,01,B01
201700006981,1,07,000,00,2,8,15,A01
201700006982,1,07,000,00,2,7,15,A01
201700006982,1,34,000,00,2,1,17,B01
201700006983,1,07,000,00,1,1,01,A01
201700006984,0,07,000,08,0,8,01,A01
201700006985,0,31,000,00,0,1,00,A01
201700006986,0,07,000,00,2,2,15,A01
201700006986,0,02,000,00,2,1,01,B01
201700006987,0,07,000,00,0,0,00,B01
201700006987,0,07,000,00,0,0,00,A01
201700006988,1,07,000,00,1,1,15,A01
201700006989,1,31,000,00,1,1,01,A01
201700006990,2,07,000,00,2,1,15,A01
201700006990,2,07,000,00,2,1,01,B01
201700006991,0,37,010,00,1,8,01,A01
201700006992,1,33,000,00,2,1,01,A01
201700006993,2,07,000,00,0,9,13,A01
201700006994,1,07,000,00,2,8,15,A01
201700006994,1,07,000,00,2,1,01,B01
201700006995,1,31,000,09,2,2,14,A01
201700006996,1,07,000,00,1,7,01,A01
201700006997,2,31,000,00,0,7,02,A01
201700006998,1,07,000,00,0,9,12,A01
201700006999,2,01,000,00,2,1,09,B01
201700006999,1,07,000,00,2,8,09,A01
201700007000,0,07,000,00,1,1,01,A01
201700007001,0,01,000,15,0,1,14,A01
201700007002,2,07,000,00,2,4,16,A01
201700007002,2,01,000,00,2,1,01,B01
201700007003,0,33,000,00,2,1,02,A01
201700007003,0,07,000,00,2,5,01,B01
201700007004,0,07,000,00,2,4,01,A01
201700007004,0,07,000,00,2,1,01,B01
201700007005,1,01,000,00,2,1,01,B01
201700007005,1,07,000,00,2,2,15,A01
201700007006,1,07,000,00,0,9,01,A01
201700007007,1,07,000,00,2,4,01,B01
201700007007,1,07,000,00,2,1,01,A01
201700007008,0,07,000,00,1,1,15,A01
201700007009,1,07,000,00,2,3,17,B01
201700007009,1,07,000,00,2,3,15,A01
201700007010,2,31,000,00,2,1,17,A01
201700007010,2,07,000,00,2,8,15,B01
201700007011,2,15,000,02,0,1,01,A01
201700007012,1,07,000,00,2,1,21,A01
201700007012,2,15,000,00,2,1,01,B01
201700007012,1,10,000,00,2,8,02,C01
201700007013,2,07,000,03,0,1,14,A01
201700007014,1,07,000,00,2,1,01,A01
201700007014,1,17,000,00,2,4,17,B01
201700007015,2,07,000,00,2,2,01,C01
201700007015,2,17,000,00,2,8,01,B01
201700007015,2,07,000,03,2,1,17,A01
201700007016,1,10,000,00,2,6,01,C01
201700007016,1,17,000,00,2,2,02,A01
201700007017,1,07,000,03,0,9,18,A01
201700007018,1,10,000,03,0,3,17,A01
201700007019,2,07,000,03,0,3,01,A01
201700007020,2,07,000,00,0,7,01,C01
201700007020,2,07,000,00,2,4,01,B01
201700007020,2,07,000,00,2,1,01,A01
201700007021,1,16,000,00,2,2,01,A01
201700007021,1,14,000,00,9,1,00,C01
201700007022,1,17,000,00,0,4,01,B01
201700007022,1,07,000,00,2,1,02,A01
201700007023,2,07,000,04,0,3,01,A01
201700007024,2,07,000,03,2,2,17,B01
201700007024,2,07,000,00,2,6,01,A01
201700007025,1,07,000,00,1,3,14,A01
201700007026,2,16,000,13,0,1,01,A01
201700007027,1,07,000,00,2,1,02,A01
201700007027,1,15,000,00,0,0,02,B01
201700007028,2,07,000,03,0,1,01,A01
201700007029,1,07,000,03,0,3,21,C01
201700007029,1,07,000,00,2,1,01,B01
201700007029,1,07,000,00,2,1,01,A01
201700007030,2,07,000,03,0,2,00,H01
201700007030,2,07,000,00,2,1,01,D01
201700007030,2,07,000,00,2,3,01,F01
201700007030,2,07,000,00,2,1,01,B01
201700007030,2,10,000,03,0,2,01,A01
201700007030,2,07,000,00,2,1,01,C01
201700007030,2,07,000,00,2,4,01,E01
201700007030,2,07,000,00,2,1,02,G01
201700007031,1,07,000,07,0,1,01,A01
201700007032,2,17,000,00,2,1,01,B01
201700007032,2,10,000,00,2,1,17,A01
201700007033,2,07,000,13,0,2,01,A01
201700007034,1,07,000,03,2,6,09,B01
201700007034,1,07,000,00,2,2,01,A01
201700007035,1,07,000,00,2,3,01,B01
201700007035,2,33,000,00,2,1,13,A01
201700007036,1,07,000,02,0,0,01,A01
201700007037,1,33,000,00,2,8,01,B01
201700007037,2,07,000,00,2,3,15,A01
201700007038,0,10,000,01,1,7,01,B01
201700007039,0,07,000,00,2,1,01,A01
201700007039,0,07,000,00,2,7,15,B01
201700007040,0,33,000,03,0,1,01,A01
201700007041,2,07,000,13,0,2,21,D01
201700007041,1,07,000,13,2,5,21,A01
201700007041,2,07,000,00,2,8,01,B01
201700007041,2,07,000,00,2,1,01,C01
201700007042,0,37,009,00,1,1,01,A01
201700007043,1,07,000,01,0,1,14,A01
201700007043,1,17,000,00,0,0,24,B01
201700007044,1,17,000,00,2,8,02,C01
201700007044,1,10,000,00,2,1,17,A01
201700007044,2,17,000,15,2,3,01,B01
201700007045,0,17,000,00,0,3,01,A01
201700007046,1,07,000,00,2,3,13,A01
201700007046,2,15,000,00,2,3,01,B01
201700007047,1,14,000,00,1,2,01,A01
201700007048,2,07,000,00,2,1,01,C01
201700007048,1,15,000,00,0,3,01,A01
201700007049,1,07,000,00,1,1,01,A01
201700007050,1,07,000,00,2,1,01,A01
201700007050,1,01,000,00,2,3,19,B01
201700007051,0,07,000,00,0,1,02,A01
201700007051,0,07,000,00,2,4,02,B01
201700007051,0,07,000,00,0,4,02,C01
201700007052,2,07,000,00,2,1,01,B01
201700007052,1,07,000,00,2,7,19,A01
201700007053,1,33,000,00,2,9,01,B01
201700007053,2,07,000,00,0,8,15,A01
201700007054,1,07,000,00,1,3,19,A01
201700007055,0,07,000,00,2,1,15,B01
201700007055,0,33,000,00,2,1,18,A01
201700007056,0,02,000,00,2,8,00,A01
201700007056,0,02,000,00,2,8,00,B01
201700007057,0,07,000,00,2,1,15,A01
201700007057,0,07,000,06,0,3,01,B01
201700007058,1,07,000,00,2,1,01,B01
201700007058,0,07,000,00,2,7,00,A01
201700007059,0,10,000,00,9,2,02,A01
201700007059,0,01,000,00,2,3,15,B01
201700007060,0,07,000,00,2,1,15,B01
201700007060,0,07,000,00,2,3,01,A01
201700007061,1,15,000,00,0,1,01,B01
201700007061,2,07,000,03,2,7,16,A01
201700007062,1,17,000,00,2,7,01,B01
201700007062,1,07,000,00,2,3,15,A01
201700007063,1,07,000,00,0,4,02,C01
201700007063,1,07,000,00,2,4,02,B01
201700007063,1,15,000,00,2,1,02,A01
201700007064,1,07,000,00,2,1,13,A01
201700007064,1,17,000,00,2,1,01,B01
201700007065,0,14,000,13,0,0,00,A01
201700007066,1,37,001,00,1,1,17,A01
201700007067,1,10,000,00,2,1,02,B01
201700007067,1,14,000,00,0,4,23,A01
201700007068,0,38,001,00,2,1,01,B01
201700007068,0,07,000,00,2,8,15,A01
201700007069,1,17,000,00,2,8,13,A01
201700007069,2,07,000,00,0,8,21,B01
201700007070,1,14,000,00,2,3,01,B01
201700007070,2,10,000,00,2,3,01,A01
201700007071,2,17,000,16,0,2,01,A01
201700007072,2,17,000,02,0,2,01,A01
201700007073,2,17,000,14,2,1,02,A01
201700007073,2,10,000,00,0,4,02,B01
201700007074,1,07,000,00,2,3,13,A01
201700007074,2,14,000,00,2,8,01,B01
201700007075,1,15,000,00,2,1,02,A01
201700007075,1,07,000,00,2,4,23,B01
201700007075,1,14,000,00,0,4,23,C01
201700007076,2,14,000,13,0,7,01,A01
201700007077,1,10,000,00,2,1,19,A01
201700007077,2,14,000,00,2,7,01,B01
201700007078,2,17,000,08,0,8,01,A01
201700007079,1,14,000,07,0,3,02,A01
201700007080,2,17,000,03,0,7,01,A01
201700007080,2,17,000,14,0,8,02,B01
201700007080,2,07,000,14,0,1,02,C01
201700007081,1,07,000,00,2,5,01,B01
201700007081,1,07,000,00,2,3,11,A01
201700007081,1,15,000,01,2,2,01,C01
201700007082,2,10,000,00,0,5,23,A01
201700007082,2,17,000,01,0,3,21,B01
201700007083,2,07,000,03,0,3,16,A01
201700007084,1,07,000,03,0,8,01,A01
201700007085,2,33,000,00,2,4,01,B01
201700007085,2,07,000,00,2,2,01,A01
201700007086,1,33,000,03,0,7,01,A01
201700007087,2,07,000,04,0,1,01,A01
201700007088,2,17,000,01,0,1,02,A01
201700007088,2,17,000,00,0,4,20,B01
201700007089,2,15,000,00,2,2,01,B01
201700007089,2,07,000,03,2,7,00,A01
201700007090,1,07,000,00,2,7,01,A01
201700007090,1,15,000,00,2,8,12,B01
201700007091,1,07,000,03,2,1,00,A01
201700007091,1,07,000,00,2,6,01,B01
201700007092,1,07,000,00,2,1,02,B01
201700007092,1,15,000,00,0,4,02,A01
201700007093,2,10,000,03,0,3,00,A01
201700007094,2,07,000,00,2,1,01,A01
201700007094,2,15,000,00,0,6,01,B01
201700007095,2,07,000,00,1,1,01,A01
201700007096,2,07,000,02,0,2,00,A01
201700007097,2,10,000,00,0,0,02,A01
201700007097,2,07,000,14,0,9,02,B01
201700007098,2,10,000,03,0,8,14,A01
201700007099,2,15,000,00,1,1,01,A01
201700007100,1,07,000,00,2,4,02,C01
201700007100,1,07,000,00,2,4,23,D01
201700007100,1,07,000,01,0,1,02,B01
201700007100,1,07,000,03,0,1,02,A01
201700007100,1,07,000,00,2,4,23,E01
201700007101,2,07,000,00,0,5,02,A01
201700007102,2,07,000,00,0,1,02,A01
201700007102,2,07,000,00,0,4,00,B01
201700007103,1,15,000,00,2,1,02,A01
201700007103,1,07,000,00,0,4,02,B01
201700007104,2,07,000,14,0,4,02,B01
201700007104,2,07,000,00,2,1,02,A01
201700007105,1,15,000,00,0,4,01,A01
201700007105,1,15,000,00,2,1,01,B01
201700007105,1,15,000,00,2,1,01,C01
201700007105,1,15,000,00,2,1,01,D01
201700007106,1,07,000,00,2,7,02,A01
201700007106,1,15,000,00,2,3,02,B01
201700007107,1,17,000,03,2,1,01,B01
201700007107,1,17,000,00,2,7,01,D01
201700007107,1,07,000,05,2,1,16,A01
201700007108,1,07,000,03,0,3,00,A01
201700007109,2,17,000,03,0,2,00,A01
201700007110,2,07,000,04,0,1,01,A01
201700007111,1,07,000,15,0,0,00,A01
201700007112,2,33,000,03,0,0,01,A01
201700007113,2,07,000,00,0,3,02,A01
201700007113,2,07,000,00,2,6,02,B01
201700007114,1,07,000,00,0,9,01,A01
201700007115,1,07,000,00,2,1,01,A01
201700007115,1,17,000,00,0,4,01,B01
201700007116,2,10,000,03,0,8,00,A01
201700007117,2,33,000,00,2,7,21,A01
201700007117,2,10,000,00,0,6,01,B01
201700007118,1,10,000,00,2,2,01,A01
201700007118,1,31,000,15,2,9,15,B01
201700007119,2,07,000,00,2,1,17,A01
201700007119,1,07,000,00,2,6,21,B01
201700007119,1,07,000,00,2,1,21,C01
201700007120,1,07,000,00,2,4,23,A01
201700007120,1,30,000,00,2,1,02,B01
201700007121,1,07,000,00,1,2,15,A01
201700007122,1,07,000,00,0,4,02,A01
201700007122,1,33,000,00,2,1,02,B01
201700007123,1,07,000,00,2,1,13,A01
201700007123,2,07,000,00,2,1,01,B01
201700007124,0,07,000,16,0,9,01,A01
201700007125,2,07,000,13,0,2,01,A01
201700007126,2,07,000,00,2,1,11,A01
201700007126,1,14,000,00,2,1,01,B01
201700007127,2,15,000,00,2,3,15,A01
201700007127,1,33,000,00,2,3,01,B01
201700007128,2,14,000,00,2,2,02,A01
201700007128,1,07,000,00,2,5,11,B01
201700007129,2,07,000,00,2,3,01,A01
201700007129,1,38,050,00,2,3,01,B01
201700007130,2,07,000,00,2,1,17,A01
201700007130,1,07,000,00,2,1,01,B01
201700007130,1,07,000,00,2,1,02,C01
201700007130,2,15,000,00,2,6,01,D01
201700007131,2,07,000,04,2,7,13,A01
201700007131,1,15,000,04,2,1,01,B01
201700007131,2,07,000,00,2,6,01,C01
201700007132,2,33,000,03,2,8,11,A01
201700007132,2,07,000,00,2,7,01,B01
201700007132,2,07,000,03,2,0,01,C01
201700007133,1,07,000,00,1,1,02,B01
201700007133,1,07,000,14,0,1,02,C01
201700007133,1,07,000,00,2,4,02,D01
201700007134,1,07,000,00,2,9,02,B01
201700007134,1,07,000,00,0,4,02,C01
201700007134,1,07,000,00,2,1,02,A01
201700007135,2,07,000,01,0,1,01,A01
201700007136,1,07,000,00,2,1,02,A01
201700007136,1,07,000,00,2,9,02,B01
201700007136,1,07,000,00,2,7,02,C01
201700007137,1,07,000,00,2,1,05,A01
201700007137,2,07,000,00,2,6,01,B01
201700007137,2,07,000,00,2,1,01,C01
201700007137,2,07,000,00,2,1,01,D01
201700007138,2,07,000,00,2,4,02,D01
201700007138,2,10,000,00,2,1,02,A01
201700007138,2,07,000,00,2,4,02,B01
201700007138,2,07,000,00,2,4,02,E01
201700007138,2,07,000,00,2,4,02,F01
201700007138,2,07,000,00,2,4,02,C01
201700007139,2,07,000,00,2,3,17,D01
201700007139,2,15,000,00,2,3,12,A01