Num_Acc,senc,catv,occutc,obs,obsm,choc,manv,num_veh
201700007482,1,07,000,00,0,4,02,B01
201700007483,1,07,000,00,2,1,02,A01
201700007483,1,15,000,00,0,4,02,B01
201700007484,2,10,000,00,0,8,01,A01
201700007485,2,30,000,11,2,8,13,A01
201700007485,1,14,000,00,2,8,23,B01
201700007486,0,14,000,00,2,4,04,A01
201700007486,0,02,000,00,2,1,23,B01
201700007487,2,17,000,00,2,1,00,B01
201700007487,1,07,000,00,2,3,21,A01
201700007488,1,17,000,00,2,1,02,A01
201700007488,1,07,000,00,2,4,02,D01
201700007488,1,07,000,00,2,4,02,B01
201700007488,1,07,000,00,2,4,02,C01
201700007489,1,14,000,00,2,1,01,B01
201700007489,2,07,000,00,2,7,15,A01
201700007490,1,17,000,00,2,1,01,B01
201700007490,2,15,000,00,2,6,01,A01
201700007491,1,15,000,13,0,2,02,A01
201700007492,2,10,000,00,0,6,00,B01
201700007492,2,14,000,00,2,1,13,A01
201700007492,1,07,000,00,2,1,01,C01
201700007493,0,17,000,00,0,7,01,B01
201700007493,0,30,000,00,2,2,15,A01
201700007494,1,17,000,00,2,3,01,B01
201700007494,2,07,000,00,2,3,21,A01
201700007494,2,21,000,00,2,6,01,C01
201700007495,1,07,000,00,1,1,01,A01
201700007496,1,07,000,00,2,3,01,B01
201700007496,2,33,000,00,2,3,18,A01
201700007497,2,10,000,00,2,3,01,B01
201700007497,1,07,000,00,2,8,15,A01
201700007498,1,33,000,15,9,2,15,A01
201700007498,2,07,000,00,0,1,01,B01
201700007499,1,07,000,00,2,3,00,A01
201700007499,2,07,000,00,2,3,01,B01
201700007499,2,10,000,00,2,8,21,C01
201700007500,1,07,000,00,1,3,01,A01
201700007501,2,07,000,00,1,1,01,A01
201700007502,1,07,000,00,2,4,23,B01
201700007502,1,07,000,00,2,1,02,A01
201700007502,1,07,000,00,2,4,23,C01
201700007503,1,07,000,00,2,3,11,A01
201700007503,1,31,000,00,2,7,17,B01
201700007504,1,38,000,00,2,3,01,A01
201700007504,2,07,000,00,2,3,13,B01
201700007505,0,07,000,00,2,3,01,A01
201700007505,0,02,000,00,2,3,01,B01
201700007506,1,07,000,02,0,1,14,A01
201700007507,1,07,000,13,0,9,14,A01
201700007508,2,07,000,06,0,1,14,A01
201700007509,1,07,000,00,1,2,01,A01
201700007510,2,07,000,00,1,2,14,A01
201700007511,2,07,000,00,2,3,01,B01
201700007511,1,07,000,00,2,3,15,A01
201700007512,1,02,000,00,1,1,01,A01
201700007513,1,07,000,00,1,4,04,A01
201700007514,2,07,000,03,0,2,14,A01
201700007515,1,07,000,10,0,1,13,A01
201700007516,2,07,000,00,2,1,15,A01
201700007516,1,33,000,00,2,1,01,B01
201700007517,0,07,000,00,2,3,15,A01
201700007517,0,37,005,00,2,2,01,B01
201700007518,2,07,000,00,2,2,02,A01
201700007518,2,17,000,00,0,0,02,B01
201700007519,2,38,021,13,0,7,02,A01
201700007520,2,07,000,03,2,3,01,C01
201700007520,2,07,000,00,2,3,01,D01
201700007520,1,15,000,03,2,3,13,A01
201700007521,2,07,000,00,2,2,15,A01
201700007521,1,07,000,00,2,3,01,B01
201700007521,2,14,000,00,2,3,01,C01
201700007522,1,07,000,00,2,3,13,A01
201700007522,2,15,000,00,2,6,00,B01
201700007523,1,15,000,00,2,1,02,A01
201700007523,1,07,000,03,2,4,02,B01
201700007524,2,07,000,00,2,2,16,B01
201700007524,2,33,000,00,2,1,01,A01
201700007525,2,33,000,00,2,1,02,A01
201700007525,2,07,000,00,2,1,01,B01
201700007525,2,07,000,00,0,4,02,C01
201700007526,1,07,000,00,2,7,16,A01
201700007526,1,33,000,00,2,1,01,B01
201700007527,2,07,000,00,0,4,02,B01
201700007527,2,33,000,00,2,1,02,A01
201700007528,1,07,000,00,2,4,02,B01
201700007528,1,07,000,00,2,6,02,C01
201700007528,1,07,000,00,2,1,02,A01
201700007529,2,07,000,03,0,3,01,A01
201700007530,1,07,000,00,2,2,02,A01
201700007530,1,17,000,00,0,0,01,C01
201700007531,2,07,000,01,0,1,02,A01
201700007531,2,07,000,00,0,4,23,B01
201700007531,2,07,000,00,0,5,02,C01
201700007532,2,15,000,00,0,8,23,C01
201700007532,2,15,000,00,0,6,23,B01
201700007532,2,14,000,01,0,1,01,A01
201700007533,2,17,000,00,0,4,02,B01
201700007533,2,17,000,00,2,1,11,A01
201700007534,2,17,000,00,2,1,02,A01
201700007534,2,17,000,00,0,4,02,B01
201700007535,1,17,000,00,2,8,11,B01
201700007535,1,07,000,03,2,2,01,A01
201700007536,2,07,000,04,2,1,02,B01
201700007536,2,07,000,00,0,0,09,A01
201700007536,2,07,000,00,0,4,01,C01
201700007537,1,07,000,16,0,0,02,A01
201700007537,1,07,000,00,0,0,12,B01
201700007538,2,07,000,03,2,3,01,B01
201700007538,2,07,000,03,2,3,01,C01
201700007538,2,07,000,00,2,3,05,A01
201700007539,1,33,000,00,2,1,03,B01
201700007539,1,07,000,00,2,4,12,A01
201700007540,2,07,000,00,2,4,02,B01
201700007540,2,10,000,00,0,4,02,C01
201700007540,2,07,000,00,2,1,02,A01
201700007541,1,07,000,00,2,1,02,A01
201700007541,1,07,000,00,0,4,02,B01
201700007542,2,10,000,00,0,6,24,B01
201700007542,2,07,000,01,1,2,02,A01
201700007543,2,17,000,00,0,4,01,B01
201700007543,2,07,000,00,2,1,00,A01
201700007544,2,07,000,00,2,1,17,A01
201700007544,2,07,000,00,0,4,17,B01
201700007545,2,07,000,00,1,2,02,A01
201700007546,2,17,000,03,0,4,01,C01
201700007546,2,14,000,00,2,1,01,A01
201700007547,1,07,000,03,0,1,01,A01
201700007548,1,07,000,00,2,1,13,A01
201700007548,0,07,000,00,2,1,01,B01
201700007549,1,07,000,13,0,6,01,B01
201700007549,1,07,000,00,2,2,01,A01
201700007550,2,33,000,00,0,3,01,A01
201700007551,1,07,000,13,0,3,01,A01
201700007552,0,33,000,00,0,8,01,A01
201700007553,2,17,000,00,0,4,23,A01
201700007553,2,10,000,00,2,1,02,B01
201700007553,2,07,000,00,2,1,02,C01
201700007554,2,38,030,16,0,7,21,A01
201700007555,1,07,000,04,0,3,02,C01
201700007555,1,07,000,03,0,0,02,D01
201700007555,1,07,000,16,9,1,02,A01
201700007555,1,07,000,00,2,1,02,B01
201700007556,2,07,000,04,0,3,00,A01
201700007557,1,07,000,04,0,3,09,A01
201700007558,2,07,000,04,0,3,01,A01
201700007559,0,07,000,00,2,3,05,A01
201700007559,2,07,000,00,2,3,17,B01
201700007560,1,07,000,03,9,3,01,A01
201700007561,2,07,000,15,0,1,01,A01
201700007562,1,07,000,00,0,4,01,A01
201700007562,1,07,000,00,2,1,01,B01
201700007563,2,07,000,13,0,7,01,A01
201700007564,1,07,000,03,0,2,01,A01
201700007565,1,33,000,00,9,1,17,A01
201700007566,1,07,000,03,0,1,11,A01
201700007567,1,07,000,00,2,5,01,A01
201700007567,1,07,000,00,2,2,12,B01
201700007568,1,07,000,00,2,3,01,A01
201700007568,1,07,000,13,0,5,17,B01
201700007569,2,07,000,00,0,0,01,A01
201700007570,2,07,000,13,0,9,01,A01
201700007571,2,17,000,00,2,2,12,A01
201700007571,2,07,000,00,2,6,01,B01
201700007571,2,07,000,00,2,2,01,C01
201700007572,1,07,000,02,0,1,01,A01
201700007573,1,15,000,00,0,5,23,A01
201700007573,1,07,000,00,2,2,21,B01
201700007574,1,07,000,00,2,1,01,A01
201700007574,1,07,000,00,0,4,01,B01
201700007575,2,07,000,03,0,9,01,A01
201700007576,1,07,000,00,2,3,01,A01
201700007576,1,07,000,00,2,9,14,B01
201700007577,1,07,000,00,2,2,11,A01
201700007577,1,17,000,00,0,6,01,B01
201700007577,1,07,000,00,2,3,13,C01
201700007578,1,07,000,03,0,1,14,A01
201700007579,2,07,000,00,0,4,01,A01
201700007579,2,07,000,00,2,1,01,B01
201700007579,2,07,000,00,2,1,01,C01
201700007580,2,33,000,00,2,1,02,A01
201700007580,2,07,000,00,0,6,02,B01
201700007581,1,33,000,00,2,1,03,A01
201700007581,1,07,000,00,0,6,13,B01
201700007582,2,07,000,03,0,2,01,A01
201700007582,2,07,000,00,2,3,02,B01
201700007583,1,07,000,03,2,2,13,A01
201700007583,1,07,000,00,2,6,14,B01
201700007584,1,17,000,00,0,6,23,A01
201700007584,1,10,000,00,2,2,02,B01
201700007585,1,15,000,01,0,2,01,A01
201700007586,1,07,000,15,2,3,17,A01
201700007586,1,07,000,03,0,5,11,B01
201700007587,2,07,000,03,0,3,21,A01
201700007588,2,07,000,03,0,2,21,A01
201700007589,2,17,000,00,2,1,02,A01
201700007589,2,17,000,00,2,4,02,B01
201700007590,2,07,000,00,2,3,01,A01
201700007590,1,17,000,00,2,0,10,B01
201700007591,1,07,000,13,0,1,00,A01
201700007592,1,17,000,00,2,2,02,A01
201700007592,1,10,000,00,0,6,01,C01
201700007593,1,15,000,16,0,7,15,A01
201700007594,2,07,000,03,0,3,01,A01
201700007594,2,07,000,01,0,3,17,B01
201700007594,2,07,000,03,0,1,01,C01
201700007595,1,10,000,00,2,2,14,A01
201700007595,1,17,000,00,2,6,01,B01
201700007596,2,07,000,03,0,2,01,A01
201700007597,1,07,000,00,0,4,02,A01
201700007598,2,07,000,00,2,1,02,A01
201700007598,2,07,000,00,0,6,02,B01
201700007599,2,07,000,00,2,1,01,B01
201700007599,2,37,001,00,2,3,23,C01
201700007599,1,07,000,14,2,7,01,A01
201700007600,1,17,000,00,0,4,23,C01
201700007600,1,07,000,14,0,1,02,A01
201700007600,1,10,000,14,0,4,23,B01
201700007601,2,15,000,00,0,6,01,B01
201700007601,2,07,000,00,2,2,00,A01
201700007601,2,07,000,00,2,3,02,C01
201700007602,1,07,000,03,0,6,01,A01
201700007603,1,07,000,00,2,1,05,A01
201700007603,2,07,000,00,2,1,01,B01
201700007604,1,16,000,00,0,0,01,B01
201700007604,0,07,000,00,0,0,09,A01
201700007605,1,07,000,04,0,9,01,A01
201700007606,2,10,000,01,1,2,01,A01
201700007607,2,14,000,00,1,1,01,A01
201700007608,1,07,000,00,0,4,01,A01
201700007608,1,07,000,00,2,1,02,B01
201700007608,1,07,000,00,2,1,01,C01
201700007608,1,07,000,03,2,2,01,D01
201700007608,1,07,000,03,2,0,01,E01
201700007609,1,07,000,00,2,4,11,B01
201700007609,1,07,000,00,2,1,01,A01
201700007609,1,14,000,00,0,8,11,C01
201700007610,1,33,000,00,6,1,01,A01
201700007611,2,07,000,03,0,2,14,A01
201700007612,2,07,000,00,2,1,02,A01
201700007612,2,17,000,00,0,4,02,B01
201700007613,2,07,000,00,2,1,01,A01
201700007613,2,17,000,00,0,6,24,B01
201700007614,2,17,000,13,0,8,16,A01
201700007615,2,07,000,00,2,1,05,A01
201700007615,1,07,000,00,2,1,01,B01
201700007615,1,15,000,00,2,2,01,C01
201700007616,1,07,000,04,0,3,17,A01
201700007617,2,07,000,03,0,3,01,A01
201700007618,1,07,000,00,2,8,18,A01
201700007618,1,10,000,00,0,8,01,B01
201700007618,1,07,000,00,2,1,01,C01
201700007618,1,07,000,00,2,4,01,D01
201700007618,1,10,000,00,2,4,01,E01
201700007618,1,07,000,00,2,1,01,F01
201700007619,1,07,000,03,0,9,01,A01
201700007620,1,17,000,03,0,8,01,A01
201700007621,1,17,000,01,0,1,01,A01
201700007622,1,07,000,04,0,3,13,A01
201700007623,2,17,000,03,2,1,13,A01
201700007623,1,07,000,03,2,1,01,B01
201700007624,2,07,000,08,0,1,00,A01
201700007625,2,07,000,07,0,3,14,A01
201700007626,2,17,000,03,0,0,14,A01
201700007627,2,07,000,00,2,3,15,A01
201700007627,1,14,000,00,2,3,01,B01
201700007628,0,07,000,00,2,3,15,A01
201700007628,0,34,000,00,2,2,17,B01
201700007629,0,07,000,00,2,8,09,A01
201700007629,0,33,000,00,2,0,00,B01
201700007630,1,07,000,00,2,8,01,B01
201700007630,2,07,000,00,2,1,01,A01
201700007631,2,33,000,00,2,7,14,A01
201700007631,2,07,000,00,2,8,13,B01
201700007632,0,07,000,01,0,1,02,A01
201700007633,2,07,000,00,2,1,02,A01
201700007633,2,07,000,00,2,4,02,B01
201700007633,2,07,000,00,0,4,02,C01
201700007634,1,07,000,01,1,2,14,A01
201700007635,0,34,000,00,2,2,02,B01
201700007635,0,07,000,00,2,6,13,A01
201700007636,0,01,000,00,2,1,01,B01
201700007636,0,07,000,00,2,3,15,A01
201700007637,2,07,000,00,0,4,02,A01
201700007637,2,02,000,01,0,1,02,B01
201700007638,2,07,000,06,0,1,16,A01
201700007639,1,07,000,00,2,2,02,A01
201700007639,1,34,000,00,2,4,02,B01
201700007640,1,07,000,00,0,5,10,A01
201700007640,0,33,000,00,0,2,01,B01
201700007641,2,07,000,00,2,1,01,A01
201700007641,1,07,000,00,2,8,15,B01
201700007642,0,33,000,00,0,1,13,A01
201700007642,0,33,000,00,2,1,02,B01
201700007642,0,99,000,00,2,3,00,C01
201700007643,2,07,000,00,1,2,01,A01
201700007644,0,34,000,14,0,1,17,A01
201700007645,0,07,000,00,0,8,09,A01
201700007645,1,34,000,00,2,0,01,B01
201700007646,2,07,000,00,2,4,13,B01
201700007646,1,07,000,00,2,1,01,A01
201700007647,0,02,000,00,0,0,01,A01
201700007648,0,07,000,00,2,7,15,A01
201700007648,0,33,000,00,2,1,01,B01
201700007649,1,07,000,04,0,1,00,A01
201700007650,2,07,000,02,0,1,01,A01
201700007651,2,34,000,07,0,1,03,A01
201700007652,2,07,000,00,2,8,13,A01
201700007652,1,10,000,00,2,6,01,B01
201700007653,2,17,000,00,2,8,10,A01
201700007653,2,07,000,00,2,1,01,B01
201700007654,2,10,000,00,2,3,10,B01
201700007654,1,07,000,00,2,2,01,A01
201700007655,1,07,000,00,2,1,01,A01
201700007655,1,07,000,00,2,2,19,B01
201700007656,2,07,000,02,0,1,13,A01
201700007657,1,07,000,09,0,2,01,A01
201700007658,2,07,000,00,2,4,23,B01
201700007658,2,07,000,00,2,2,01,C01
201700007658,2,07,000,00,2,4,23,A01
201700007659,2,32,000,00,2,1,01,A01
201700007659,2,07,000,00,2,6,19,B01
201700007660,1,30,000,00,2,8,15,B01
201700007660,1,07,000,00,2,1,01,A01
201700007661,1,07,000,00,2,8,10,A01
201700007661,1,07,000,00,2,1,01,B01
201700007662,1,33,000,05,0,1,00,A01
201700007663,0,02,000,00,0,0,15,A01
201700007664,1,07,000,02,0,8,01,A01
201700007665,0,02,000,00,0,8,01,A01
201700007666,0,02,000,00,2,3,01,B01
201700007666,0,07,000,00,2,3,15,A01
201700007667,2,07,000,00,2,3,15,A01
201700007667,1,33,000,00,2,7,01,B01
201700007668,1,31,000,00,2,1,02,B01
201700007668,1,21,000,00,0,4,15,A01
201700007669,1,07,000,03,2,1,01,B01
201700007669,1,07,000,00,2,6,19,A01
201700007670,0,07,000,00,2,1,02,A01
201700007670,0,33,000,00,0,6,01,B01
201700007671,2,07,000,00,2,2,01,B01
201700007671,1,07,000,00,2,3,13,A01
201700007672,1,07,000,16,0,9,01,A01
201700007673,0,07,000,04,0,3,01,A01
201700007674,2,01,000,00,2,1,01,B01
201700007674,1,07,000,00,9,2,15,A01
201700007675,1,07,000,00,2,1,01,A01
201700007675,0,07,000,00,0,7,09,B01
201700007676,0,33,000,00,2,1,02,B01
201700007676,0,10,000,00,2,2,02,A01
201700007677,1,07,000,00,1,2,01,A01
201700007678,2,10,000,00,2,3,13,A01
201700007678,1,07,000,00,2,3,01,B01
201700007679,1,17,000,00,2,6,01,A01
201700007679,1,33,000,00,2,1,02,B01
201700007680,1,33,000,16,0,0,02,A01
201700007681,1,10,000,00,2,1,14,A01
201700007681,1,17,000,00,0,4,02,B01
201700007682,2,07,000,01,0,2,09,A01
201700007682,2,15,000,00,0,6,24,B01
201700007682,2,07,000,00,2,3,17,C01
201700007683,1,10,000,00,0,6,24,A01
201700007683,1,10,000,01,0,2,01,B01
201700007684,1,07,000,03,0,1,01,A01
201700007685,1,17,000,03,2,1,06,A01
201700007685,2,07,000,00,2,8,01,B02
201700007686,2,17,000,00,2,4,01,B01
201700007686,2,07,000,03,2,1,01,A01
201700007687,1,07,000,03,2,2,02,A01
201700007687,1,17,000,00,2,6,02,B01
201700007688,1,07,000,04,0,3,01,A01
201700007689,2,33,000,00,0,0,01,A01
201700007690,2,33,000,00,0,0,01,A01
201700007691,1,07,000,01,0,1,17,C01
201700007691,1,07,000,00,0,0,01,A01
201700007692,2,33,000,00,2,1,11,A01
201700007693,0,33,000,00,2,1,01,A01
201700007693,0,07,000,00,0,8,01,B01
201700007694,2,07,000,00,2,1,02,A01
201700007694,2,07,000,00,2,4,02,B01
201700007695,1,17,000,00,0,6,02,B01
201700007695,1,07,000,00,2,2,01,A01
201700007696,2,17,000,00,2,2,01,B01
201700007696,1,07,000,00,2,6,13,A01
201700007697,1,07,000,00,2,1,02,A01
201700007697,1,15,000,00,0,4,02,B01
201700007698,1,17,000,00,2,6,02,B01
201700007698,1,07,000,00,2,2,03,A01
201700007699,1,17,000,00,0,4,02,B01
201700007699,1,07,000,00,2,1,02,A01
201700007700,2,15,000,03,0,7,01,A01
201700007701,1,07,000,00,0,4,02,B01
201700007701,1,07,000,00,2,1,02,A01
201700007702,1,07,000,00,2,1,01,A01
201700007702,1,17,000,00,0,4,01,B01
201700007703,2,17,000,03,0,3,01,A01
201700007704,1,07,000,13,0,2,01,A01
201700007705,1,07,000,00,2,3,01,B01
201700007705,2,07,000,00,2,3,17,A01
201700007706,0,33,000,00,2,1,17,B01
201700007706,0,07,000,00,2,1,01,A01
201700007707,1,34,000,00,2,2,15,B01
201700007707,2,07,000,07,2,3,01,A01
201700007708,1,07,000,00,0,4,12,A01
201700007708,1,33,000,00,0,7,21,B01
201700007709,1,33,000,00,2,1,01,A01
201700007709,2,07,000,00,2,8,15,B01
201700007710,2,07,000,00,0,9,01,A01
201700007711,2,17,000,13,0,7,00,A01
201700007712,2,07,000,03,2,6,00,A01
201700007712,2,07,000,04,2,2,00,B01
201700007713,2,10,000,00,0,6,23,A01
201700007713,2,10,000,01,0,3,02,B01
201700007714,1,10,000,03,0,3,02,A01
201700007715,2,07,000,04,0,1,01,A01
201700007716,2,33,000,00,2,8,09,A01
201700007716,2,15,000,00,2,5,09,B01
201700007717,1,07,000,13,0,2,01,A01
201700007718,0,17,000,02,0,1,01,A01
201700007719,1,17,000,00,0,8,01,A01
201700007719,2,07,000,00,0,0,23,B01
201700007720,2,07,000,00,2,1,13,A01
201700007720,1,17,000,00,0,1,01,B01
201700007721,2,07,000,02,0,1,02,C01
201700007721,1,07,000,00,0,4,23,E01
201700007721,2,07,000,00,2,1,00,A01
201700007721,2,07,000,00,0,4,02,B01
201700007721,1,38,001,00,2,1,01,D01
201700007722,1,07,000,00,2,3,13,A01
201700007722,2,13,000,02,2,3,01,B01
201700007723,2,15,000,00,2,8,15,A01
201700007723,1,07,000,00,2,1,01,B01
201700007724,1,14,000,00,2,2,01,B01
201700007724,2,07,000,00,2,2,13,A01
201700007725,0,07,000,00,1,3,01,A01
201700007726,1,07,000,00,2,1,00,B01
201700007726,1,07,000,00,2,7,13,A01
201700007727,2,01,000,00,0,2,16,B01
201700007727,2,07,000,00,0,3,16,A01
201700007728,0,07,000,00,1,2,01,A01
201700007729,1,01,000,00,0,8,01,B01
201700007729,1,07,000,00,0,2,16,A01
201700007730,1,01,000,00,0,0,01,A01
201700007731,2,33,000,00,0,1,21,B01
201700007732,1,07,000,06,0,1,01,A01
201700007733,2,07,000,00,2,7,15,A01
201700007733,1,02,000,00,2,1,01,B01
201700007734,0,10,000,00,6,0,21,A01
201700007735,2,33,000,11,0,3,01,A01
201700007736,2,33,000,13,0,3,19,A01
201700007737,0,07,000,00,2,2,19,B01
201700007737,0,07,000,00,2,3,01,A01
201700007738,0,14,000,00,0,0,15,A01
201700007739,0,31,000,00,0,0,01,A01
201700007740,1,07,000,00,2,3,01,B01
201700007740,2,07,000,00,2,3,13,A01
201700007741,0,07,000,00,2,1,01,B01
201700007741,1,07,000,00,2,7,13,A01
201700007742,1,33,000,00,0,8,01,A01
201700007743,1,33,000,06,0,1,01,A01
201700007744,0,33,000,00,2,2,16,A01
201700007744,0,07,000,00,0,3,01,B01
201700007745,0,14,000,00,2,3,23,B01
201700007745,0,33,000,00,2,3,01,A01
201700007746,2,33,000,11,0,1,00,A01
201700007747,1,32,000,00,2,2,01,A01
201700007747,2,07,000,00,2,7,15,B01
201700007748,2,07,000,00,2,3,18,A01
201700007748,1,07,000,00,2,3,01,B01
201700007749,0,10,000,06,0,1,16,A01
201700007750,1,01,000,00,2,7,09,A01
201700007750,1,07,000,00,2,3,01,B01
201700007751,0,02,000,00,2,3,15,A01
201700007751,0,07,000,00,2,3,01,B01
201700007752,2,07,000,00,0,5,14,A01
201700007752,2,33,000,00,2,3,01,B01
201700007753,2,01,000,00,0,7,01,A01
201700007754,0,07,000,00,1,2,01,A01
201700007755,0,07,000,06,0,1,01,A01
201700007756,0,07,000,00,2,2,10,A01
201700007756,0,02,000,09,2,8,05,B01
201700007757,2,07,000,00,0,9,13,A01
201700007758,1,07,000,00,1,1,00,A01
201700007759,1,01,000,16,0,0,14,A01
201700007760,0,03,000,04,0,2,01,A01
201700007761,1,07,000,00,0,4,15,A01
201700007761,1,02,000,00,2,1,01,B01
201700007762,0,03,000,16,0,0,14,A01
201700007763,0,31,000,03,0,7,01,A01
201700007764,1,07,000,00,2,1,02,A01
201700007764,1,07,000,00,0,4,23,B01
201700007765,0,07,000,00,2,1,09,A01
201700007765,0,07,000,00,2,7,01,B01
201700007766,0,07,000,00,2,3,09,A01
201700007766,0,01,000,00,2,1,01,B01
201700007767,0,10,000,00,2,1,13,B01
201700007767,0,33,000,00,2,1,01,A01
201700007768,1,33,000,12,2,2,01,A01
201700007768,0,07,000,00,2,3,01,B01
201700007769,0,01,000,00,2,5,12,B01
201700007769,0,07,000,00,2,3,01,A01
201700007770,2,33,000,00,2,1,01,B01
201700007770,2,07,000,00,2,5,12,A01
201700007771,0,07,000,00,2,3,01,B01
201700007771,0,34,000,00,2,3,13,A01
201700007772,2,07,000,00,2,3,01,A01
201700007772,1,07,000,00,2,3,13,B01
201700007773,2,33,000,00,0,4,23,B01
201700007773,2,07,000,00,2,1,02,A01
201700007774,1,07,000,13,0,3,01,A01
201700007775,2,07,000,00,2,1,01,B01
201700007775,1,07,000,00,2,1,05,A01
201700007776,0,07,000,00,2,7,01,B01
201700007776,0,07,000,00,2,1,05,A01
201700007777,1,07,000,14,0,1,01,A01
201700007778,0,33,000,00,2,8,07,B01
201700007778,0,07,000,00,2,2,09,A01
201700007779,1,33,000,09,9,1,01,A01
201700007780,1,33,000,00,2,1,17,A01
201700007780,0,07,000,00,2,3,15,C01
201700007780,1,33,000,00,0,0,02,B01
201700007781,1,07,000,00,2,3,15,A01
201700007781,2,02,000,00,2,1,01,B01
201700007782,2,07,000,00,2,3,15,A01
201700007782,1,33,000,00,2,1,01,B01
201700007783,0,02,000,12,0,1,15,A01
201700007784,1,07,000,00,2,2,14,B01
201700007784,1,07,000,00,2,5,15,C01
201700007784,1,07,000,00,2,3,01,A01
201700007785,2,33,000,01,2,7,05,A01
201700007785,2,33,000,00,2,8,00,B01
201700007786,0,07,000,00,1,2,01,A01
201700007787,0,07,000,00,1,7,01,A01
201700007788,0,10,000,00,2,3,10,A01
201700007788,0,02,000,00,2,1,01,B01
201700007789,2,10,000,00,9,5,17,A01
201700007789,2,01,000,00,2,3,01,B01
201700007790,1,07,000,00,1,1,03,C01
201700007790,1,07,000,00,1,1,01,A01
201700007790,1,07,000,00,1,1,00,B01
201700007791,2,17,000,13,0,1,01,A01
201700007792,1,15,000,00,0,1,13,A01
201700007793,2,07,000,00,2,1,02,A01
201700007793,2,07,000,00,0,4,00,B01
201700007794,1,17,000,00,2,8,15,A01
201700007794,1,10,000,06,2,7,17,B01
201700007795,2,07,000,04,0,2,14,A01
201700007796,1,10,000,03,0,3,13,A01
201700007797,2,33,000,00,0,7,01,A01
201700007798,2,07,000,00,2,2,02,A01
201700007798,2,17,000,00,0,6,02,B01
201700007799,1,07,000,04,0,1,06,A01
201700007800,2,14,000,00,2,1,00,A01
201700007800,1,03,000,00,2,1,00,B01
201700007801,2,17,000,07,0,0,00,A01
201700007802,1,10,000,00,2,1,13,A01
201700007802,2,07,000,00,2,8,01,B01
201700007802,2,38,001,00,2,3,21,C01
201700007803,2,07,000,04,0,3,13,A01
201700007804,2,07,000,04,2,3,17,A01
201700007804,2,14,000,00,2,6,01,B01
201700007805,2,17,000,13,0,7,01,A01
201700007806,2,38,001,00,2,2,01,B01
201700007806,1,07,000,00,2,1,01,A01
201700007807,1,07,000,03,0,1,01,A01
201700007808,1,07,000,03,0,1,00,A01
201700007809,1,14,000,00,0,0,01,A01
201700007810,0,37,001,00,1,3,19,A01
201700007811,2,07,000,00,2,3,01,A01
201700007811,1,07,000,11,2,1,06,B01
201700007812,0,02,000,00,2,8,01,B01
201700007812,0,07,000,00,2,6,01,A01
201700007813,2,07,000,00,2,8,10,A01
201700007813,2,33,000,00,2,1,17,B01
201700007814,2,33,000,00,2,1,01,B01
201700007814,1,07,000,06,0,5,10,A01
201700007815,1,07,000,00,2,3,01,A01
201700007815,2,07,000,00,2,1,01,B01
201700007816,1,33,000,05,0,1,01,A01
201700007817,0,33,000,00,2,1,01,B01
201700007817,0,07,000,00,9,1,15,A01
201700007818,1,34,000,00,2,2,17,A01
201700007818,1,07,000,00,2,8,17,B01
201700007819,1,07,000,15,0,3,13,A01
201700007820,2,33,000,07,0,7,01,A01
201700007821,1,07,000,13,0,1,01,A01
201700007822,0,02,000,00,2,1,02,A01
201700007822,0,07,000,00,2,3,01,B01
201700007823,1,07,000,00,0,1,15,A01
201700007823,2,07,000,00,0,3,01,B01
201700007824,0,07,000,01,1,4,04,A01
201700007825,0,07,000,00,2,3,01,A01
201700007825,0,01,000,00,2,4,01,B01
201700007826,0,07,000,00,2,3,15,A01
201700007826,0,07,000,13,0,0,01,C01
201700007826,0,07,000,00,2,2,01,B01
201700007827,1,07,000,02,0,1,14,A01
201700007828,1,01,000,16,0,9,01,A01
201700007829,1,14,000,06,0,1,01,A01
201700007830,2,07,000,02,0,1,01,A01
201700007831,2,07,000,03,0,9,14,A01
201700007832,2,07,000,03,0,9,02,A01
201700007833,1,07,000,00,2,1,01,B01
201700007833,1,07,000,00,2,8,09,A01
201700007834,0,01,000,00,2,4,01,B01
201700007834,0,10,000,00,2,7,02,A01
201700007835,2,07,000,00,2,4,01,B01
201700007835,2,10,000,00,2,1,01,A01
201700007835,2,07,000,00,2,4,01,C01
201700007835,2,07,000,00,2,4,01,D01
201700007836,2,07,000,00,2,2,02,A01
201700007836,2,01,000,00,0,4,01,B01
201700007837,2,07,000,00,0,3,01,B01
201700007837,2,07,000,03,2,3,13,A01
201700007837,2,10,000,00,0,4,01,C01
201700007838,1,01,000,14,0,7,01,A01
201700007839,2,07,000,13,0,1,01,A01
201700007840,0,07,000,00,0,4,02,B01
201700007840,1,33,000,00,2,1,02,A01
201700007841,2,33,000,03,0,0,16,A01
201700007842,0,07,000,00,2,2,01,B01
201700007842,0,01,000,00,2,8,19,A01
201700007843,0,07,000,02,0,1,13,A01
201700007844,0,07,000,00,0,6,15,B01
201700007844,0,33,000,00,2,1,21,A01
201700007845,1,07,000,00,0,9,01,A01
201700007846,2,07,000,13,0,1,01,A01
201700007847,2,37,001,00,2,2,16,B01
201700007847,2,33,000,01,2,3,18,A01
201700007848,1,01,000,00,2,7,01,B01
201700007848,1,07,000,00,2,3,09,A01