Num_Acc,senc,catv,occutc,obs,obsm,choc,manv,num_veh
201700008585,1,07,000,15,2,3,21,A01
201700008586,1,07,000,13,2,9,17,A01
201700008587,1,07,000,02,0,1,15,A01
201700008588,1,34,000,00,2,0,15,B01
201700008588,1,34,000,00,9,2,11,A01
201700008589,2,33,000,00,2,2,21,B01
201700008589,1,10,000,00,2,2,09,A01
201700008590,1,07,000,00,1,1,01,A01
201700008591,2,07,000,00,2,1,01,B01
201700008591,1,33,000,00,2,1,17,A01
201700008592,1,07,000,08,9,1,02,A01
201700008593,0,07,000,00,1,1,16,A01
201700008594,1,07,000,00,2,1,01,A01
201700008594,1,07,000,00,2,7,15,B01
201700008595,1,07,000,03,0,9,00,A01
201700008596,1,33,000,00,6,1,01,A01
201700008597,1,07,000,01,2,3,01,B01
201700008597,1,07,000,00,2,1,15,A01
201700008598,1,07,000,00,2,1,01,A01
201700008598,1,01,000,00,2,6,15,B01
201700008599,2,07,000,00,2,6,07,B01
201700008599,1,31,000,00,2,1,07,A01
201700008600,1,07,000,08,2,1,01,A01
201700008601,1,07,000,08,0,1,15,A01
201700008602,1,33,000,00,2,6,23,B01
201700008602,1,07,000,00,2,4,04,A01
201700008603,1,33,000,13,2,1,01,B01
201700008603,2,07,000,00,2,3,15,A01
201700008604,2,31,000,00,2,3,01,B01
201700008604,2,99,000,00,2,5,15,A01
201700008605,1,07,000,00,2,1,01,A01
201700008605,1,07,000,00,2,4,01,B01
201700008606,1,07,000,00,1,3,11,A01
201700008607,1,31,000,00,2,1,00,A01
201700008607,2,07,000,00,2,6,09,B01
201700008608,1,07,000,00,2,4,04,A01
201700008608,1,07,000,00,2,2,01,B01
201700008609,2,07,000,00,2,4,00,B01
201700008609,2,10,000,00,2,1,02,A01
201700008610,1,07,000,01,0,1,13,A01
201700008611,0,07,000,00,2,2,15,A01
201700008611,0,07,000,06,2,6,01,B01
201700008612,1,34,000,00,2,1,01,B01
201700008612,1,07,000,00,2,8,11,A01
201700008613,1,37,001,00,1,2,16,A01
201700008614,2,07,000,08,0,8,01,A01
201700008615,1,07,000,00,2,1,02,A01
201700008615,1,07,000,00,2,4,02,B01
201700008616,1,31,000,02,0,1,01,A01
201700008617,2,02,000,00,1,2,17,A01
201700008618,0,01,000,00,2,1,01,B01
201700008618,0,07,000,00,0,6,15,A01
201700008619,1,07,000,00,1,2,01,A01
201700008620,2,07,000,04,0,3,16,A01
201700008621,2,07,000,00,1,6,01,A01
201700008622,1,10,000,08,0,1,19,A01
201700008623,1,10,000,13,0,1,14,A01
201700008624,1,07,000,04,0,1,01,A01
201700008625,2,07,000,00,2,7,15,B01
201700008625,1,31,000,00,2,1,01,A01
201700008626,2,07,000,00,2,3,15,A01
201700008626,2,30,000,00,2,1,01,B01
201700008627,2,07,000,00,2,5,02,A01
201700008627,2,33,000,00,2,4,02,B01
201700008628,2,07,000,00,2,2,15,B01
201700008628,1,31,000,00,2,1,19,A01
201700008629,1,07,000,00,2,2,01,A01
201700008629,1,07,000,00,2,1,19,B01
201700008630,1,07,000,14,0,1,01,A01
201700008630,1,07,000,03,0,4,23,B01
201700008631,2,07,000,04,0,1,14,A01
201700008632,1,31,000,12,0,2,00,A01
201700008633,1,10,000,00,1,3,01,A01
201700008634,1,07,000,00,2,1,13,A01
201700008634,2,07,000,00,2,1,01,B01
201700008635,2,15,000,00,2,8,15,B01
201700008635,1,07,000,00,2,1,01,A01
201700008636,2,07,000,00,0,8,16,A01
201700008637,1,07,000,00,1,3,01,A01
201700008638,1,01,000,00,0,0,00,B01
201700008638,2,07,000,00,2,0,00,A01
201700008639,2,07,000,00,1,1,16,A01
201700008640,1,07,000,03,0,2,02,A01
201700008641,1,07,000,02,0,1,14,A01
201700008642,2,07,000,02,0,1,00,A01
201700008643,2,10,000,00,2,6,02,B01
201700008643,2,02,000,00,2,2,14,A01
201700008644,1,07,000,00,2,2,17,A01
201700008644,2,07,000,00,2,1,15,B01
201700008645,2,07,000,00,2,8,01,A01
201700008645,2,07,000,00,2,0,02,Z01
201700008646,1,07,000,00,1,2,01,A01
201700008647,1,07,000,00,2,1,02,A01
201700008647,1,31,000,00,9,4,02,B01
201700008648,1,07,000,15,0,3,13,A01
201700008649,1,07,000,00,2,1,01,A01
201700008649,1,01,000,00,2,4,01,B01
201700008650,2,07,000,02,0,1,14,A01
201700008651,2,07,000,00,2,4,16,A01
201700008651,2,99,000,00,2,1,16,Z01
201700008652,1,07,000,00,1,2,01,A01
201700008653,2,07,000,00,1,3,00,A01
201700008654,2,07,000,00,1,7,00,A01
201700008655,1,07,000,00,2,3,15,B01
201700008655,1,34,000,00,2,1,17,A01
201700008656,0,10,000,00,0,0,00,Z01
201700008656,1,07,000,00,0,1,01,A01
201700008657,1,30,000,00,2,5,06,B01
201700008657,2,10,000,00,2,2,15,A01
201700008657,2,37,000,00,2,3,23,C01
201700008658,1,31,000,16,0,0,01,A01
201700008659,1,34,000,00,2,1,01,B01
201700008659,2,07,000,00,2,8,19,A01
201700008660,2,07,000,00,2,7,01,B01
201700008660,2,07,000,00,2,1,00,A01
201700008661,1,07,000,06,0,1,02,A01
201700008662,2,07,000,00,2,3,02,A01
201700008662,2,07,000,00,0,5,16,B01
201700008663,0,07,000,00,0,0,00,B01
201700008663,1,07,000,05,2,6,00,M01
201700008664,1,07,000,00,2,1,00,B01
201700008664,1,07,000,00,2,1,09,A01
201700008665,1,30,000,00,2,1,01,B01
201700008665,2,07,000,00,2,2,15,A01
201700008666,1,01,000,00,2,0,00,B01
201700008666,1,07,000,00,2,3,15,A01
201700008667,2,31,000,00,2,0,00,A01
201700008667,2,33,000,00,2,6,13,B01
201700008668,2,07,000,00,2,3,15,B01
201700008668,2,33,000,00,2,1,17,A01
201700008669,1,33,000,00,2,1,01,B01
201700008669,1,07,000,00,2,8,09,A01
201700008670,1,07,000,08,1,2,01,A01
201700008671,1,34,000,00,9,8,01,A01
201700008672,2,07,000,00,2,4,02,B01
201700008672,2,07,000,00,2,4,02,C01
201700008672,2,07,000,00,2,1,02,A01
201700008673,1,07,000,00,2,4,02,B01
201700008673,1,07,000,00,2,1,02,A01
201700008674,1,07,000,00,0,7,01,A01
201700008675,1,07,000,00,1,1,01,A01
201700008676,1,07,000,00,1,4,00,A01
201700008677,1,02,000,00,2,1,17,B01
201700008677,1,07,000,00,2,0,09,A01
201700008678,1,07,000,00,2,1,01,A01
201700008678,1,07,000,00,2,8,01,B01
201700008679,1,07,000,00,2,7,15,A01
201700008679,1,33,000,00,2,1,01,B01
201700008680,1,31,000,00,2,1,01,B01
201700008680,1,07,000,00,2,3,09,A01
201700008681,1,33,000,00,2,7,01,B01
201700008681,1,07,000,00,2,2,01,A01
201700008682,1,07,000,00,2,4,15,B01
201700008682,1,07,000,00,2,1,02,A01
201700008683,2,33,000,01,2,1,18,A01
201700008683,2,07,000,00,2,7,15,B01
201700008684,0,01,000,00,0,0,00,A01
201700008685,2,33,000,13,0,8,17,A01
201700008686,1,13,000,00,2,0,02,Z01
201700008686,1,34,000,00,2,7,02,B01
201700008687,1,32,000,08,0,1,00,A01
201700008688,1,33,000,00,2,0,02,A01
201700008688,1,07,000,00,2,0,15,B01
201700008689,2,07,000,00,2,1,02,A01
201700008689,2,07,000,00,2,4,02,B01
201700008690,2,31,000,00,2,8,16,B01
201700008690,2,10,000,00,2,2,15,A01
201700008691,2,33,000,00,2,7,01,B01
201700008691,2,07,000,00,2,8,11,A01
201700008692,1,07,000,00,2,2,15,A01
201700008692,1,07,000,00,2,1,01,B01
201700008693,2,33,000,00,2,1,01,B01
201700008693,1,07,000,00,2,2,15,A01
201700008694,2,07,000,00,1,2,02,A01
201700008695,1,30,000,00,2,4,17,B01
201700008695,1,07,000,00,2,1,17,A01
201700008696,1,07,000,00,1,3,15,A01
201700008697,2,07,000,00,2,2,15,A01
201700008697,1,31,000,00,2,1,00,B01
201700008698,2,07,000,00,2,1,01,B01
201700008698,1,33,000,00,2,0,00,Z01
201700008699,2,10,000,00,2,7,15,A01
201700008699,1,31,000,00,2,1,01,B01
201700008700,2,07,000,00,2,8,09,A01
201700008700,2,34,000,00,2,1,09,B01
201700008701,1,33,000,00,2,1,02,A01
201700008701,1,07,000,00,2,4,02,B01
201700008702,1,07,000,00,2,1,05,A01
201700008702,2,07,000,00,2,1,01,B01
201700008703,1,07,000,00,2,5,13,B01
201700008703,1,07,000,00,2,3,02,A01
201700008704,1,07,000,00,2,8,09,A01
201700008704,1,07,000,00,2,2,01,B01
201700008705,1,07,000,00,2,3,11,A01
201700008705,1,33,000,00,2,7,17,B01
201700008706,2,07,000,00,2,1,01,B01
201700008706,2,07,000,00,2,1,23,C01
201700008706,1,07,000,00,2,1,09,A01
201700008707,1,07,000,00,2,4,02,C01
201700008707,1,07,000,00,2,1,02,A01
201700008707,1,07,000,00,2,4,02,B01
201700008708,2,38,000,00,2,1,02,A01
201700008708,2,07,000,00,2,4,02,B01
201700008709,1,07,000,14,1,1,14,A01
201700008710,2,31,000,00,1,0,17,A01
201700008711,1,10,000,00,2,8,15,A01
201700008711,1,33,000,00,2,6,17,B01
201700008712,1,01,000,00,2,1,09,A01
201700008712,1,07,000,00,2,2,01,B01
201700008713,2,32,000,00,2,1,01,B01
201700008713,2,07,000,00,2,8,09,A01
201700008714,1,07,000,00,2,2,01,B01
201700008714,1,07,000,00,2,1,15,A01
201700008715,1,01,000,00,2,4,01,B01
201700008715,1,07,000,00,9,1,01,A01
201700008716,1,07,000,00,2,2,02,A01
201700008716,1,07,000,00,2,6,02,B01
201700008717,2,07,000,00,2,7,15,Z01
201700008717,1,33,000,00,2,8,01,A01
201700008718,1,07,000,00,1,1,15,A01
201700008719,1,07,000,00,1,1,16,Z01
201700008720,2,07,000,00,2,8,15,B01
201700008720,2,32,000,00,2,1,17,A01
201700008721,1,07,000,00,2,3,21,C01
201700008721,1,07,000,00,2,8,05,A01
201700008721,1,07,000,13,2,3,21,B01
201700008722,1,07,000,00,1,1,15,A01
201700008723,1,07,000,00,2,2,10,A01
201700008723,1,07,000,00,2,3,00,B01
201700008724,2,07,000,00,2,3,01,B01
201700008724,1,07,000,00,2,3,17,A01
201700008725,1,07,000,00,2,3,13,A01
201700008725,2,07,000,00,2,3,01,B01
201700008726,1,07,000,00,1,1,01,A01
201700008727,2,99,000,00,2,1,01,B01
201700008727,1,07,000,00,2,1,01,A01
201700008728,2,07,000,00,2,4,02,B01
201700008728,2,10,000,00,2,1,02,A01
201700008729,1,07,000,06,0,4,16,B01
201700008729,1,07,000,00,2,1,01,A01
201700008730,2,07,000,00,2,1,09,A01
201700008730,2,37,000,00,2,2,01,B01
201700008731,2,07,000,00,2,1,01,A01
201700008731,2,07,000,00,2,4,15,B01
201700008732,2,07,000,00,2,5,01,B01
201700008732,2,07,000,00,2,1,01,A01
201700008733,2,07,000,00,1,1,01,A01
201700008734,1,07,000,00,2,3,01,B01
201700008734,2,07,000,00,2,8,17,A01
201700008735,2,10,000,00,2,1,15,A01
201700008735,1,07,000,00,2,1,01,B01
201700008736,1,30,000,00,2,7,03,A01
201700008736,1,30,000,00,2,8,17,B01
201700008737,1,07,000,00,1,1,01,A01
201700008738,1,07,000,00,2,4,02,B01
201700008738,1,30,000,00,2,1,02,A01
201700008739,1,07,000,00,2,8,01,B01
201700008739,1,07,000,00,2,1,19,A01
201700008740,1,07,000,00,1,1,01,A01
201700008741,1,30,000,00,2,7,17,B01
201700008741,1,07,000,00,2,6,15,A01
201700008742,1,34,000,00,2,1,17,A01
201700008742,2,07,000,00,2,3,15,B01
201700008743,2,07,000,00,2,3,09,A01
201700008743,1,07,000,00,2,2,01,B01
201700008744,2,07,000,00,2,4,02,B01
201700008744,2,10,000,00,2,1,02,A01
201700008745,2,07,000,00,2,4,02,C01
201700008745,2,07,000,00,2,4,02,B01
201700008745,2,07,000,00,2,1,02,A01
201700008746,2,10,000,00,2,1,01,B01
201700008746,1,07,000,00,2,1,01,A01
201700008747,2,07,000,00,2,5,01,B01
201700008747,2,03,000,00,2,1,01,A01
201700008748,2,07,000,00,2,7,09,B01
201700008748,1,32,000,00,2,1,17,A01
201700008749,2,01,000,00,2,5,18,A01
201700008749,2,10,000,00,2,5,02,B01
201700008750,2,07,000,00,0,0,15,B01
201700008750,2,34,000,00,0,0,00,A01
201700008751,2,07,000,00,2,4,02,B01
201700008751,0,32,000,00,2,1,02,A01
201700008752,2,32,000,00,2,2,02,A01
201700008752,2,07,000,00,2,4,02,B01
201700008753,2,07,000,00,2,4,02,Z01
201700008753,2,30,000,00,2,1,02,B01
201700008754,2,07,000,00,1,1,15,A01
201700008755,1,07,000,00,2,4,01,A01
201700008755,2,10,000,00,2,1,01,B01
201700008756,2,30,000,00,2,1,01,B01
201700008756,2,07,000,00,2,3,09,A01
201700008757,2,01,000,00,0,1,01,Y01
201700008757,1,07,000,00,0,2,15,A01
201700008758,2,30,000,00,2,5,00,B01
201700008758,2,07,000,00,2,3,02,A01
201700008759,1,07,000,02,1,2,16,A01
201700008760,1,33,000,00,2,1,21,B01
201700008760,1,07,000,00,2,3,19,A01
201700008761,2,07,000,00,2,3,13,A01
201700008761,1,07,000,00,2,3,01,B01
201700008762,1,33,000,00,2,1,02,A01
201700008762,1,07,000,00,2,8,15,B01
201700008763,1,07,000,00,0,4,02,B01
201700008763,1,07,000,00,0,1,02,A01
201700008764,1,33,000,00,2,6,09,A01
201700008764,1,07,000,00,0,6,15,B01
201700008765,0,33,000,00,2,1,14,B01
201700008765,0,33,000,00,2,1,14,A01
201700008765,0,07,000,00,0,6,02,C01
201700008766,2,33,000,00,2,1,21,A01
201700008766,2,07,000,00,2,6,21,B01
201700008767,2,07,000,00,2,1,01,Z01
201700008767,2,32,000,00,2,1,00,B01
201700008768,2,07,000,00,9,8,15,B01
201700008768,2,33,000,00,2,2,17,A01
201700008769,1,07,000,00,2,1,01,A01
201700008769,2,02,000,00,2,2,21,B01
201700008770,1,07,000,00,2,3,15,A01
201700008770,2,07,000,00,2,3,23,B01
201700008771,1,07,000,00,2,4,01,B01
201700008771,1,07,000,00,2,1,01,A01
201700008771,1,03,000,00,2,7,15,C01
201700008772,1,07,000,00,2,6,13,A01
201700008772,2,33,000,00,2,8,13,B01
201700008773,2,10,000,00,2,4,23,A01
201700008773,2,02,000,00,2,1,02,B01
201700008774,1,30,000,00,2,3,15,A01
201700008774,1,07,000,00,2,1,01,B01
201700008775,1,07,000,00,2,1,01,A01
201700008775,1,07,000,00,2,4,01,B01
201700008776,1,07,000,00,2,5,01,B01
201700008776,2,07,000,00,2,4,02,E01
201700008776,1,07,000,01,2,1,01,A01
201700008777,1,07,000,00,2,4,09,B01
201700008777,1,07,000,00,2,4,09,A01
201700008778,2,33,000,00,2,4,16,B01
201700008778,2,07,000,00,2,4,11,A01
201700008779,1,07,000,00,1,1,02,A01
201700008780,1,07,000,00,1,7,09,A01
201700008781,1,07,000,00,2,1,02,C01
201700008781,1,07,000,00,2,4,02,B01
201700008781,1,07,000,00,2,4,02,A01
201700008782,2,07,000,00,2,5,15,Z01
201700008782,2,01,000,00,2,1,01,B01
201700008783,2,10,000,00,2,3,20,B01
201700008783,2,02,000,00,2,2,02,A01
201700008784,2,07,000,00,2,4,16,B01
201700008784,2,01,000,00,2,1,15,A01
201700008785,1,31,000,00,2,2,01,A01
201700008785,1,07,000,00,2,6,01,B01
201700008786,2,34,000,00,2,8,16,B01
201700008786,2,07,000,00,2,8,15,A01
201700008787,2,07,000,00,2,6,15,B01
201700008787,2,33,000,00,2,1,17,A01
201700008788,2,07,000,00,2,1,01,A01
201700008788,1,31,000,00,2,6,09,B01
201700008789,1,07,000,07,2,1,01,A01
201700008789,2,07,000,00,2,3,01,B01
201700008790,2,07,000,00,2,7,15,A01
201700008790,1,31,000,00,2,1,01,B01
201700008791,2,07,000,00,1,2,00,A01
201700008792,2,31,000,00,2,9,01,B01
201700008792,1,07,000,00,2,3,11,A01
201700008793,2,07,000,00,2,4,23,B01
201700008793,2,07,000,00,1,1,01,A01
201700008794,1,07,000,00,1,1,00,Z01
201700008795,1,07,000,00,1,1,01,A01
201700008796,1,33,000,13,0,1,01,A01
201700008797,1,07,000,05,0,1,19,A01
201700008798,2,07,000,00,2,3,13,A01
201700008798,1,07,000,00,2,3,01,B01
201700008799,1,07,000,00,2,3,13,A01
201700008799,0,07,000,00,2,3,01,B01
201700008800,2,07,000,00,0,3,13,A01
201700008801,1,33,000,00,2,3,05,A01
201700008801,2,07,000,00,2,3,01,C01
201700008801,1,07,000,00,2,8,23,B01
201700008802,2,07,000,00,2,3,13,A01
201700008802,1,07,000,00,2,3,01,B01
201700008803,1,33,000,00,2,7,01,B01
201700008803,1,07,000,00,2,1,15,A01
201700008804,1,07,000,00,2,1,13,A01
201700008804,2,33,000,00,2,1,14,B01
201700008805,2,07,000,00,2,3,21,B01
201700008805,2,07,000,00,2,3,13,A01
201700008806,2,07,000,00,2,6,15,A01
201700008806,1,33,000,00,2,1,13,B01
201700008807,1,07,000,01,0,6,24,B01
201700008807,1,14,000,01,0,2,14,A01
201700008807,1,07,000,05,0,6,24,C01
201700008808,1,07,000,06,9,3,13,A01
201700008808,2,01,000,00,2,1,01,C01
201700008808,2,01,000,00,2,1,01,B01
201700008809,2,07,000,00,2,1,02,Z01
201700008809,2,07,000,00,2,4,02,A01
201700008810,1,07,000,00,1,1,02,A01
201700008811,1,07,000,00,2,3,02,A01
201700008811,2,07,000,00,0,0,00,B01
201700008812,2,02,000,00,2,1,01,B01
201700008812,1,07,000,00,2,3,15,A01
201700008813,2,07,000,00,2,4,01,B01
201700008813,2,30,000,00,2,1,02,A01
201700008814,2,02,000,00,2,1,01,B01
201700008814,1,07,000,00,2,2,15,A01
201700008815,1,07,000,01,0,2,14,A01
201700008815,1,07,000,00,2,5,24,C01
201700008816,1,07,000,00,2,1,01,A01
201700008816,1,07,000,00,2,4,00,C01
201700008816,1,07,000,00,2,4,01,B01
201700008817,1,07,000,00,2,1,01,B01
201700008817,2,99,000,00,2,1,10,A01
201700008818,1,07,000,00,2,1,02,A01
201700008818,1,07,000,00,2,4,02,B01
201700008819,1,30,000,00,2,1,01,B01
201700008819,1,07,000,00,2,2,19,A01
201700008820,1,07,000,00,2,8,19,A01
201700008820,1,07,000,00,2,2,01,B01
201700008820,1,07,000,00,2,1,01,C01
201700008821,1,07,000,00,2,7,15,A01
201700008821,2,33,000,00,2,2,01,B01
201700008822,1,34,000,00,2,1,09,A01
201700008822,1,07,000,00,2,1,09,B01
201700008823,1,07,000,00,2,4,01,B01
201700008823,1,07,000,00,2,4,01,C01
201700008823,1,07,000,00,2,1,02,A01
201700008824,1,07,000,00,2,6,09,A01
201700008824,1,07,000,00,2,1,01,B01
201700008825,1,07,000,00,2,3,01,B01
201700008825,1,07,000,00,2,6,04,A01
201700008826,0,13,000,00,0,0,00,Z01
201700008826,0,37,000,00,0,0,00,B01
201700008827,1,07,000,00,2,4,01,D01
201700008827,0,07,000,00,2,4,00,E01
201700008827,1,14,000,00,2,1,01,A01
201700008827,1,07,000,00,2,4,01,C01
201700008827,1,07,000,00,2,4,01,B01
201700008828,2,07,000,00,1,1,15,Z01
201700008829,1,07,000,00,2,1,19,A01
201700008829,1,07,000,00,2,2,19,B01
201700008830,2,07,000,00,2,3,01,C01
201700008830,1,30,000,00,2,4,17,B01
201700008830,1,30,000,00,2,0,02,A01
201700008831,1,33,000,00,0,8,00,A01
201700008832,1,10,000,00,1,0,00,A01
201700008833,1,07,000,00,9,1,09,A01
201700008833,1,01,000,00,2,8,01,B01
201700008834,1,32,000,00,2,2,01,B01
201700008834,2,07,000,00,1,3,15,A01
201700008835,1,13,000,00,2,2,01,B01
201700008835,1,07,000,00,2,8,16,A01
201700008836,1,07,000,00,2,3,09,B01
201700008836,1,07,000,00,2,3,09,A01
201700008837,0,07,000,00,2,1,01,A01
201700008837,0,07,000,00,2,1,01,B01
201700008837,1,07,000,00,2,3,02,C01
201700008838,2,10,000,00,2,2,01,A01
201700008838,2,33,000,00,2,4,23,B01
201700008839,1,07,000,00,2,1,02,A01
201700008839,1,07,000,00,2,9,02,B01
201700008839,1,07,000,00,2,4,02,C01
201700008840,1,07,000,06,0,1,01,A01
201700008841,1,07,000,00,1,1,01,A01
201700008842,1,07,000,00,2,4,00,A01
201700008842,1,07,000,14,2,1,00,B01
201700008843,1,31,000,00,0,0,01,B01
201700008843,1,07,000,00,0,0,11,A01
201700008844,1,32,000,00,2,1,01,B01
201700008844,1,07,000,00,2,3,11,A01
201700008845,1,07,000,00,2,4,23,A01
201700008845,1,07,000,00,2,1,02,B01
201700008846,1,33,000,00,0,3,02,A01
201700008847,1,07,000,15,0,1,02,A01
201700008848,1,07,000,00,2,0,15,X01
201700008848,1,30,000,00,2,7,21,B01
201700008849,1,32,000,00,2,1,01,A01
201700008849,1,32,000,00,2,2,02,B01
201700008850,2,07,000,00,9,3,15,A01
201700008850,2,01,000,00,2,1,01,B01
201700008851,1,07,000,00,2,1,02,B01
201700008851,1,07,000,00,2,4,02,A01
201700008852,2,07,000,00,2,1,15,B01
201700008852,1,30,000,00,2,1,02,A01
201700008853,1,07,000,00,2,3,15,B01
201700008853,1,07,000,00,2,2,00,A01
201700008854,1,32,000,00,2,1,01,B01
201700008854,2,07,000,00,2,5,15,A01
201700008855,1,07,000,00,1,2,01,A01
201700008856,1,07,000,00,2,3,15,A01
201700008856,1,34,000,00,2,1,17,B01
201700008857,1,07,000,00,2,2,02,A01
201700008857,1,07,000,00,2,6,02,B01
201700008858,2,07,000,00,0,0,01,A01
201700008859,1,07,000,00,1,1,15,A01
201700008860,1,07,000,00,2,6,00,B01
201700008860,1,30,000,00,2,1,01,A01
201700008861,2,07,000,00,2,1,06,A01
201700008861,1,07,000,00,2,3,01,B01
201700008862,1,07,000,01,0,5,04,A01
201700008862,1,07,000,00,2,5,23,B01
201700008863,1,30,000,00,0,7,16,A01
201700008864,2,01,000,00,2,0,01,A01
201700008864,1,07,000,00,2,0,00,Z01
201700008865,2,07,000,14,2,7,15,A01
201700008865,2,07,000,14,2,1,01,B01
201700008866,1,07,000,00,2,1,01,A01
201700008866,1,07,000,00,2,3,01,B01
201700008867,2,33,000,00,2,1,01,B01
201700008867,2,07,000,00,2,1,15,A01
201700008868,2,37,000,00,2,3,15,B01
201700008868,2,07,000,00,2,7,17,A01
201700008869,1,07,000,00,2,4,15,B01
201700008869,1,07,000,00,2,1,01,A01
201700008870,1,07,000,00,1,0,01,A01
201700008871,1,30,000,00,0,0,00,A01
201700008872,1,32,000,00,2,0,00,A01
201700008872,2,07,000,00,2,0,00,Z01
201700008873,1,07,000,00,2,2,15,A01
201700008873,1,07,000,00,2,3,01,B01
201700008874,1,07,000,00,2,3,15,A01
201700008874,1,31,000,00,2,1,17,B01
201700008875,1,07,000,00,2,0,00,A01
201700008875,2,30,000,00,2,0,00,B01
201700008876,1,07,000,00,2,3,15,B01
201700008876,2,33,000,00,2,1,01,A01
201700008877,1,07,000,00,1,1,01,A01
201700008878,1,32,000,00,2,1,00,B01
201700008878,2,07,000,00,2,5,10,A01
201700008879,2,30,000,00,2,2,17,A01
201700008879,1,07,000,00,2,3,15,B01
201700008880,1,13,000,00,2,1,00,B01
201700008880,1,07,000,00,2,6,15,A01
201700008881,1,07,000,00,2,3,09,A01
201700008881,1,07,000,00,2,2,02,B01
201700008882,1,33,000,00,2,1,21,B01
201700008882,1,07,000,00,2,0,04,A01
201700008882,1,07,000,00,2,5,23,C01
201700008883,2,07,000,00,2,3,09,A01
201700008883,2,33,000,00,2,5,01,B01
201700008884,1,07,000,00,2,2,15,A01
201700008884,2,33,000,00,2,1,01,B01
201700008885,2,07,000,00,1,1,02,A01
201700008886,1,34,000,00,1,1,01,A01
201700008887,2,07,000,00,2,2,15,B01
201700008887,1,07,000,00,2,1,01,A01
201700008888,1,07,000,00,2,9,01,B01
201700008888,1,07,000,00,2,2,15,A01
201700008889,1,07,000,00,2,1,13,A01
201700008889,2,07,000,00,2,1,01,B01
201700008890,1,07,000,00,1,4,04,A01
201700008891,1,32,000,00,2,8,00,B01
201700008891,1,07,000,00,2,0,14,A01
201700008892,1,07,000,00,0,0,16,A01
201700008892,1,33,000,00,0,0,00,B01
201700008893,1,34,000,00,2,2,01,B01
201700008893,2,07,000,00,2,3,09,A01
201700008894,2,07,000,06,0,3,00,A01
201700008895,1,30,000,00,1,1,07,A01
201700008896,1,07,000,00,2,3,10,A01
201700008896,1,34,000,00,2,1,02,B01
201700008897,1,07,000,00,1,1,02,A01
201700008898,2,07,000,00,2,3,10,Z01
201700008898,1,33,000,00,2,1,01,B01
201700008899,1,07,000,00,1,2,00,A01
201700008900,1,30,000,00,1,1,02,A01
201700008901,1,34,000,00,2,1,17,B01
201700008901,1,07,000,00,2,3,10,A01
201700008902,1,07,000,00,2,0,00,Z01
201700008902,1,07,000,09,2,9,01,A01
201700008903,1,34,000,00,1,1,02,A01
201700008904,1,02,000,00,2,1,00,A01
201700008904,2,07,000,00,2,0,00,B01
201700008905,0,34,000,00,0,1,01,A01
201700008906,1,07,000,00,2,3,00,A01
201700008906,1,33,000,00,2,0,00,B01
201700008907,2,33,000,00,2,1,01,B01
201700008907,1,07,000,00,9,5,15,A01
201700008908,1,07,000,00,2,4,02,B01
201700008908,1,07,000,00,2,4,00,C01
201700008908,1,07,000,00,2,1,02,A01
201700008909,1,32,000,14,2,8,01,B01
201700008909,1,07,000,00,2,1,15,A01
201700008910,1,07,000,00,1,1,02,A01
201700008911,2,32,000,00,2,0,21,B01
201700008911,2,07,000,00,2,0,13,Z01
201700008912,2,40,000,00,1,3,01,A01
201700008913,1,07,000,00,1,0,00,Z01
201700008914,1,07,000,08,0,7,14,A01
201700008915,1,34,000,00,2,1,17,B01
201700008915,1,07,000,00,2,6,01,A01
201700008916,1,07,000,00,2,2,02,B01
201700008916,2,07,000,00,2,1,00,A01
201700008917,2,07,000,00,2,4,01,B01
201700008917,2,07,000,00,2,1,02,A01
201700008918,1,30,000,00,2,7,01,B01
201700008918,2,07,000,00,2,3,00,A01
201700008919,1,07,000,00,1,1,09,A01
201700008920,2,99,000,08,0,8,01,A01
201700008920,1,37,002,00,2,1,01,B01
201700008921,2,07,000,00,0,1,09,B01
201700008921,1,02,000,00,0,0,05,Z01
201700008922,1,07,000,00,2,1,19,A01
201700008922,1,07,000,00,2,2,01,B01
201700008923,1,07,000,00,1,2,15,A01
201700008924,1,32,000,00,2,1,16,A01
201700008924,1,07,000,00,9,2,00,B01
201700008925,2,07,000,00,2,7,15,A01
201700008925,1,33,000,00,2,1,01,B01
201700008926,2,07,000,00,1,2,00,A01
201700008927,1,07,000,00,2,1,15,A01
201700008927,2,34,000,00,2,1,01,B01
201700008928,2,07,000,00,2,8,13,A01
201700008928,2,33,000,00,2,7,02,B01
201700008929,1,07,000,00,2,2,01,B01
201700008929,1,07,000,00,2,3,19,A01
201700008930,1,07,000,00,1,0,00,A01
201700008931,2,07,000,00,1,2,09,A01
201700008932,1,07,000,00,1,1,02,A01
201700008933,1,07,000,00,1,2,02,A01
201700008934,1,07,000,00,1,0,15,Z01
201700008935,2,03,000,00,2,1,01,B01
201700008935,2,07,000,08,2,5,16,A01
201700008936,1,07,000,00,2,0,00,A01
201700008936,1,07,000,00,2,0,00,B01
201700008937,1,07,000,00,2,2,01,A01
201700008937,1,07,000,00,2,4,16,B01
201700008938,1,07,000,00,1,0,00,Z01
201700008939,2,07,000,00,2,0,00,A01
201700008939,2,07,000,00,2,0,00,B01
201700008940,2,07,000,00,2,1,01,B01
201700008940,1,01,000,00,2,3,15,A01
201700008941,1,14,000,00,1,1,15,A01