Num_Acc,senc,catv,occutc,obs,obsm,choc,manv,num_veh
201700009663,1,30,000,00,2,1,01,B01
201700009664,1,07,000,00,2,2,19,A01
201700009664,1,02,000,00,2,0,00,B01
201700009665,2,07,000,00,1,1,01,A01
201700009666,1,07,000,08,0,1,00,A01
201700009667,1,30,000,00,1,1,01,Z01
201700009668,2,07,000,00,2,3,01,B01
201700009668,1,07,000,00,2,1,00,Z01
201700009669,1,07,000,00,2,7,09,A01
201700009669,1,33,000,00,2,8,01,B01
201700009670,1,07,000,00,2,1,01,A01
201700009670,2,31,000,00,2,7,01,B01
201700009671,1,07,000,00,2,8,01,B01
201700009671,2,10,000,00,2,3,01,A01
201700009672,1,33,000,00,2,1,02,B01
201700009672,2,07,000,00,2,2,15,A01
201700009673,1,10,000,00,1,4,04,A01
201700009674,1,07,000,00,1,2,17,A01
201700009675,2,34,000,00,0,7,00,A01
201700009676,2,07,000,00,2,0,00,B01
201700009676,1,07,000,00,2,0,00,Z01
201700009677,2,07,000,00,2,3,15,A01
201700009677,1,30,000,00,2,1,00,B01
201700009678,1,07,000,00,1,2,01,A01
201700009679,2,30,000,00,2,1,13,A01
201700009679,1,07,000,00,2,3,01,B01
201700009680,1,33,000,00,2,4,01,A01
201700009680,1,07,000,00,2,1,02,Z01
201700009681,1,07,000,00,2,1,02,A01
201700009681,1,07,000,00,2,4,02,B01
201700009682,1,07,000,00,2,4,15,B01
201700009682,1,33,000,00,2,1,05,A01
201700009683,1,07,000,00,2,1,01,A01
201700009683,0,07,000,00,2,1,01,B01
201700009684,2,07,000,00,2,8,15,A01
201700009684,2,07,000,00,2,2,17,B01
201700009685,1,07,000,00,1,0,00,Z01
201700009686,1,07,000,00,2,3,02,B01
201700009686,1,07,000,00,2,2,19,A01
201700009687,1,07,000,00,2,3,09,A01
201700009687,1,31,000,00,2,7,01,B01
201700009688,2,37,000,00,1,1,00,A01
201700009689,1,33,000,00,0,8,00,A01
201700009690,1,34,000,00,2,1,01,A01
201700009690,1,10,000,00,2,4,01,B01
201700009691,1,31,000,00,2,0,00,B01
201700009691,1,07,000,00,2,0,00,Z01
201700009692,1,02,000,00,1,1,01,Z01
201700009693,1,07,000,00,1,3,02,A01
201700009694,1,30,000,00,2,7,05,A01
201700009694,1,07,000,00,2,2,13,B01
201700009695,1,07,000,00,2,3,02,B01
201700009695,1,07,000,00,2,2,15,A01
201700009696,2,07,000,08,2,5,16,A01
201700009696,2,07,000,00,2,3,01,B01
201700009697,2,07,000,00,2,2,01,A01
201700009697,2,30,000,16,9,1,16,B01
201700009698,1,07,000,00,2,8,01,Z01
201700009698,1,07,000,00,2,1,01,B01
201700009699,1,07,000,00,1,2,00,A01
201700009700,1,30,000,00,2,1,13,A01
201700009700,2,07,000,00,2,1,00,B01
201700009701,1,02,000,00,2,2,01,A01
201700009701,1,07,000,00,2,7,01,B01
201700009702,2,07,000,00,2,1,01,A01
201700009702,2,30,000,00,2,8,10,B01
201700009702,2,07,000,00,2,1,01,C01
201700009703,2,31,000,00,2,4,23,A01
201700009703,1,07,000,00,2,1,02,Z01
201700009704,2,99,000,00,9,1,02,Z01
201700009704,2,33,000,00,2,0,00,A01
201700009705,1,32,000,00,1,0,00,Z01
201700009706,2,07,000,08,0,8,01,A01
201700009707,1,07,000,00,1,6,04,A01
201700009708,2,07,000,00,2,2,01,B01
201700009708,2,32,000,00,2,3,02,A01
201700009709,1,07,000,00,9,0,00,Z01
201700009709,1,07,000,00,2,1,02,A01
201700009710,2,07,000,00,2,0,15,B01
201700009710,1,31,000,00,2,1,16,A01
201700009711,1,99,000,00,1,1,01,Z01
201700009712,2,07,000,08,0,9,01,A01
201700009713,2,07,000,00,2,3,01,B01
201700009713,1,02,000,00,2,1,02,A01
201700009714,1,07,000,00,2,0,00,B01
201700009714,1,30,000,00,2,1,01,A01
201700009715,1,07,000,00,2,2,15,B01
201700009715,2,30,000,00,2,0,00,Z01
201700009716,1,33,000,00,2,1,01,B01
201700009716,1,07,000,00,2,3,15,A01
201700009717,2,07,000,03,0,2,14,A01
201700009718,1,07,000,08,2,1,00,A01
201700009719,1,01,000,00,2,0,00,Z01
201700009719,2,07,000,00,2,5,01,B01
201700009720,1,34,000,00,0,2,01,A01
201700009721,1,07,000,00,2,3,01,A01
201700009721,2,07,000,00,2,3,16,Z01
201700009722,1,30,000,00,2,0,17,B01
201700009722,1,07,000,00,2,8,01,A01
201700009723,2,33,000,00,2,4,20,B01
201700009723,2,33,000,00,2,1,02,A01
201700009724,2,30,000,00,2,1,02,A01
201700009724,2,07,000,00,2,6,00,B01
201700009725,1,07,000,00,1,0,00,A01
201700009726,1,07,000,00,2,1,01,A01
201700009726,1,32,000,00,2,4,01,B01
201700009727,1,07,000,00,2,2,02,A01
201700009727,1,07,000,00,2,6,02,B01
201700009728,2,07,000,00,1,3,01,A01
201700009729,1,07,000,00,2,3,01,B01
201700009729,1,07,000,00,2,2,15,A01
201700009730,1,17,000,00,2,7,01,A01
201700009730,1,07,000,00,2,8,01,B01
201700009731,2,02,000,00,2,1,01,B01
201700009731,1,07,000,00,2,2,15,A01
201700009732,1,07,000,00,2,2,01,C01
201700009732,1,07,000,00,2,1,01,A01
201700009732,1,07,000,00,2,4,01,B01
201700009733,2,07,000,00,2,1,02,A01
201700009733,2,07,000,00,2,4,02,B01
201700009734,1,07,000,00,2,7,00,A01
201700009734,1,01,000,00,2,0,00,B01
201700009735,1,37,000,00,1,7,01,A01
201700009736,2,07,000,00,2,2,15,A01
201700009736,1,02,000,00,2,1,08,B01
201700009737,2,32,000,00,2,1,01,B01
201700009737,2,07,000,00,2,5,16,A01
201700009738,1,30,000,00,2,1,00,A01
201700009738,2,07,000,00,2,2,00,B01
201700009739,1,07,000,00,1,1,00,A01
201700009740,1,07,000,00,1,4,04,A01
201700009741,1,07,000,00,2,3,11,A01
201700009741,1,33,000,00,2,3,00,B01
201700009742,1,07,000,00,2,1,02,A01
201700009742,1,07,000,00,2,1,02,B01
201700009743,2,33,000,00,2,8,01,B01
201700009743,2,07,000,00,2,2,09,A01
201700009744,2,07,000,00,2,6,02,A01
201700009744,1,07,000,00,2,3,02,Z01
201700009745,1,13,000,00,2,1,10,A01
201700009745,2,33,000,00,2,1,01,B01
201700009746,1,07,000,00,2,0,00,A01
201700009746,1,07,000,00,2,0,00,B01
201700009747,2,07,000,08,2,1,17,A01
201700009747,1,07,000,00,2,0,00,B01
201700009748,2,07,000,00,2,3,00,A01
201700009748,2,07,000,00,2,6,01,B01
201700009749,1,07,000,00,2,1,15,A01
201700009749,2,31,000,00,2,1,01,B01
201700009750,2,07,000,00,1,1,23,B01
201700009750,2,07,000,00,2,1,01,A01
201700009751,1,32,000,00,1,6,13,A01
201700009752,2,07,000,00,2,1,02,A01
201700009752,2,07,000,00,2,4,02,B01
201700009753,2,07,000,00,2,7,16,B01
201700009753,2,30,000,00,0,0,00,A01
201700009754,1,07,000,00,2,3,15,A01
201700009754,1,31,000,00,2,2,17,B01
201700009755,1,07,000,00,0,0,15,Z01
201700009755,2,30,000,00,2,7,21,A01
201700009756,1,07,000,00,2,4,02,C01
201700009756,1,07,000,00,2,1,02,Z01
201700009756,1,07,000,00,2,4,02,B01
201700009757,1,07,000,00,2,1,01,A01
201700009757,1,33,000,00,2,7,15,B01
201700009758,1,07,000,00,2,8,01,B01
201700009758,2,01,000,00,2,3,13,A01
201700009759,2,07,000,00,2,1,01,A01
201700009759,0,07,000,00,2,0,16,Z01
201700009760,1,07,000,00,2,8,10,A01
201700009760,1,34,000,00,2,1,02,B01
201700009761,1,07,000,00,2,0,14,A01
201700009761,1,07,000,00,2,6,00,B01
201700009762,1,07,000,00,2,3,15,B01
201700009762,1,07,000,00,2,2,17,A01
201700009763,1,02,000,00,0,0,01,A01
201700009764,1,07,000,00,1,1,02,A01
201700009765,2,33,000,00,2,1,01,B01
201700009765,1,07,000,00,2,2,15,A01
201700009766,1,07,000,00,2,2,02,A01
201700009766,1,07,000,00,2,2,20,B01
201700009767,1,07,000,00,2,1,09,B01
201700009767,1,30,000,00,2,1,05,Z01
201700009768,1,33,000,00,2,1,17,B01
201700009768,1,07,000,00,2,3,09,A01
201700009769,1,07,000,00,2,2,17,A01
201700009769,2,33,000,15,2,1,17,B01
201700009770,1,07,000,00,1,2,00,A01
201700009771,1,07,000,00,1,1,00,A01
201700009772,1,07,000,00,2,8,15,B01
201700009772,2,34,000,00,2,7,15,A01
201700009773,1,33,000,00,9,0,00,A01
201700009774,1,07,000,09,0,1,01,A01
201700009775,1,07,000,00,2,1,01,B01
201700009775,2,07,000,00,2,1,19,Z01
201700009776,1,33,000,00,2,5,01,A01
201700009776,1,07,000,00,2,0,13,Z01
201700009777,2,10,000,00,1,3,15,A01
201700009778,2,10,000,00,2,8,13,B01
201700009778,1,32,000,00,2,7,00,A01
201700009779,1,36,000,00,2,3,01,A01
201700009779,1,07,000,00,2,1,00,B01
201700009780,1,13,000,14,0,1,14,A01
201700009781,1,02,000,00,2,1,05,A01
201700009781,1,07,000,00,2,3,01,B01
201700009782,1,33,000,00,2,0,00,A01
201700009783,2,07,000,00,2,2,01,A01
201700009783,1,02,000,00,2,3,01,B01
201700009784,1,07,000,00,2,7,16,A01
201700009784,1,02,000,00,2,8,01,B01
201700009785,2,30,000,16,0,4,14,B01
201700009785,2,32,000,01,0,1,18,A01
201700009786,1,34,000,00,2,1,02,A01
201700009786,1,14,000,00,2,0,00,Z01
201700009787,2,30,000,00,1,1,13,A01
201700009788,1,07,000,00,1,2,15,A01
201700009789,1,30,000,00,2,3,15,A01
201700009789,1,07,000,00,2,1,01,B01
201700009790,1,07,000,00,1,2,01,A01
201700009791,1,07,000,16,0,1,15,A01
201700009792,1,07,000,00,2,7,15,A01
201700009792,2,33,000,00,2,1,01,B01
201700009793,1,07,000,00,2,3,03,Z01
201700009793,2,02,000,00,2,0,00,B01
201700009794,1,07,000,00,2,2,15,A01
201700009794,1,07,000,00,2,1,01,B01
201700009795,2,10,000,00,1,2,02,A01
201700009796,2,07,000,00,2,6,11,B01
201700009796,2,07,000,00,2,2,01,A01
201700009797,1,07,000,01,1,1,01,A01
201700009798,2,07,000,00,2,2,02,A01
201700009798,2,07,000,08,2,4,14,B01
201700009799,2,07,000,08,2,3,16,A01
201700009799,2,33,000,00,2,2,01,B01
201700009799,1,07,000,00,2,1,01,C01
201700009800,1,07,000,00,2,1,02,A01
201700009800,1,07,000,00,2,4,01,B01
201700009801,2,07,000,00,2,3,16,B01
201700009801,1,33,000,00,2,0,00,A01
201700009802,1,07,000,00,2,3,00,A01
201700009802,1,07,000,00,2,8,17,B01
201700009803,2,07,000,00,2,2,01,A01
201700009803,1,03,000,00,2,1,15,B01
201700009804,1,07,000,00,2,2,02,A01
201700009804,1,07,000,00,2,6,02,B01
201700009805,1,07,000,00,2,3,00,B01
201700009805,1,07,000,00,2,2,00,A01
201700009806,2,07,000,00,2,2,01,B01
201700009806,2,07,000,00,2,0,00,A01
201700009807,2,07,000,00,2,1,01,Z01
201700009807,1,01,000,00,2,0,19,B01
201700009808,2,07,000,00,0,9,06,A01
201700009809,1,34,000,00,2,7,00,A01
201700009809,2,37,000,00,2,0,00,B01
201700009810,2,07,000,00,2,1,02,C01
201700009810,2,07,000,00,2,4,02,A01
201700009810,2,07,000,00,2,5,02,B01
201700009811,1,32,000,00,0,7,14,A01
201700009812,1,07,000,00,1,1,01,A01
201700009813,2,07,000,00,2,3,01,B01
201700009813,1,07,000,00,2,0,10,A01
201700009814,1,07,000,00,1,1,01,A01
201700009815,2,31,000,00,2,5,00,A01
201700009815,2,30,000,00,2,8,00,B01
201700009816,2,37,000,00,2,3,07,B01
201700009816,2,07,000,00,2,2,16,A01
201700009817,2,33,000,09,2,7,01,A01
201700009817,1,07,000,00,2,1,01,B01
201700009818,1,07,000,12,2,2,02,A01
201700009818,1,07,000,00,2,2,03,B01
201700009818,1,07,000,00,2,5,01,C01
201700009819,1,07,000,00,1,3,15,A01
201700009820,1,07,000,00,2,5,15,B01
201700009820,1,07,000,00,2,2,01,A01
201700009821,1,34,000,00,2,8,11,B01
201700009821,1,07,000,00,2,2,01,A01
201700009822,1,32,000,00,2,1,01,B01
201700009822,1,07,000,00,2,1,15,A01
201700009823,2,07,000,00,2,3,17,A01
201700009823,1,32,000,00,2,1,01,B01
201700009824,1,33,000,00,0,8,02,B01
201700009824,1,07,000,00,0,0,10,A01
201700009825,1,07,000,00,2,0,10,A01
201700009825,1,34,000,00,2,3,00,B01
201700009826,2,07,000,00,1,1,01,A01
201700009827,1,07,000,00,2,5,00,C01
201700009827,2,07,000,01,2,8,01,A01
201700009827,2,07,000,00,2,1,02,B01
201700009828,1,07,000,00,2,1,21,B01
201700009828,2,34,000,00,2,1,21,A01
201700009829,2,07,000,00,2,0,15,A01
201700009829,1,33,000,00,2,0,01,B01
201700009830,1,32,000,00,2,6,02,B01
201700009830,1,32,000,00,2,2,12,A01
201700009831,2,07,000,00,2,4,02,E01
201700009831,2,07,000,00,2,4,02,C01
201700009831,2,07,000,00,2,1,01,A01
201700009831,2,07,000,00,2,4,02,D01
201700009831,2,07,000,00,2,4,02,B01
201700009832,2,31,000,00,2,7,01,B01
201700009832,2,07,000,00,2,8,01,A01
201700009833,1,07,000,00,2,0,00,A01
201700009833,1,33,000,00,2,8,17,B01
201700009833,2,07,000,00,2,8,00,C01
201700009834,1,07,000,00,1,2,01,A01
201700009835,1,30,000,00,2,7,17,B01
201700009835,1,07,000,00,2,8,22,A01
201700009836,1,07,000,00,2,1,01,A01
201700009836,1,32,000,00,2,4,00,B01
201700009837,2,07,000,06,0,1,00,A01
201700009838,1,37,000,01,0,1,02,A01
201700009839,1,37,000,00,2,3,01,B01
201700009839,2,07,000,00,2,1,01,A01
201700009840,1,07,000,00,2,4,02,A01
201700009840,1,07,000,00,2,4,02,B01
201700009841,2,07,000,00,2,3,16,A01
201700009841,1,33,000,00,2,1,01,B01
201700009842,2,07,000,00,2,3,02,A01
201700009842,1,07,000,00,2,8,06,B01
201700009843,2,01,000,00,2,1,01,A01
201700009843,2,07,000,00,2,7,16,B01
201700009844,1,34,000,00,1,1,00,A01
201700009845,1,07,000,14,2,1,01,A01
201700009845,1,07,000,14,2,1,01,B01
201700009846,1,33,000,00,2,1,01,B01
201700009846,2,07,000,00,2,2,15,A01
201700009847,1,07,000,00,2,2,01,B01
201700009847,1,33,000,00,2,8,03,A01
201700009847,1,07,000,00,2,6,01,C01
201700009848,1,07,000,00,2,7,12,A01
201700009848,1,33,000,00,2,3,00,B01
201700009849,1,07,000,00,2,7,16,B01
201700009849,1,02,000,00,2,7,01,A01
201700009850,1,34,000,01,0,1,14,A01
201700009851,1,10,000,15,0,2,01,A01
201700009852,2,33,000,00,2,0,00,B01
201700009852,2,07,000,00,2,0,00,A01
201700009853,1,07,000,00,2,4,11,B01
201700009853,1,30,000,00,2,1,01,A01
201700009854,1,07,000,00,2,4,02,B01
201700009854,1,07,000,00,2,1,02,A01
201700009854,1,07,000,00,2,4,02,C01
201700009855,1,01,000,00,2,2,09,A01
201700009855,2,32,000,00,9,1,02,B01
201700009856,1,07,000,00,2,1,16,A01
201700009856,0,31,000,00,2,7,15,B01
201700009857,1,07,000,00,1,1,01,A01
201700009858,1,07,000,00,2,0,00,Z01
201700009858,1,30,000,00,2,0,01,A01
201700009859,1,07,000,00,2,1,01,A01
201700009859,1,07,000,00,2,4,01,B01
201700009860,2,37,000,00,2,1,01,B01
201700009860,1,33,000,00,2,3,01,A01
201700009861,2,07,000,01,0,1,01,A01
201700009862,1,32,000,00,2,2,17,B01
201700009862,1,07,000,00,0,6,22,A01
201700009862,2,07,000,00,2,1,01,C01
201700009863,1,07,000,00,2,4,23,B01
201700009863,1,07,000,00,2,1,02,A01
201700009864,1,07,000,08,0,2,14,A01
201700009865,2,07,000,00,2,1,01,C01
201700009865,1,31,000,00,2,9,01,A01
201700009865,1,07,000,00,2,4,13,B01
201700009866,2,07,000,00,2,8,15,A01
201700009866,1,33,000,00,2,7,21,B01
201700009867,1,32,000,00,1,1,01,A01
201700009868,1,07,000,00,1,3,01,A01
201700009869,1,07,000,00,2,2,00,A01
201700009869,2,07,000,00,2,1,00,B01
201700009870,1,07,000,09,1,4,24,A01
201700009871,1,07,000,00,2,2,02,B01
201700009871,1,07,000,01,2,6,00,A01
201700009872,2,07,000,00,1,1,09,A01
201700009873,2,30,000,00,0,0,02,A01
201700009874,1,07,000,00,2,0,00,B01
201700009874,1,07,000,00,2,0,00,A01
201700009874,1,07,000,00,2,0,00,C01
201700009875,1,07,000,00,2,4,01,B01
201700009875,1,07,000,00,2,1,01,A01
201700009876,0,31,000,00,2,2,02,A01
201700009876,1,07,000,00,2,3,02,B01
201700009877,1,07,000,00,2,0,00,A01
201700009877,1,30,000,00,2,7,02,B01
201700009878,2,07,000,00,2,1,15,A01
201700009878,1,32,000,00,2,1,21,B01
201700009879,2,33,000,00,1,1,01,Z01
201700009880,1,03,000,00,2,0,09,A01
201700009880,1,02,000,00,2,0,01,B01
201700009881,1,07,000,00,2,2,15,A01
201700009881,2,02,000,00,2,1,01,B01
201700009882,1,07,000,05,0,3,01,A01
201700009883,1,31,000,00,2,1,01,A01
201700009883,1,07,000,00,2,0,19,Z01
201700009884,2,31,000,00,2,8,01,B01
201700009884,2,07,000,00,2,1,15,A01
201700009885,2,07,000,00,2,4,01,Z01
201700009885,2,02,000,00,2,0,01,A01
201700009886,1,07,000,00,2,3,02,A01
201700009886,1,31,000,00,2,4,23,B01
201700009887,1,31,000,00,2,1,01,A01
201700009887,2,07,000,00,2,3,01,Z01
201700009888,1,07,000,00,2,3,01,A01
201700009888,2,07,000,00,2,3,01,B01
201700009889,1,07,000,00,1,0,01,Z01
201700009890,1,07,000,00,2,1,02,A01
201700009890,1,01,000,00,2,4,02,B01
201700009891,1,33,000,00,2,1,21,B01
201700009891,1,07,000,00,9,4,20,A01
201700009892,1,07,000,00,2,7,01,B01
201700009892,1,07,000,00,2,3,19,A01
201700009893,1,07,000,08,1,1,16,A01
201700009894,1,07,000,00,2,6,15,A01
201700009894,1,30,000,00,2,1,01,B01
201700009895,2,32,000,00,1,0,21,A01
201700009896,1,07,000,00,2,6,10,A01
201700009896,1,07,000,00,2,1,01,B01
201700009897,2,31,000,00,1,0,05,A01
201700009898,1,31,000,00,2,3,11,A01
201700009898,1,07,000,00,2,5,11,B01
201700009899,1,07,000,00,2,4,04,Z01
201700009899,1,07,000,00,2,7,01,A01
201700009900,2,33,000,00,2,1,01,B01
201700009900,1,07,000,00,2,1,15,A01
201700009901,2,07,000,00,2,3,15,A01
201700009901,1,31,000,00,2,1,01,B01
201700009902,1,30,000,00,2,8,05,A01
201700009902,1,07,000,00,2,1,01,B01
201700009903,1,31,000,00,2,4,09,B01
201700009903,1,07,000,00,2,1,01,A01
201700009904,1,07,000,00,1,3,00,A01
201700009904,2,07,000,00,1,3,02,B01
201700009905,1,07,000,00,1,1,01,A01
201700009906,1,33,000,00,2,1,01,B01
201700009906,1,07,000,00,2,6,15,A01
201700009907,2,07,000,03,0,9,21,A01
201700009908,1,02,000,00,1,3,01,A01
201700009909,1,07,000,00,2,4,02,B01
201700009909,2,07,000,00,2,1,02,A01
201700009909,2,07,000,00,2,4,02,C01
201700009910,1,07,000,00,2,8,15,B01
201700009910,1,33,000,00,2,1,17,A01
201700009911,2,07,000,12,0,1,21,A01
201700009912,1,07,000,00,2,4,02,A01
201700009912,1,07,000,00,2,1,02,B01
201700009913,1,07,000,00,2,5,15,B01
201700009913,1,07,000,00,2,3,21,A01
201700009914,2,30,000,00,2,4,14,A01
201700009914,2,07,000,00,2,0,07,Z01
201700009915,2,07,000,00,2,1,02,A01
201700009915,2,31,000,00,2,4,02,B01
201700009916,2,07,000,08,2,1,01,B01
201700009916,2,07,000,00,2,3,00,A01
201700009917,2,07,000,00,2,1,01,B01
201700009917,1,07,000,00,2,1,17,A01
201700009918,1,07,000,00,1,3,01,A01
201700009919,2,31,000,00,2,2,00,B01
201700009919,2,07,000,00,2,2,15,A01
201700009920,2,30,000,00,2,1,00,B01
201700009920,2,10,000,00,2,3,09,A01
201700009921,1,07,000,00,2,4,02,B01
201700009921,1,07,000,00,2,1,02,A01
201700009922,1,07,000,00,2,0,15,A01
201700009922,1,07,000,06,2,1,21,B01
201700009923,2,07,000,13,0,1,16,A01
201700009924,1,30,000,00,9,1,02,A01
201700009925,1,37,000,00,2,6,23,B01
201700009925,1,07,000,00,2,6,14,A01
201700009926,1,07,000,00,1,3,01,A01
201700009927,1,07,000,00,1,2,17,A01
201700009928,1,07,000,00,2,2,17,A01
201700009928,1,31,000,00,2,1,00,B01
201700009929,2,99,000,00,2,1,17,A01
201700009929,2,07,000,00,2,8,15,B01
201700009930,1,34,000,00,2,3,21,A01
201700009930,2,07,000,00,2,3,01,B01
201700009931,1,07,000,00,2,2,16,A01
201700009931,1,30,000,00,2,2,07,B01
201700009932,1,31,000,00,2,1,01,A01
201700009932,1,07,000,00,2,3,19,B01
201700009933,1,07,000,00,2,2,17,A01
201700009933,1,37,000,00,2,6,01,B01
201700009934,1,33,000,00,2,1,02,B01
201700009934,1,07,000,00,2,3,15,A01
201700009935,1,07,000,00,2,2,09,A01
201700009935,1,07,000,00,2,2,09,B01
201700009936,1,07,000,00,2,2,15,A01
201700009936,1,07,000,00,2,1,02,B01
201700009937,2,33,000,00,2,8,01,A01
201700009937,1,10,000,00,2,0,15,Z01
201700009938,2,07,000,00,2,4,02,C01
201700009938,2,07,000,00,2,1,02,A01
201700009938,2,03,000,00,2,4,02,B01
201700009939,1,33,000,00,2,1,19,A01
201700009939,2,07,000,00,2,3,01,B01
201700009939,2,34,000,00,2,1,01,C01
201700009940,2,07,000,06,0,3,24,A01
201700009941,2,07,000,00,9,2,01,B01
201700009941,2,01,000,00,2,1,19,A01
201700009942,1,34,000,04,0,1,02,A01
201700009943,2,07,000,00,1,1,19,A01
201700009944,2,33,000,00,2,2,01,A01
201700009944,1,07,000,00,2,1,19,B01
201700009945,2,07,000,00,2,7,02,B01
201700009945,1,34,000,00,2,1,02,A01
201700009946,2,07,000,00,2,6,15,B01
201700009946,2,34,000,00,2,2,17,A01
201700009947,1,07,000,00,2,1,01,A01
201700009947,1,07,000,00,2,3,01,B01
201700009948,2,07,000,00,2,3,01,B01
201700009948,1,07,000,00,2,1,13,A01
201700009949,1,07,000,00,2,5,00,B01
201700009949,1,33,000,00,2,5,02,A01
201700009950,1,07,000,00,2,1,19,B01
201700009950,1,07,000,00,2,8,19,A01
201700009951,1,32,000,00,2,1,01,A01
201700009951,1,07,000,00,2,5,17,Z01
201700009952,1,33,000,00,0,0,00,A01
201700009953,1,99,000,00,2,4,02,Z01
201700009953,1,31,000,00,2,1,02,A01
201700009954,2,07,000,00,2,2,01,B01
201700009954,1,07,000,00,2,3,09,A01
201700009955,2,07,000,00,2,4,23,B01
201700009955,2,31,000,00,2,1,00,A01
201700009956,2,07,000,00,2,4,23,B01
201700009956,2,07,000,00,2,1,01,A01
201700009957,1,34,000,00,2,1,21,B01
201700009957,1,31,000,00,2,4,09,A01
201700009958,1,07,000,00,2,3,01,B01
201700009958,1,07,000,00,2,1,15,A01
201700009959,1,07,000,00,1,1,09,A01
201700009960,1,37,000,00,2,1,02,B01
201700009960,1,07,000,00,2,8,09,A01
201700009961,1,07,000,00,2,1,02,Z01
201700009961,1,07,000,00,2,4,02,B01
201700009962,2,15,000,00,2,1,02,A01
201700009962,2,32,000,00,2,4,02,B01
201700009963,2,31,000,00,2,8,01,A01
201700009963,1,07,000,00,2,8,15,B01
201700009964,1,07,000,00,2,2,09,A01
201700009964,1,31,000,00,2,7,15,B01
201700009965,1,34,000,00,9,7,21,B01
201700009965,1,07,000,00,0,0,00,Z01
201700009966,2,07,000,00,2,1,10,A01
201700009966,1,30,000,00,2,1,01,B01
201700009967,2,07,000,00,2,3,02,A01
201700009967,1,07,000,00,2,1,15,B01
201700009968,1,07,000,06,2,5,17,B01
201700009968,1,07,000,00,2,3,15,A01
201700009969,2,02,000,00,0,8,02,A01
201700009970,1,07,000,00,2,1,00,A01
201700009970,1,07,000,00,2,4,00,B01
201700009971,1,07,000,08,2,8,01,B01
201700009971,2,07,000,00,2,2,00,A01
201700009972,2,07,000,00,1,1,15,A01
201700009973,1,07,000,00,1,2,01,A01
201700009974,2,07,000,00,2,4,02,B01
201700009974,2,31,000,00,2,1,02,A01
201700009975,1,07,000,00,2,2,07,A01
201700009975,1,33,000,00,2,1,16,B01
201700009976,1,07,000,00,2,1,02,B01
201700009976,2,33,000,00,2,1,19,A01
201700009977,1,07,000,00,1,1,20,A01
201700009978,1,07,000,00,2,1,10,A01
201700009978,2,33,000,00,2,1,12,B01
201700009979,2,07,000,00,2,3,15,A01
201700009979,1,07,000,00,2,1,01,B01
201700009980,1,07,000,00,2,1,02,A01
201700009980,2,07,000,00,2,1,15,B01
201700009981,1,07,000,00,0,6,15,B01
201700009981,1,13,000,00,2,3,02,A01
201700009982,1,07,000,00,2,1,05,A01
201700009982,1,07,000,00,2,1,01,B01
201700009983,2,31,000,00,2,1,05,A01
201700009983,1,02,000,00,2,8,19,B01
201700009984,2,07,000,00,1,3,01,A01
201700009985,1,07,000,00,2,1,02,Z01
201700009985,1,07,000,00,2,6,23,A01
201700009986,1,07,000,00,1,7,11,A01
201700009987,2,31,000,00,1,1,17,A01
201700009988,1,33,000,00,2,1,17,B01
201700009988,2,07,000,00,2,3,15,A01
201700009989,1,31,000,00,2,8,21,B01
201700009989,2,07,000,00,2,3,19,A01
201700009990,2,07,000,00,1,3,09,A01
201700009991,1,31,000,00,2,9,01,A01
201700009991,1,07,000,00,2,6,02,B01
201700009992,1,31,000,00,1,1,00,A01
201700009993,1,07,000,00,2,7,01,A01
201700009993,1,07,000,00,2,1,15,B01
201700009994,1,07,000,00,2,3,09,A01
201700009994,1,07,000,00,2,1,15,B01
201700009995,2,33,000,00,2,1,05,A01
201700009995,1,07,000,00,2,8,00,B01
201700009996,2,07,000,00,2,1,01,B01
201700009996,1,07,000,00,2,7,01,A01
201700009997,2,31,000,09,0,1,00,A01
201700009998,1,07,000,04,0,8,13,A01
201700009999,2,07,000,00,2,1,09,A01
201700009999,1,31,000,00,2,1,01,B01
201700010000,1,07,000,00,2,3,09,A01
201700010000,1,32,000,00,2,1,17,B01
201700010001,1,07,000,00,1,1,01,A01
201700010002,2,07,000,00,1,4,20,A01
201700010003,1,07,000,00,2,8,23,C01
201700010003,1,31,000,00,2,1,17,A01
201700010003,1,07,000,00,2,8,15,B01
201700010004,1,31,000,00,2,8,01,A01
201700010005,1,34,000,00,2,1,01,B01
201700010005,1,07,000,00,2,2,01,A01
201700010006,1,31,000,00,2,3,21,B01
201700010006,2,07,000,00,2,1,15,A01
201700010007,1,33,000,00,2,1,17,B01
201700010007,1,07,000,00,2,6,13,A01
201700010008,2,07,000,00,2,8,15,A01
201700010008,2,31,000,00,2,1,02,B01
201700010009,2,31,000,00,2,1,01,B01
201700010009,2,01,000,00,2,8,10,A01
201700010010,1,07,000,00,1,4,04,A01
201700010011,1,14,000,00,2,6,15,A01
201700010011,1,07,000,00,2,2,17,B01
201700010012,1,07,000,00,1,1,11,A01
201700010013,2,07,000,00,2,3,15,B01
201700010013,2,30,000,00,2,2,17,A01
201700010014,2,31,000,00,1,1,17,A01
201700010015,1,07,000,00,1,1,02,A01
201700010016,2,07,000,00,2,7,12,A01
201700010016,1,07,000,00,2,1,01,B01
201700010017,2,07,000,00,2,4,02,B01
201700010017,2,07,000,00,2,1,02,A01
201700010018,2,07,000,00,2,6,01,B01
201700010018,1,33,000,00,2,1,05,A01