Num_Acc,senc,catv,occutc,obs,obsm,choc,manv,num_veh
201700013061,2,07,000,00,2,1,21,B01
201700013062,1,07,000,02,0,6,01,A01
201700013063,0,07,000,00,2,2,17,A01
201700013063,2,07,000,00,2,8,01,B01
201700013063,1,14,000,00,0,6,01,C01
201700013064,2,07,000,13,0,0,01,A01
201700013065,1,07,000,13,0,1,01,A01
201700013066,2,07,000,00,2,3,13,A01
201700013066,1,13,000,00,2,3,00,B01
201700013067,0,03,000,00,1,1,00,A01
201700013068,1,07,000,00,2,3,00,B01
201700013068,2,07,000,00,2,3,05,A01
201700013069,2,07,000,00,2,1,21,B01
201700013069,1,07,000,00,0,3,19,A01
201700013070,2,33,000,08,0,7,00,A01
201700013071,2,07,000,07,0,2,14,A01
201700013072,0,33,000,00,0,7,01,A01
201700013073,1,15,000,07,2,6,01,A01
201700013073,2,15,000,00,2,3,01,B01
201700013074,1,07,000,00,1,3,01,A01
201700013075,2,07,000,00,2,3,01,A01
201700013075,1,17,000,00,2,3,01,B01
201700013076,1,07,000,02,0,1,13,A01
201700013077,2,33,000,16,0,8,01,A01
201700013078,1,07,000,00,2,2,15,A01
201700013078,1,07,000,06,0,5,01,B01
201700013078,1,07,000,06,0,1,21,C01
201700013079,2,07,000,13,0,3,01,A01
201700013080,2,07,000,00,2,3,13,A01
201700013080,1,10,000,00,2,3,01,B01
201700013081,1,01,000,00,0,8,01,B01
201700013081,1,07,000,00,9,2,01,A01
201700013082,0,07,000,00,1,3,00,A01
201700013083,2,07,000,00,2,7,15,B01
201700013083,2,07,000,00,2,1,01,A01
201700013084,0,07,000,00,2,2,15,A01
201700013084,0,30,000,00,2,1,01,B01
201700013085,2,07,000,00,0,0,01,A01
201700013086,2,07,000,00,2,1,01,A01
201700013086,1,03,000,00,2,1,15,B01
201700013087,1,36,000,08,0,0,00,A01
201700013088,2,07,000,06,0,2,01,A01
201700013089,2,07,000,00,0,1,01,A01
201700013090,2,15,000,00,2,3,15,C01
201700013090,2,07,000,00,2,8,09,A01
201700013090,1,17,000,00,2,2,01,B01
201700013091,0,07,000,01,2,8,15,A01
201700013091,2,17,000,00,2,1,01,B01
201700013092,2,07,000,00,2,8,15,A01
201700013092,2,07,000,00,2,1,01,B01
201700013093,0,07,000,08,0,3,01,A01
201700013094,1,07,000,08,0,8,01,A01
201700013095,0,07,000,00,2,3,00,A01
201700013095,0,36,000,00,2,1,00,B01
201700013096,2,07,000,00,1,2,01,A01
201700013097,1,07,000,06,0,2,01,A01
201700013098,1,07,000,00,1,2,02,A01
201700013099,2,07,000,00,2,2,01,A01
201700013099,2,01,000,00,0,4,01,B01
201700013100,1,07,000,11,1,3,01,A01
201700013101,0,07,000,13,0,1,01,A01
201700013102,2,07,000,06,0,1,14,A01
201700013103,2,21,000,00,2,2,15,A01
201700013103,1,33,000,00,2,1,01,B01
201700013104,0,02,000,00,0,0,01,A01
201700013105,2,07,000,00,1,3,01,A01
201700013106,1,07,000,13,0,3,01,A01
201700013107,1,07,000,02,0,9,00,A01
201700013108,2,07,000,13,0,1,01,A01
201700013109,1,07,000,16,0,9,14,A01
201700013110,1,33,000,00,2,1,01,A01
201700013110,2,10,000,00,2,2,01,B01
201700013111,1,07,000,00,2,1,01,A01
201700013111,1,07,000,00,2,4,01,B01
201700013112,1,33,000,13,0,1,01,A01
201700013113,0,30,000,15,0,1,21,A01
201700013114,2,07,000,03,0,2,01,A01
201700013115,2,07,000,16,0,8,01,A01
201700013116,2,07,000,00,2,3,01,A01
201700013116,2,07,000,00,2,1,01,B01
201700013117,2,33,000,07,0,1,13,A01
201700013118,0,07,000,00,9,8,01,A01
201700013118,0,01,000,00,2,1,09,B01
201700013119,0,07,000,00,1,1,00,A01
201700013120,1,07,000,02,0,1,01,A01
201700013121,2,02,000,13,0,7,01,A01
201700013122,1,02,000,00,0,0,01,A01
201700013123,1,07,000,03,0,2,01,A01
201700013124,1,21,000,16,0,9,01,A01
201700013125,2,07,000,00,2,3,13,A01
201700013125,1,07,000,00,2,3,01,B01
201700013126,1,07,000,08,0,2,01,A01
201700013127,0,36,000,16,0,0,00,A01
201700013128,1,07,000,16,0,9,01,A01
201700013129,2,33,000,13,0,7,01,A01
201700013130,1,01,000,00,2,2,17,A01
201700013130,1,01,000,00,2,3,01,B01
201700013131,2,07,000,02,0,3,01,A01
201700013132,0,03,000,16,0,0,04,A01
201700013133,1,33,000,00,0,1,01,A01
201700013134,1,07,000,00,2,3,17,A01
201700013134,2,07,000,00,2,3,01,B01
201700013135,1,07,000,00,2,5,01,B01
201700013135,0,07,000,00,2,2,15,A01
201700013136,1,07,000,00,2,1,02,A01
201700013136,1,10,000,00,0,4,02,B01
201700013137,1,02,000,00,0,7,01,A01
201700013138,0,07,000,02,0,1,13,A01
201700013139,2,07,000,00,1,1,01,A01
201700013140,0,07,000,08,0,6,01,A01
201700013141,2,30,000,06,0,1,01,A01
201700013142,2,07,000,02,0,8,14,A01
201700013143,0,02,000,06,0,2,01,A01
201700013144,2,10,000,00,2,7,13,A01
201700013144,1,07,000,00,2,1,01,B01
201700013145,1,07,000,00,1,3,01,A01
201700013146,2,07,000,15,0,1,13,A01
201700013147,1,07,000,00,1,1,01,A01
201700013148,2,33,000,16,0,0,14,A01
201700013149,1,10,000,00,1,1,01,A01
201700013150,0,07,000,13,0,2,01,A01
201700013151,1,07,000,00,2,3,11,A01
201700013151,2,07,000,00,2,3,01,B01
201700013152,1,07,000,00,1,2,15,A01
201700013153,2,07,000,13,0,1,00,A01
201700013154,1,33,000,13,0,3,01,A01
201700013155,1,07,000,00,2,1,15,A01
201700013155,2,33,000,00,2,1,01,B01
201700013156,0,07,000,00,1,1,01,A01
201700013157,1,07,000,00,2,1,01,A01
201700013157,1,07,000,00,0,4,01,B01
201700013158,2,33,000,00,2,7,02,A01
201700013158,2,21,000,00,2,7,10,B01
201700013159,1,07,000,00,1,2,01,A01
201700013160,2,07,000,00,2,3,01,A01
201700013160,1,07,000,00,2,1,01,B01
201700013161,2,07,000,00,1,3,01,A01
201700013162,2,07,000,00,2,8,19,A01
201700013162,1,07,000,00,2,1,01,B01
201700013163,2,33,000,00,0,0,01,A01
201700013164,1,02,000,06,2,2,01,B01
201700013164,0,07,000,00,2,3,01,A01
201700013165,1,07,000,13,0,3,13,A01
201700013166,1,33,000,13,0,9,00,A01
201700013167,1,07,000,00,2,3,01,A01
201700013167,2,07,000,00,2,3,01,B01
201700013168,1,07,000,00,2,2,01,A01
201700013168,1,07,000,00,2,1,01,B01
201700013169,2,07,000,02,0,8,01,A01
201700013170,1,33,000,00,6,1,01,A01
201700013170,2,07,000,00,2,2,01,B01
201700013171,2,07,000,02,0,1,01,A01
201700013172,1,33,000,00,0,0,01,A01
201700013173,1,07,000,15,0,7,01,A01
201700013174,1,07,000,00,2,3,13,A01
201700013174,1,07,000,00,2,3,01,B01
201700013174,2,07,000,00,2,3,01,C01
201700013174,2,07,000,00,2,8,01,D01
201700013175,1,07,000,13,0,3,01,A01
201700013176,1,07,000,13,0,9,13,A01
201700013177,1,07,000,00,2,8,01,A01
201700013177,2,07,000,00,2,1,01,B01
201700013178,2,07,000,00,1,1,01,A01
201700013179,2,33,000,12,0,2,01,A01
201700013180,1,07,000,13,0,1,01,A01
201700013181,2,07,000,02,0,3,01,A01
201700013182,2,07,000,13,0,3,01,A01
201700013183,0,33,000,00,2,8,01,A01
201700013183,0,10,000,00,2,2,01,B01
201700013184,1,07,000,00,1,8,01,A01
201700013185,1,07,000,00,2,3,13,A01
201700013185,2,33,000,00,2,1,01,B01
201700013186,1,07,000,16,0,1,00,A01
201700013187,0,07,000,00,2,1,15,A01
201700013187,0,33,000,00,2,8,01,B01
201700013188,0,07,000,00,2,3,13,A01
201700013188,0,07,000,00,2,8,01,B01
201700013189,1,07,000,00,2,8,01,A01
201700013189,2,07,000,00,2,3,13,B01
201700013190,2,07,000,00,2,7,13,A01
201700013190,1,07,000,00,2,1,01,B01
201700013191,1,33,000,00,2,1,01,B01
201700013191,0,07,000,00,2,3,15,A01
201700013192,2,07,000,00,2,6,17,A01
201700013192,2,33,000,00,2,2,17,B01
201700013193,1,33,000,00,2,1,17,C01
201700013193,1,33,000,00,2,2,17,B01
201700013193,1,07,000,00,2,3,10,A01
201700013194,0,07,000,00,0,6,01,B01
201700013194,0,10,000,00,2,1,01,A01
201700013194,0,07,000,00,2,1,01,C01
201700013195,0,07,000,00,9,3,15,A01
201700013195,0,01,000,00,2,1,16,B01
201700013196,2,07,000,00,2,3,13,A01
201700013196,1,07,000,00,2,3,01,B01
201700013197,2,07,000,00,2,1,13,A01
201700013197,1,07,000,00,2,1,01,C01
201700013197,1,07,000,00,2,8,01,B01
201700013198,0,07,000,12,0,9,01,A01
201700013199,0,07,000,00,0,5,01,B01
201700013199,0,07,000,00,2,1,01,A01
201700013200,0,07,000,00,2,6,19,A01
201700013200,0,07,000,00,2,1,01,B01
201700013201,0,07,000,13,0,2,14,A01
201700013202,0,10,000,00,2,3,01,B01
201700013202,0,07,000,00,2,3,13,A01
201700013203,1,33,000,14,0,1,00,A01
201700013204,2,07,000,00,1,2,00,A01
201700013205,2,07,000,00,2,3,01,B01
201700013205,2,07,000,00,2,8,01,D01
201700013205,1,07,000,00,2,3,13,A01
201700013205,2,07,000,00,2,1,01,C01
201700013205,2,07,000,00,2,4,01,E01
201700013206,0,07,000,00,2,3,13,A01
201700013206,0,07,000,00,2,3,01,B01
201700013207,0,07,000,00,1,2,16,A01
201700013208,0,07,000,00,2,3,01,A01
201700013208,0,03,000,00,2,3,13,B01
201700013209,2,07,000,00,2,8,01,C01
201700013209,2,07,000,00,2,1,01,D01
201700013209,1,07,000,00,2,3,13,A01
201700013209,2,07,000,00,2,3,01,B01
201700013210,0,07,000,00,9,7,15,A01
201700013210,0,01,000,00,2,1,00,B01
201700013211,1,07,000,00,2,1,15,A01
201700013211,2,07,000,00,2,1,01,B01
201700013212,2,07,000,00,2,3,01,B01
201700013212,1,07,000,00,2,3,15,A01
201700013213,0,07,000,00,2,1,13,A01
201700013213,0,07,000,00,2,3,01,B01
201700013214,0,33,000,00,2,1,17,A01
201700013214,0,10,000,00,2,3,15,B01
201700013215,2,07,000,00,2,1,13,B01
201700013215,1,07,000,00,2,1,01,A01
201700013216,0,10,000,00,1,4,04,A01
201700013217,2,10,000,00,2,7,13,A01
201700013217,1,07,000,00,2,1,01,B01
201700013218,0,33,000,13,0,0,01,A01
201700013219,0,07,000,06,2,2,17,A01
201700013219,0,07,000,06,2,3,15,B01
201700013220,0,07,000,00,2,3,05,A01
201700013220,0,07,000,00,2,3,02,B01
201700013221,2,07,000,00,2,2,15,B01
201700013221,1,33,000,00,2,1,01,A01
201700013222,1,10,000,00,2,3,01,B01
201700013222,1,02,000,00,2,2,17,A01
201700013223,2,07,000,13,0,9,01,A01
201700013224,2,07,000,00,2,3,15,A01
201700013224,1,10,000,00,2,3,01,B01
201700013225,1,02,000,00,2,1,02,A01
201700013225,1,07,000,00,2,8,02,B01
201700013226,0,33,000,00,2,6,17,A01
201700013226,0,07,000,00,2,3,01,B01
201700013227,2,07,000,00,2,3,01,B01
201700013227,1,07,000,00,2,3,01,A01
201700013228,2,07,000,00,0,0,15,A01
201700013228,1,07,000,06,0,2,00,B01
201700013229,1,33,000,00,0,1,01,A01
201700013230,0,07,000,00,1,1,01,A01
201700013231,0,10,000,10,0,2,02,A01
201700013232,0,07,000,13,0,1,02,A01
201700013233,1,34,000,10,0,1,01,A01
201700013234,0,01,000,10,0,0,00,A01
201700013235,1,01,000,06,0,2,00,A01
201700013236,1,07,000,02,0,1,01,A01
201700013237,0,33,000,00,0,0,13,A01
201700013238,0,07,000,04,0,1,02,A01
201700013239,0,07,000,15,0,3,01,A01
201700013240,2,34,000,00,0,7,01,A01
201700013241,0,31,000,00,2,2,02,B01
201700013241,0,31,000,00,9,8,02,A01
201700013242,0,31,000,13,0,1,01,A01
201700013243,2,07,000,10,0,2,01,A01
201700013244,0,07,000,02,0,1,20,A01
201700013245,2,33,000,00,2,1,02,A01
201700013245,2,33,000,00,0,4,01,B01
201700013246,2,07,000,13,0,2,01,A01
201700013247,1,33,000,00,0,3,01,A01
201700013248,2,30,000,06,0,2,01,A01
201700013249,0,07,000,13,0,2,01,A01
201700013250,1,07,000,12,0,3,01,A01
201700013251,1,07,000,00,2,2,01,B01
201700013251,2,07,000,00,2,3,15,A01
201700013252,1,07,000,13,0,2,00,A01
201700013253,2,07,000,13,0,9,01,A01
201700013254,2,01,000,00,0,8,02,B01
201700013254,2,07,000,00,2,7,17,A01
201700013255,1,07,000,00,1,1,01,A01
201700013256,0,33,000,13,0,1,19,A01
201700013257,0,07,000,13,0,3,01,A01
201700013258,0,07,000,02,0,1,01,A01
201700013259,0,07,000,13,0,3,00,A01
201700013260,0,10,000,00,2,3,01,A01
201700013260,0,02,000,00,2,1,01,B01
201700013261,0,10,000,13,0,9,14,A01
201700013262,1,07,000,00,2,5,19,A01
201700013262,1,02,000,00,2,1,01,B01
201700013263,2,07,000,00,2,3,01,A01
201700013263,1,02,000,00,2,1,15,C01
201700013263,1,02,000,00,2,1,15,B01
201700013264,0,07,000,10,0,3,01,A01
201700013265,1,30,000,12,0,0,01,A01
201700013266,1,07,000,00,0,0,00,A01
201700013267,0,07,000,00,1,2,01,A01
201700013268,2,07,000,00,2,3,01,B01
201700013268,1,33,000,00,2,1,13,A01
201700013269,1,33,000,13,0,1,01,A01
201700013270,0,07,000,00,2,7,01,B01
201700013270,0,07,000,03,2,1,01,A01
201700013271,2,07,000,00,0,1,13,A01
201700013271,1,07,000,00,0,1,01,B01
201700013272,0,07,000,06,0,1,13,A01
201700013273,0,07,000,06,0,2,01,A01
201700013274,1,33,000,00,2,1,05,A01
201700013274,2,07,000,00,2,1,01,B01
201700013275,0,07,000,05,0,1,13,A01
201700013276,2,07,000,13,0,2,01,A01
201700013277,2,33,000,00,0,8,01,A01
201700013278,1,07,000,00,2,3,17,A01
201700013278,1,33,000,00,2,7,17,B01
201700013279,1,07,000,00,2,6,13,A01
201700013279,1,33,000,00,2,1,17,B01
201700013280,0,07,000,00,2,1,01,B01
201700013280,0,07,000,00,2,1,13,A01
201700013281,1,17,000,06,0,8,01,A01
201700013282,0,02,000,00,2,1,01,B01
201700013282,0,07,000,13,2,1,13,A01
201700013283,0,31,000,00,2,6,17,A01
201700013283,0,31,000,00,2,0,17,B01
201700013283,0,31,000,00,2,0,17,C01
201700013284,0,01,000,00,2,0,01,A01
201700013285,0,07,000,00,2,3,01,A01
201700013285,0,07,000,00,2,8,01,B01
201700013286,1,07,000,01,1,2,00,A01
201700013287,1,07,000,00,2,1,13,A01
201700013287,2,07,000,00,2,1,01,B01
201700013288,1,07,000,00,2,3,00,B01
201700013288,2,07,000,00,2,3,01,A01
201700013289,0,07,000,13,0,2,01,A01
201700013290,2,33,000,00,0,8,01,A01
201700013291,2,07,000,02,0,1,05,A01
201700013292,0,33,000,15,0,1,01,A01
201700013293,0,02,000,14,2,1,01,B01
201700013293,0,07,000,00,0,4,23,A01
201700013294,0,31,000,00,2,1,00,A01
201700013294,0,07,000,00,0,1,23,B01
201700013295,1,07,000,00,2,1,01,B01
201700013295,2,33,000,00,2,1,05,A01
201700013296,0,07,000,06,0,1,00,A01
201700013297,0,33,000,00,2,1,01,A01
201700013297,0,07,000,00,2,6,01,C01
201700013297,0,07,000,00,2,5,20,B01
201700013298,0,02,000,00,0,1,01,A01
201700013298,0,07,000,00,0,4,15,B01
201700013299,0,07,000,08,0,3,11,A01
201700013300,2,33,000,00,2,1,01,A01
201700013300,1,07,000,00,2,2,15,B01
201700013301,2,07,000,00,1,7,01,A01
201700013302,0,33,000,00,2,1,17,A01
201700013302,0,33,000,00,2,1,01,B01
201700013303,0,07,000,06,0,1,01,A01
201700013304,0,07,000,00,2,3,01,C01
201700013304,0,07,000,00,2,3,13,A01
201700013304,0,07,000,00,2,3,01,B01
201700013305,0,07,000,00,2,6,15,B01
201700013305,0,33,000,00,2,2,17,A01
201700013306,2,33,000,16,0,1,01,A01
201700013307,0,07,000,06,0,1,00,A01
201700013308,1,07,000,00,2,3,01,B01
201700013308,1,07,000,00,2,3,01,C01
201700013308,2,07,000,00,2,3,13,A01
201700013309,1,07,000,00,2,3,01,B01
201700013309,2,33,000,00,2,1,13,A01
201700013310,0,07,000,00,1,2,01,A01
201700013311,1,07,000,00,0,0,09,B01
201700013311,1,33,000,12,0,1,01,A01
201700013312,0,07,000,00,0,4,02,B01
201700013312,0,07,000,00,2,1,02,A01
201700013313,0,07,000,00,2,2,01,B01
201700013313,0,33,000,00,2,1,13,A01
201700013314,0,07,000,00,2,3,01,B01
201700013314,0,07,000,12,2,3,01,A01
201700013315,2,02,000,00,2,1,17,A01
201700013315,0,07,000,00,2,8,15,B01
201700013316,1,07,000,00,2,3,13,A01
201700013316,2,07,000,00,2,3,01,B01
201700013317,0,07,000,00,2,1,19,A01
201700013317,0,34,000,00,2,7,01,B01
201700013318,0,07,000,00,2,3,01,B01
201700013318,0,07,000,00,2,3,13,A01
201700013319,0,07,000,00,2,7,06,A01
201700013319,0,07,000,00,2,3,01,B01
201700013320,0,02,000,00,2,6,10,A01
201700013320,0,07,000,00,2,2,02,B01
201700013321,0,02,000,00,0,1,01,B01
201700013321,0,07,000,00,0,3,19,A01
201700013322,0,99,000,00,0,6,00,B01
201700013322,0,07,000,00,2,1,01,C01
201700013322,0,07,000,00,9,3,01,A01
201700013323,0,99,000,00,1,0,13,A01
201700013324,0,07,000,02,0,3,17,A01
201700013325,2,07,000,02,0,3,00,A01
201700013326,0,02,000,00,0,1,01,A01
201700013327,0,02,000,00,2,1,02,B01
201700013327,0,07,000,00,2,1,15,A01
201700013328,2,33,000,00,2,3,01,B01
201700013328,1,07,000,00,2,3,00,A01
201700013329,0,07,000,02,2,4,02,A01
201700013329,0,07,000,00,2,2,17,B01
201700013330,2,33,000,13,0,1,01,A01
201700013331,2,33,000,00,6,1,01,A01
201700013332,0,01,000,00,2,1,01,B01
201700013332,0,07,000,00,2,3,15,A01
201700013333,1,33,000,00,2,1,01,B01
201700013333,1,07,000,00,0,6,16,A01
201700013334,0,07,000,00,2,3,15,A01
201700013334,0,07,000,13,2,3,02,B01
201700013335,1,02,000,06,0,3,01,A01
201700013336,0,07,000,13,0,5,00,A01
201700013337,0,07,000,00,2,3,01,A01
201700013337,0,07,000,00,2,3,01,B01
201700013338,2,07,000,13,0,0,01,A01
201700013339,1,33,000,00,0,0,01,A01
201700013340,2,33,000,00,0,0,00,A01
201700013341,1,33,000,13,0,1,01,A01
201700013342,2,33,000,00,2,1,05,A01
201700013342,1,07,000,00,2,1,01,B01
201700013343,2,07,000,10,0,7,01,A01
201700013344,1,33,000,14,0,7,01,A01
201700013345,0,07,000,06,0,3,01,A01
201700013346,0,31,000,06,0,1,01,A01
201700013347,1,07,000,02,0,1,01,A01
201700013348,1,02,000,00,2,6,15,A01
201700013348,1,02,000,00,2,1,15,B01
201700013349,0,36,000,00,0,0,00,A01
201700013350,0,33,000,00,0,8,01,A01
201700013351,0,07,000,00,2,3,01,A01
201700013351,0,02,000,00,2,1,05,B01
201700013352,1,33,000,00,0,8,17,A01
201700013353,2,33,000,00,0,0,01,A01
201700013354,0,10,000,06,0,1,01,A01
201700013355,2,07,000,02,0,2,17,A01
201700013356,2,33,000,00,0,0,01,A01
201700013357,0,07,000,08,0,2,01,A01
201700013358,0,07,000,00,2,3,00,B01
201700013358,0,02,000,00,2,1,00,A01
201700013359,2,07,000,00,0,9,01,A01
201700013360,1,07,000,00,2,3,01,B01
201700013360,2,07,000,00,2,1,13,A01
201700013361,0,07,000,13,0,3,01,A01
201700013362,0,36,000,13,0,1,01,A01
201700013363,0,10,000,06,0,6,02,B01
201700013363,0,10,000,06,0,4,02,A01
201700013364,0,07,000,07,0,2,01,A01
201700013365,0,10,000,08,0,1,00,A01
201700013366,0,02,000,13,0,1,01,A01
201700013367,2,07,000,02,0,3,01,A01
201700013368,0,21,000,00,2,1,01,A01
201700013368,0,30,000,00,2,1,00,B01
201700013369,2,07,000,16,0,9,13,A01
201700013370,2,33,000,13,0,1,01,A01
201700013371,1,07,000,13,0,2,01,A01
201700013372,2,07,000,13,0,1,01,A01
201700013373,1,07,000,00,2,1,15,A01
201700013373,1,07,000,00,2,1,01,B01
201700013374,1,33,000,16,0,2,01,A01
201700013375,2,10,000,00,2,3,17,A01
201700013375,1,07,000,00,2,3,01,B01
201700013375,2,07,000,00,2,8,02,C01
201700013376,1,07,000,16,0,8,00,A01
201700013377,2,07,000,02,0,3,13,A01
201700013378,2,07,000,00,1,3,01,A01
201700013379,2,07,000,00,0,0,13,A01
201700013380,1,34,000,13,0,8,01,A01
201700013381,2,10,000,00,2,1,15,A01
201700013381,2,10,000,00,2,1,01,B01
201700013382,2,07,000,02,0,1,01,A01
201700013383,2,07,000,00,2,3,09,A01
201700013383,2,15,000,00,2,2,01,B01
201700013384,1,02,000,12,0,1,01,A01
201700013385,2,07,000,02,0,1,01,A01
201700013386,2,10,000,00,0,0,15,A01
201700013387,2,07,000,00,1,7,20,A01
201700013388,2,15,000,00,2,1,01,A01
201700013388,2,17,000,00,2,4,23,B01
201700013388,2,17,000,00,2,4,23,C01
201700013389,2,07,000,00,2,3,13,A01
201700013389,1,33,000,00,2,3,01,B01
201700013390,1,07,000,13,0,1,00,A01
201700013391,1,07,000,06,0,9,01,A01
201700013392,1,01,000,00,2,3,13,A01
201700013392,2,07,000,00,9,6,01,B01
201700013393,1,07,000,14,2,1,01,A01
201700013393,2,17,000,00,2,6,15,B01
201700013394,1,33,000,00,2,8,09,A01
201700013394,2,07,000,00,2,7,01,B01
201700013395,1,07,000,00,2,3,13,A01
201700013395,2,07,000,00,2,3,01,B01
201700013396,1,07,000,00,2,2,02,A01
201700013396,1,17,000,00,2,6,01,B01
201700013397,1,07,000,03,0,1,01,A01
201700013398,2,07,000,00,2,1,01,A01
201700013398,1,01,000,00,2,8,19,B01
201700013399,1,07,000,00,2,3,01,A01
201700013399,2,07,000,00,2,3,01,B01
201700013400,2,07,000,13,0,2,14,A01
201700013401,1,17,000,00,2,4,24,A01
201700013401,1,07,000,01,0,1,01,B01
201700013402,2,13,000,00,2,1,01,A01
201700013402,2,17,000,00,2,4,09,B01
201700013403,2,07,000,13,0,7,01,A01
201700013404,2,07,000,00,1,3,01,A01
201700013405,2,36,000,15,0,2,14,A01
201700013406,2,07,000,00,2,6,01,B01
201700013406,2,02,000,00,2,1,16,A01
201700013407,1,07,000,00,2,1,01,A01
201700013407,1,07,000,00,0,6,15,B01
201700013408,1,07,000,06,0,1,02,A01
201700013409,1,02,000,00,2,1,01,A01
201700013409,2,07,000,00,2,1,15,B01
201700013410,1,07,000,00,2,3,01,A01
201700013410,2,33,000,00,2,3,11,B01
201700013411,2,07,000,15,0,1,02,A01
201700013412,1,07,000,06,0,5,01,A01
201700013413,1,07,000,00,2,7,15,A01
201700013413,1,02,000,00,2,1,01,B01
201700013414,2,10,000,00,2,3,13,A01
201700013414,1,17,000,06,2,3,21,B01
201700013415,1,07,000,00,2,7,23,B01
201700013415,1,07,000,00,2,1,13,A01
201700013416,1,10,000,00,1,3,01,A01
201700013417,2,07,000,06,0,1,14,A01
201700013418,1,36,000,13,0,1,14,A01
201700013419,2,07,000,13,0,3,13,A01
201700013420,2,07,000,02,0,3,14,A01
201700013421,1,07,000,13,0,3,13,A01
201700013422,1,17,000,02,0,3,01,A01
201700013423,2,07,000,02,0,1,14,A01
201700013424,1,07,000,00,2,1,01,B01
201700013424,2,02,000,00,2,7,01,A01
201700013425,1,07,000,00,1,2,01,A01
201700013426,2,07,000,00,2,1,17,B01
201700013426,1,07,000,00,2,1,05,A01
201700013427,1,07,000,00,2,1,13,A01
201700013427,2,07,000,00,2,1,01,B01
201700013428,2,13,000,00,2,1,01,B01
201700013428,1,07,000,00,2,8,19,A01
201700013429,2,07,000,00,2,2,01,B01
201700013429,2,02,000,00,2,1,19,A01
201700013430,2,07,000,00,2,1,13,A01
201700013430,1,07,000,00,2,1,01,B01
201700013431,1,07,000,07,2,1,18,B01
201700013431,1,07,000,00,2,7,16,A01
201700013432,2,07,000,00,2,1,01,A01
201700013432,1,02,000,00,2,8,09,B01
201700013433,1,07,000,08,0,2,21,A01
201700013434,1,31,000,00,2,8,01,A01
201700013434,2,07,000,00,2,8,13,B01
201700013435,2,07,000,00,9,2,01,A01
201700013435,2,01,000,00,2,1,16,B01
201700013436,2,07,000,00,2,1,05,A01
201700013436,1,10,000,00,2,1,01,B01
201700013437,1,07,000,00,2,3,01,A01
201700013437,2,15,000,00,2,3,13,B01
201700013438,2,02,000,00,2,3,13,B01
201700013438,1,07,000,00,2,3,01,A01
201700013439,1,07,000,00,2,2,17,A01
201700013439,2,30,000,00,2,1,01,B01
201700013440,2,07,000,00,2,3,01,B01
201700013440,1,07,000,00,2,3,13,A01
201700013441,1,07,000,00,2,3,13,A01
201700013441,2,07,000,00,2,3,01,B01
201700013442,0,07,000,00,2,2,01,B01
201700013442,0,02,000,00,2,1,01,A01
201700013443,2,07,000,08,2,7,01,A01
201700013443,1,07,000,00,2,1,01,B01
201700013444,2,07,000,00,2,3,01,B01
201700013444,2,01,000,00,2,1,19,A01
201700013445,2,07,000,07,2,3,01,B01
201700013445,1,07,000,00,2,3,13,A01
201700013446,2,07,000,00,1,3,01,A01
201700013447,1,17,000,00,2,3,01,A01
201700013447,2,07,000,14,0,1,01,C01
201700013447,2,37,002,00,2,3,01,B01
201700013448,2,07,000,13,0,3,13,A01
201700013449,0,07,000,00,1,2,15,A01
201700013450,1,15,000,00,2,2,00,A01
201700013450,2,07,000,00,2,1,01,B01
201700013451,0,02,000,00,2,8,19,A01
201700013451,0,10,000,00,2,2,00,B01
201700013452,0,02,000,13,0,1,01,A01
201700013453,1,14,000,08,0,3,13,A01
201700013454,1,33,000,00,2,5,17,B01
201700013454,1,07,000,00,2,4,15,A01
201700013455,1,10,000,00,2,1,00,A01
201700013455,1,10,000,00,2,5,01,B01
201700013456,2,07,000,00,0,0,01,A01
201700013457,2,14,000,07,2,1,02,A01
201700013457,2,07,000,08,2,4,01,B01
201700013458,2,07,000,00,2,1,12,B01
201700013458,0,02,000,00,2,8,01,A01
201700013459,0,07,000,00,1,4,04,A01
201700013460,1,07,000,00,2,1,05,A01
201700013460,1,07,000,00,2,1,01,B01
201700013461,0,07,000,00,1,8,00,A01
201700013462,0,07,000,01,1,2,02,A01
201700013463,1,07,000,00,2,1,01,B01
201700013463,0,07,000,00,2,6,15,A01
201700013464,1,07,000,13,0,1,01,A01
201700013465,0,07,000,00,2,3,15,A01
201700013465,0,33,000,00,2,1,01,B01
201700013466,0,07,000,00,2,3,09,A01
201700013466,1,07,000,00,2,2,01,B01
201700013467,2,33,000,02,0,1,01,A01
201700013468,1,31,000,00,2,1,01,B01
201700013468,2,07,000,00,2,3,01,A01
201700013469,2,07,000,15,0,1,11,A01
201700013470,1,07,000,00,2,1,01,B01
201700013470,2,07,000,00,2,3,13,A01
201700013471,1,07,000,06,0,1,01,A01
201700013472,0,07,000,00,2,7,02,B01
201700013472,0,07,000,00,2,1,02,A01
201700013473,0,02,000,00,2,1,01,B01
201700013473,0,07,000,00,2,3,15,A01
201700013474,1,02,000,16,0,1,01,A01
201700013475,0,07,000,00,2,3,01,B01
201700013475,0,07,000,00,2,3,01,A01
201700013476,2,07,000,00,2,1,13,A01
201700013476,0,07,000,00,2,1,01,B01
201700013477,2,07,000,00,2,7,15,A01
201700013477,1,07,000,00,2,1,01,B01