Num_Acc,senc,catv,occutc,obs,obsm,choc,manv,num_veh
201700015104,1,32,000,00,2,3,00,A01
201700015105,1,07,000,00,1,1,01,A01
201700015106,1,30,000,00,2,1,02,A01
201700015106,1,07,000,00,2,4,01,B01
201700015107,1,02,000,14,0,1,01,A01
201700015108,2,07,000,00,5,1,01,B01
201700015109,1,07,000,00,1,3,01,A01
201700015110,1,07,000,01,0,9,01,A01
201700015111,1,07,000,01,0,2,14,A01
201700015112,1,30,000,01,0,1,00,A01
201700015113,1,07,000,00,1,0,16,A01
201700015114,1,07,000,00,9,8,09,A01
201700015114,1,01,000,00,2,2,01,B01
201700015115,1,32,000,00,2,1,02,A01
201700015115,1,07,000,00,2,6,02,B01
201700015116,1,07,000,01,0,1,01,A01
201700015117,1,07,000,00,2,5,01,A01
201700015117,1,07,000,00,2,4,01,B01
201700015118,1,07,000,00,9,1,00,A01
201700015119,2,07,000,00,2,1,01,B01
201700015119,1,07,000,00,2,3,09,A01
201700015120,2,07,000,08,0,2,01,A01
201700015121,1,07,000,00,2,1,01,B01
201700015121,1,07,000,00,1,4,23,A01
201700015122,1,31,000,00,1,1,17,A01
201700015123,1,33,000,00,2,4,01,A01
201700015123,1,07,000,00,2,1,01,Z01
201700015124,1,07,000,00,1,1,01,A01
201700015125,1,07,000,13,0,9,01,A01
201700015126,2,07,000,00,2,2,15,A01
201700015126,2,01,000,00,2,7,01,B01
201700015127,1,07,000,00,2,7,16,A01
201700015127,2,07,000,00,2,1,01,B01
201700015128,2,07,000,08,0,1,01,A01
201700015129,2,01,000,00,2,8,01,A01
201700015129,2,07,000,00,2,7,17,Z01
201700015130,1,30,000,00,2,1,01,A01
201700015130,1,07,000,00,2,6,01,B01
201700015131,1,07,000,00,2,8,01,B01
201700015131,1,07,000,00,2,1,09,A01
201700015132,1,07,000,00,1,2,02,A01
201700015133,1,07,000,00,2,0,00,A01
201700015133,1,31,000,00,2,4,10,B01
201700015134,1,07,000,00,2,5,02,B01
201700015134,1,33,000,00,2,1,02,A01
201700015135,2,07,000,00,1,2,16,A01
201700015136,1,07,000,00,2,4,02,B01
201700015136,1,07,000,00,2,1,02,A01
201700015137,2,33,000,00,2,1,02,A01
201700015137,2,07,000,00,2,3,02,B01
201700015138,1,07,000,06,0,1,01,A01
201700015139,1,07,000,00,2,2,09,A01
201700015139,1,01,000,00,2,8,01,B01
201700015140,2,07,000,00,1,4,04,A01
201700015141,2,07,000,00,2,1,09,A01
201700015141,2,07,000,00,2,3,01,B01
201700015142,1,07,000,00,1,2,01,A01
201700015143,1,07,000,00,0,2,00,A01
201700015144,1,07,000,00,0,2,01,A01
201700015145,1,07,000,12,0,5,01,A01
201700015146,1,07,000,00,2,2,16,A01
201700015146,1,01,000,00,2,1,01,B01
201700015147,1,07,000,02,0,1,01,A01
201700015148,1,07,000,00,2,1,02,A01
201700015148,1,07,000,00,2,1,23,B01
201700015148,1,07,000,00,2,4,23,C01
201700015149,1,07,000,00,6,1,01,A01
201700015150,1,07,000,08,0,6,04,A01
201700015151,1,07,000,00,2,1,19,A01
201700015151,1,07,000,00,2,3,01,B01
201700015152,1,07,000,00,2,3,09,A01
201700015152,1,34,000,00,2,1,01,B01
201700015153,1,07,000,00,2,4,23,B01
201700015153,1,34,000,00,2,1,16,A01
201700015154,1,07,000,00,2,1,15,A01
201700015154,1,07,000,00,2,3,01,B01
201700015155,1,07,000,00,9,7,17,A01
201700015155,1,01,000,00,2,8,02,B01
201700015156,1,07,000,00,1,2,14,A01
201700015157,1,07,000,00,2,1,13,A01
201700015157,2,07,000,00,2,1,01,B01
201700015158,2,07,000,00,2,3,13,A01
201700015158,1,07,000,03,2,3,01,B01
201700015159,2,33,000,00,2,2,01,B01
201700015159,2,07,000,00,2,1,15,A01
201700015160,1,02,000,00,2,4,01,A01
201700015160,2,07,000,00,2,1,01,B01
201700015160,1,07,000,00,2,3,02,C01
201700015161,2,07,000,00,2,1,01,B01
201700015161,1,07,000,00,2,1,13,A01
201700015162,1,07,000,13,0,1,13,A01
201700015163,2,07,000,00,2,3,13,B01
201700015163,1,07,000,00,2,1,01,A01
201700015164,0,07,000,04,0,3,01,A01
201700015165,2,07,000,00,0,1,16,A01
201700015166,2,07,000,00,2,3,10,B01
201700015166,1,02,000,00,2,1,01,A01
201700015167,1,07,000,00,2,2,16,B01
201700015167,0,01,000,00,2,1,01,A01
201700015168,0,33,000,04,0,1,17,A01
201700015169,2,33,000,00,2,1,01,B01
201700015169,1,07,000,00,0,5,15,A01
201700015170,1,33,000,00,2,1,01,B01
201700015170,2,07,000,00,2,2,13,A01
201700015171,2,14,000,13,0,3,01,A01
201700015172,2,07,000,00,0,7,16,A01
201700015172,2,33,000,00,2,1,02,B01
201700015173,1,07,000,00,2,3,01,B01
201700015173,2,33,000,00,2,1,13,A01
201700015174,1,07,000,00,2,3,01,B01
201700015174,0,07,000,00,0,8,19,A01
201700015175,0,07,000,00,1,3,02,A01
201700015176,1,33,000,00,2,1,17,B01
201700015176,1,07,000,00,0,3,10,A01
201700015177,1,07,000,00,2,1,17,A01
201700015177,2,07,000,00,2,1,01,B01
201700015177,1,17,000,00,2,6,01,C01
201700015178,0,07,000,01,2,1,02,A01
201700015178,0,07,000,00,2,4,02,C01
201700015178,0,07,000,01,0,4,00,B01
201700015179,2,14,000,00,2,3,01,B01
201700015179,1,07,000,00,2,6,01,A01
201700015180,1,07,000,00,2,6,01,C01
201700015180,2,33,000,00,2,1,01,A01
201700015180,2,33,000,00,2,4,02,B01
201700015181,1,33,000,13,0,3,14,A01
201700015182,1,33,000,03,0,0,01,A01
201700015183,2,07,000,12,0,0,17,B01
201700015183,2,07,000,13,0,0,17,A01
201700015184,1,07,000,00,2,3,01,A01
201700015184,2,10,000,00,2,1,01,B01
201700015185,2,34,000,00,0,7,01,B01
201700015185,2,10,000,00,2,2,15,A01
201700015186,1,02,000,08,0,1,01,A01
201700015187,2,01,000,00,2,4,02,C01
201700015187,2,07,000,00,2,2,02,A01
201700015187,2,01,000,00,2,4,02,B01
201700015188,2,07,000,02,0,9,14,A01
201700015189,0,33,000,12,0,1,13,A01
201700015190,1,07,000,08,0,3,01,A01
201700015191,2,07,000,03,0,3,01,A01
201700015192,2,07,000,00,2,2,01,B01
201700015192,2,07,000,00,2,5,15,A01
201700015193,1,14,000,00,2,8,01,B01
201700015193,2,07,000,06,2,1,06,A01
201700015194,1,10,000,00,2,3,01,B01
201700015194,2,07,000,00,2,1,15,A01
201700015195,1,14,000,00,0,8,01,B01
201700015195,2,07,000,00,0,3,13,A01
201700015196,1,07,000,13,0,0,17,A01
201700015197,1,07,000,15,2,8,13,A01
201700015197,2,07,000,00,2,1,01,B01
201700015198,2,07,000,13,0,2,01,A01
201700015199,2,02,000,00,0,0,01,A01
201700015200,1,07,000,02,0,1,21,A01
201700015201,1,07,000,00,2,7,19,A01
201700015201,0,07,000,00,2,2,01,B01
201700015202,0,07,000,00,0,9,01,A01
201700015203,2,07,000,02,0,1,01,A01
201700015204,2,07,000,00,0,9,21,A01
201700015205,0,10,000,00,2,3,15,A01
201700015205,0,07,000,08,2,3,01,B01
201700015206,0,07,000,03,0,1,14,A01
201700015207,1,07,000,15,0,3,01,A01
201700015208,1,07,000,00,2,4,02,B01
201700015208,1,02,000,00,2,1,02,A01
201700015209,1,07,000,01,0,1,13,A01
201700015210,1,07,000,00,1,2,01,A01
201700015211,0,07,000,00,2,6,15,B01
201700015211,0,33,000,00,2,1,01,A01
201700015212,0,10,000,00,0,3,01,B01
201700015212,0,07,000,00,0,1,05,A01
201700015213,1,07,000,00,2,1,15,A01
201700015213,2,02,000,00,2,1,16,B01
201700015214,1,07,000,00,2,7,17,A01
201700015214,1,02,000,00,2,8,13,B01
201700015215,1,02,000,00,0,1,01,A01
201700015216,1,33,000,00,2,1,02,A01
201700015216,1,07,000,00,0,4,23,B01
201700015217,0,02,000,12,0,7,01,A01
201700015218,2,07,000,00,2,1,01,B01
201700015218,1,07,000,00,2,1,13,A01
201700015219,0,07,000,02,0,1,01,A01
201700015220,0,10,000,00,1,2,01,A01
201700015221,1,07,000,16,0,9,01,A01
201700015222,1,14,000,00,2,1,01,B01
201700015222,2,07,000,00,2,7,13,A01
201700015223,0,07,000,00,2,3,01,A01
201700015223,0,07,000,00,2,2,01,B01
201700015224,2,07,000,00,2,3,01,A01
201700015224,1,33,000,00,2,1,01,B01
201700015225,0,07,000,00,2,1,01,C01
201700015225,2,07,000,00,2,8,01,B01
201700015225,0,07,000,00,2,1,01,A01
201700015226,0,10,000,00,2,3,15,A01
201700015226,2,33,000,00,2,1,01,B01
201700015227,2,33,000,00,2,1,06,A01
201700015227,0,07,000,00,2,8,15,B01
201700015228,1,01,000,00,2,1,01,B01
201700015228,2,07,000,00,2,8,13,A01
201700015229,1,33,000,00,0,7,01,A01
201700015230,2,33,000,00,0,8,01,A01
201700015231,0,36,000,08,0,2,01,A01
201700015232,1,07,000,02,0,5,01,A01
201700015233,1,34,000,00,0,0,16,A01
201700015234,2,33,000,13,0,1,01,A01
201700015235,0,07,000,15,0,7,01,A01
201700015236,0,36,000,00,9,0,21,A01
201700015237,0,07,000,00,1,4,04,A01
201700015238,2,07,000,00,1,1,01,A01
201700015239,1,07,000,02,0,3,01,A01
201700015240,1,31,000,05,0,7,01,A01
201700015241,2,07,000,00,2,1,17,B01
201700015241,2,07,000,09,0,8,11,A01
201700015242,1,33,000,00,0,2,01,A01
201700015243,1,33,000,00,0,0,01,A01
201700015244,1,33,000,00,0,8,01,A01
201700015245,1,07,000,00,6,0,21,A01
201700015246,2,33,000,07,0,1,01,A01
201700015247,1,07,000,13,0,1,01,A01
201700015248,1,07,000,06,0,4,00,A01
201700015249,1,07,000,00,2,1,00,B01
201700015249,2,07,000,00,2,1,13,A01
201700015250,1,07,000,13,0,1,01,A01
201700015251,0,07,000,00,2,2,01,B01
201700015251,0,07,000,00,2,3,10,A01
201700015252,0,33,000,00,0,0,01,A01
201700015253,1,33,000,00,2,1,13,A01
201700015253,2,07,000,00,2,2,01,B01
201700015254,1,07,000,00,2,1,01,B01
201700015254,2,07,000,00,2,1,13,A01
201700015255,0,07,000,00,2,1,01,A01
201700015255,0,07,000,00,2,1,01,B01
201700015256,2,07,000,00,0,1,01,B01
201700015256,1,10,000,00,0,1,13,A01
201700015257,2,07,000,00,1,1,01,A01
201700015258,1,07,000,00,2,3,15,A01
201700015258,1,31,000,00,2,1,01,B01
201700015259,1,07,000,00,0,9,14,A01
201700015260,0,07,000,00,2,2,01,A01
201700015260,0,01,000,00,2,8,02,B01
201700015261,2,07,000,00,1,2,02,A01
201700015262,2,07,000,09,1,1,14,A01
201700015263,2,07,000,02,0,1,19,A01
201700015264,2,07,000,02,0,2,01,A01
201700015265,2,07,000,00,2,1,09,A01
201700015265,2,07,000,00,2,1,09,B01
201700015266,0,07,000,00,1,2,01,A01
201700015267,0,01,000,00,2,8,19,B01
201700015267,0,07,000,00,2,2,01,A01
201700015268,2,07,000,06,0,1,15,A01
201700015269,2,07,000,00,0,4,01,A01
201700015269,1,07,000,00,2,1,01,B01
201700015270,2,07,000,02,0,1,14,A01
201700015271,0,07,000,02,0,1,01,A01
201700015272,0,07,000,15,0,2,01,A01
201700015273,1,07,000,00,9,2,02,A01
201700015273,2,01,000,00,2,8,15,B01
201700015274,1,07,000,00,0,0,01,A01
201700015274,2,07,000,00,2,1,01,B01
201700015275,1,32,000,00,2,1,01,A01
201700015275,2,07,000,00,2,1,01,B01
201700015276,2,03,000,00,2,2,01,B01
201700015276,1,07,000,08,2,5,15,A01
201700015277,0,01,000,00,0,0,16,A01
201700015278,1,07,000,13,0,8,01,A01
201700015279,2,07,000,02,0,1,13,A01
201700015280,1,07,000,08,0,1,01,A01
201700015280,2,07,000,08,0,1,01,B01
201700015281,1,01,000,00,2,0,00,A01
201700015281,2,01,000,00,2,0,00,B01
201700015282,1,07,000,00,0,3,13,A01
201700015283,2,07,000,00,2,2,09,A01
201700015283,1,07,000,00,2,7,13,B01
201700015284,1,07,000,00,1,1,01,A01
201700015285,1,07,000,08,0,3,01,A01
201700015286,2,07,000,00,2,2,10,A01
201700015286,1,33,000,00,2,1,01,B01
201700015287,0,07,000,00,0,6,01,A01
201700015287,0,07,000,00,0,6,01,B01
201700015287,0,33,000,00,0,1,01,C01
201700015287,0,07,000,00,5,1,01,D01
201700015288,1,07,000,03,0,1,01,A01
201700015289,1,31,000,16,0,1,01,A01
201700015290,1,07,000,00,2,1,01,A01
201700015290,2,07,000,00,2,1,01,B01
201700015291,0,30,000,00,0,0,00,A01
201700015292,1,07,000,00,2,6,01,A01
201700015292,1,07,000,00,2,3,01,B01
201700015292,1,07,000,00,9,0,01,C01
201700015293,2,03,000,00,0,7,01,A01
201700015293,2,33,000,00,2,1,01,B01
201700015294,1,07,000,00,2,1,13,A01
201700015294,2,07,000,00,2,1,01,B01
201700015295,2,07,000,00,9,7,01,A01
201700015295,2,01,000,00,2,8,01,B01
201700015296,1,07,000,00,0,3,13,A01
201700015296,2,33,000,00,2,1,01,B01
201700015297,2,07,000,00,2,1,01,A01
201700015297,1,07,000,00,2,1,01,B01
201700015298,1,07,000,00,2,3,10,A01
201700015298,2,07,000,00,2,1,01,B01
201700015299,1,07,000,00,0,0,00,A01
201700015300,1,07,000,13,0,2,01,A01
201700015301,1,07,000,08,0,1,01,A01
201700015302,2,07,000,06,2,2,13,A01
201700015302,1,07,000,00,2,2,01,B01
201700015303,2,33,000,00,0,1,01,A01
201700015303,1,33,000,00,0,7,10,B01
201700015304,2,07,000,11,0,2,00,A01
201700015305,1,07,000,03,0,2,01,A01
201700015306,1,33,000,13,0,7,01,A01
201700015307,1,07,000,11,0,1,01,A01
201700015308,1,07,000,00,2,3,13,A01
201700015308,2,07,000,00,2,3,01,B01
201700015309,1,07,000,00,2,3,13,A01
201700015309,2,07,000,00,2,3,01,B01
201700015309,2,07,000,00,2,1,01,C01
201700015310,0,10,000,00,1,4,04,A01
201700015311,0,07,000,02,0,9,01,A01
201700015312,1,07,000,00,2,1,13,A01
201700015312,2,10,000,00,2,1,01,B01
201700015313,1,07,000,00,2,3,01,A01
201700015313,2,07,000,00,2,3,01,B01
201700015314,2,33,000,00,0,0,17,A01
201700015315,1,07,000,00,1,2,01,A01
201700015316,1,07,000,13,2,7,09,A01
201700015316,2,07,000,00,2,1,01,B01
201700015317,0,33,000,00,0,8,01,A01
201700015318,2,07,000,06,0,7,06,A01
201700015319,2,07,000,00,2,3,16,A01
201700015319,1,33,000,00,2,2,01,B01
201700015320,1,02,000,00,2,2,01,A01
201700015320,2,10,000,00,2,2,00,B01
201700015321,1,07,000,03,0,2,01,A01
201700015322,1,07,000,00,2,8,10,A01
201700015322,1,31,000,00,2,1,17,B01
201700015323,1,33,000,00,0,7,01,A01
201700015324,2,33,000,00,6,1,01,A01
201700015325,1,07,000,02,0,1,17,A01
201700015326,1,07,000,15,0,2,01,A01
201700015327,0,07,000,00,1,3,01,A01
201700015328,0,07,000,00,1,3,20,A01
201700015329,2,33,000,00,0,8,01,A01
201700015329,2,21,000,00,0,0,01,B01
201700015330,0,02,000,00,2,3,16,A01
201700015330,0,10,000,00,2,2,01,B01
201700015331,1,07,000,00,2,1,13,A01
201700015331,2,07,000,00,2,3,01,B01
201700015332,2,07,000,00,2,8,19,A01
201700015332,2,07,000,00,2,1,01,B01
201700015333,1,07,000,13,0,2,01,A01
201700015334,0,33,000,00,6,2,01,A01
201700015335,2,07,000,00,2,3,19,B01
201700015335,1,07,000,00,2,1,01,A01
201700015336,1,33,000,07,2,7,16,B01
201700015336,2,07,000,00,2,3,09,A01
201700015337,1,33,000,00,0,1,02,A01
201700015338,2,07,000,00,2,2,19,A01
201700015338,1,07,000,00,2,3,01,B01
201700015339,2,33,000,00,2,1,17,A01
201700015339,2,21,000,00,2,3,15,B01
201700015340,1,33,000,00,2,7,02,A01
201700015340,2,07,000,00,2,1,19,B01
201700015341,1,33,000,00,0,0,16,A01
201700015342,2,07,000,00,2,1,01,A01
201700015342,1,33,000,00,2,1,17,B01
201700015343,1,07,000,02,0,7,01,A01
201700015344,1,33,000,00,6,7,00,A01
201700015345,2,33,000,00,0,2,01,A01
201700015346,2,07,000,00,0,9,00,A01
201700015347,2,07,000,02,0,9,01,A01
201700015348,1,07,000,15,0,9,00,A01
201700015349,1,07,000,15,0,2,01,A01
201700015350,1,07,000,00,9,3,13,A01
201700015350,2,01,000,00,2,1,00,B01
201700015351,1,07,000,02,0,1,14,A01
201700015352,2,07,000,00,2,3,05,A01
201700015352,1,33,000,00,2,1,00,B01
201700015353,1,07,000,00,0,6,15,A01
201700015353,1,33,000,00,2,1,17,B01
201700015354,0,07,000,00,2,3,01,A01
201700015354,2,21,000,00,2,3,01,B01
201700015355,1,33,000,00,0,0,01,A01
201700015356,1,07,000,00,2,1,01,A01
201700015356,2,07,000,00,2,8,09,B01
201700015357,2,07,000,00,2,3,15,A01
201700015357,1,10,000,00,2,2,01,B01
201700015358,2,10,000,02,0,1,01,A01
201700015359,1,10,000,00,2,2,01,A01
201700015359,2,07,000,01,0,3,01,B01
201700015360,2,07,000,00,0,8,09,A01
201700015360,2,07,000,00,2,1,01,B01
201700015361,1,07,000,08,0,8,01,A01
201700015362,2,07,000,13,0,9,01,A01
201700015363,1,07,000,00,2,2,06,A01
201700015363,2,07,000,00,2,3,01,B01
201700015364,2,02,000,00,2,1,02,A01
201700015364,2,10,000,00,2,6,15,B01
201700015365,1,07,000,00,0,0,00,A01
201700015366,2,07,000,13,0,2,14,A01
201700015367,1,33,000,00,2,1,02,A01
201700015367,1,07,000,00,2,6,15,B01
201700015368,2,07,000,00,2,1,13,A01
201700015368,1,07,000,00,2,3,01,B01
201700015368,1,07,000,00,2,1,01,C01
201700015369,2,15,000,03,2,1,01,B01
201700015369,2,07,000,03,2,8,15,A01
201700015370,1,07,000,13,0,3,17,A01
201700015371,2,36,000,02,0,7,21,A01
201700015372,2,33,000,12,0,1,01,A01
201700015373,2,07,000,02,0,3,01,A01
201700015374,0,07,000,06,0,1,01,A01
201700015375,1,07,000,00,2,6,04,A01
201700015375,2,01,000,00,0,4,01,B01
201700015375,2,01,000,00,0,4,01,C01
201700015376,0,07,000,00,1,0,23,A01
201700015377,1,21,000,00,0,6,15,A01
201700015377,1,31,000,00,2,1,17,B01
201700015378,2,07,000,00,2,3,09,A01
201700015378,2,01,000,00,2,1,01,B01
201700015379,1,02,000,00,2,1,01,A01
201700015379,1,07,000,00,2,7,01,B01
201700015380,2,33,000,03,0,1,01,A01
201700015381,0,32,000,00,0,0,23,A01
201700015382,1,99,000,00,2,7,17,A01
201700015382,1,21,000,00,2,6,15,B01
201700015383,2,07,000,00,2,7,17,A01
201700015383,2,01,000,00,2,7,01,B01
201700015384,0,07,000,13,0,7,00,A01
201700015385,2,07,000,00,2,1,01,A01
201700015385,2,07,000,00,2,4,01,B01
201700015386,1,07,000,00,2,1,13,A01
201700015386,2,07,000,00,2,1,01,B01
201700015387,1,07,000,00,2,3,13,A01
201700015387,2,07,000,00,2,3,01,B01
201700015388,2,07,000,01,1,1,01,A01
201700015389,0,33,000,00,0,1,01,A01
201700015390,2,07,000,00,2,1,13,A01
201700015390,1,16,000,00,2,1,01,B01
201700015391,2,33,000,00,2,1,01,B01
201700015391,1,17,000,00,2,8,15,A01
201700015392,1,07,000,00,2,3,13,A01
201700015392,2,15,000,00,2,3,01,B01
201700015393,1,07,000,00,2,3,17,A01
201700015393,2,07,000,00,2,3,01,B01
201700015394,2,07,000,00,2,1,01,B01
201700015394,2,07,000,00,2,3,01,A01
201700015395,2,07,000,00,5,1,01,A01
201700015396,1,07,000,00,2,2,15,A01
201700015396,1,07,000,00,2,2,21,B01
201700015397,1,07,000,00,2,1,13,A01
201700015397,2,17,000,00,2,3,01,B01
201700015398,2,07,000,00,1,3,01,A01
201700015398,1,07,000,00,2,3,01,B01
201700015399,1,07,000,00,1,7,01,A01
201700015400,1,02,000,00,0,4,15,A01
201700015400,1,10,000,00,2,2,01,B01
201700015401,1,07,000,16,0,0,01,A01
201700015402,1,07,000,00,2,1,13,A01
201700015402,2,07,000,00,2,1,01,B01
201700015403,2,07,000,00,2,2,01,B01
201700015403,1,07,000,00,2,2,15,A01
201700015404,1,07,000,16,0,1,01,A01
201700015405,2,07,000,00,2,6,13,A01
201700015405,1,07,000,00,2,1,01,B01
201700015405,1,17,000,00,2,3,01,C01
201700015406,1,07,000,00,2,1,01,B01
201700015406,0,07,000,00,2,2,01,A01
201700015407,1,07,000,00,2,1,17,A01
201700015407,2,15,000,00,2,1,01,B01
201700015408,1,07,000,02,0,2,01,A01
201700015409,2,07,000,00,2,1,02,A01
201700015409,2,21,000,00,2,5,02,B01
201700015410,1,07,000,,2,1,17,A01
201700015410,1,07,000,00,2,3,15,B01
201700015411,2,07,000,01,0,1,00,A01
201700015412,1,17,000,03,0,1,01,A01
201700015413,1,07,000,00,2,2,19,A01
201700015413,2,33,000,00,2,1,01,B01
201700015414,1,02,000,13,0,0,00,A01
201700015415,2,33,000,03,0,0,00,A01
201700015416,1,07,000,00,2,1,16,A01
201700015416,2,07,000,00,2,1,01,B01
201700015417,2,07,000,00,2,3,17,A01
201700015417,1,33,000,00,2,1,01,B01
201700015418,1,07,000,00,2,3,13,A01
201700015418,2,01,000,00,2,3,00,B01
201700015419,1,07,000,00,1,2,02,A01
201700015420,2,07,000,02,0,5,01,A01
201700015421,1,07,000,00,2,1,13,A01
201700015421,2,07,000,00,2,1,01,B01
201700015421,2,07,000,00,2,1,01,C01
201700015422,2,07,000,00,1,1,01,A01
201700015423,2,07,000,02,0,8,01,A01
201700015424,1,07,000,00,2,1,13,A01
201700015424,2,99,000,00,2,1,01,B01
201700015425,2,33,000,13,0,3,13,A01
201700015426,2,14,000,00,2,3,13,A01
201700015426,1,07,000,00,2,1,01,B01
201700015426,2,07,000,00,0,0,16,C01
201700015427,1,07,000,00,2,7,00,A01
201700015427,2,07,000,00,2,1,01,B01
201700015428,1,07,000,00,2,2,01,B01
201700015428,0,01,000,00,2,3,15,A01
201700015429,1,10,000,02,0,3,13,A01
201700015430,2,07,000,09,0,1,01,A01
201700015431,1,02,000,00,2,2,02,A01
201700015431,1,07,000,00,2,2,02,B01
201700015432,2,07,000,00,2,1,13,A01
201700015432,1,07,000,00,2,1,01,B01
201700015433,2,10,000,13,0,1,00,A01
201700015434,1,33,000,00,2,1,01,B01
201700015434,0,07,000,00,2,3,19,A01
201700015435,2,07,000,00,2,1,15,A01
201700015435,1,07,000,00,2,1,01,B01
201700015436,1,10,000,00,2,3,13,A01
201700015436,2,07,000,00,2,3,01,B01
201700015437,2,07,000,01,1,2,02,A01
201700015438,2,07,000,00,2,3,13,A01
201700015438,1,07,000,00,2,3,01,B01
201700015439,2,07,000,00,1,2,01,A01
201700015440,1,07,000,03,0,1,01,A01
201700015441,1,10,000,00,2,3,13,A01
201700015441,2,07,000,00,2,3,01,B01
201700015442,2,07,000,00,2,1,17,A01
201700015442,1,07,000,00,2,3,01,B01
201700015443,2,07,000,00,2,1,01,B01
201700015443,1,07,000,00,2,3,15,A01
201700015444,1,17,000,00,2,1,01,A01
201700015444,2,07,000,00,2,1,13,B01
201700015445,2,02,000,00,2,1,18,A01
201700015445,2,38,028,00,0,7,16,B01
201700015446,1,17,000,00,0,6,01,B01
201700015446,2,07,000,00,2,1,13,A01
201700015447,2,14,000,00,0,4,01,B01
201700015447,2,07,000,00,2,1,02,A01
201700015448,1,07,000,04,0,3,00,A01
201700015449,2,07,000,00,0,3,13,A01
201700015449,1,17,000,00,2,3,21,B01
201700015450,2,17,000,03,0,8,01,A01
201700015451,2,07,000,00,2,3,13,A01
201700015451,1,17,000,00,2,3,00,B01
201700015452,1,10,000,00,2,1,02,A01
201700015452,1,07,000,00,0,5,23,B01
201700015453,2,07,000,00,2,3,13,A01
201700015453,1,17,000,00,2,3,01,B01
201700015454,2,07,000,00,2,1,01,B01
201700015454,1,07,000,00,2,1,13,A01
201700015455,1,07,000,00,2,4,15,A01
201700015455,1,33,000,00,2,1,01,B01
201700015456,0,33,000,00,2,1,01,B01
201700015456,0,07,000,00,2,3,15,A01
201700015457,1,07,000,00,2,1,01,B01
201700015457,0,07,000,00,2,2,15,A01
201700015458,1,07,000,00,2,2,19,A01
201700015458,2,07,000,00,0,1,01,B01
201700015459,0,07,000,00,2,2,15,A01
201700015459,0,01,000,00,2,1,01,B01
201700015460,1,07,000,00,2,3,01,A01
201700015460,2,07,000,00,2,3,13,B01
201700015461,1,07,000,00,2,2,01,A01
201700015461,2,01,000,00,2,4,06,B01
201700015462,0,07,000,00,2,1,01,A01
201700015462,0,01,000,00,2,4,01,B01
201700015463,2,33,000,00,5,1,01,A01
201700015464,1,07,000,00,0,6,15,A01
201700015464,1,33,000,00,2,2,17,B01
201700015465,2,07,000,00,2,3,01,A01
201700015465,1,07,000,00,2,3,01,B01
201700015466,2,07,000,00,1,2,00,A01
201700015467,1,07,000,02,0,3,01,A01
201700015468,2,07,000,08,0,1,13,A01
201700015469,0,07,000,00,2,2,15,A01
201700015469,0,01,000,00,2,1,01,B01
201700015470,2,07,000,00,2,3,13,A01
201700015470,1,07,000,00,2,3,01,B01
201700015471,0,14,000,00,1,2,16,A01
201700015472,2,33,000,13,0,1,01,A01
201700015473,2,10,000,00,2,2,17,A01
201700015473,2,01,000,00,2,8,01,B01
201700015474,1,07,000,00,2,1,09,A01
201700015474,1,07,000,00,2,2,01,B01
201700015475,1,07,000,02,0,3,13,A01
201700015476,0,07,000,00,2,3,01,A01
201700015476,0,07,000,00,0,3,01,B01
201700015477,1,07,000,00,0,1,21,A01
201700015478,1,07,000,00,2,1,01,B01
201700015478,2,07,000,00,2,8,19,A01
201700015479,2,07,000,02,0,7,13,A01
201700015480,1,07,000,02,0,7,19,A01
201700015481,2,07,000,00,0,9,13,A01
201700015482,1,33,000,16,0,1,01,A01
201700015483,1,07,000,00,0,1,00,A01
201700015484,0,07,000,00,9,7,02,A01
201700015484,0,01,000,00,2,3,02,B01
201700015484,0,01,000,00,2,8,02,C01
201700015485,1,07,000,02,0,7,01,A01
201700015486,0,07,000,00,0,9,01,A01
201700015487,2,07,000,13,0,1,01,A01
201700015488,2,07,000,00,0,1,01,A01
201700015489,0,07,000,00,2,2,01,B01
201700015489,0,07,000,13,2,6,19,A01
201700015490,1,01,000,00,0,0,00,A01
201700015491,0,07,000,06,0,3,01,A01
201700015492,1,07,000,00,2,1,01,A01
201700015492,2,07,000,00,2,1,01,B01
201700015493,1,07,000,13,0,9,01,A01
201700015494,2,07,000,02,0,1,01,A01
201700015495,0,07,000,00,1,2,01,A01
201700015496,0,07,000,07,0,0,01,A01
201700015497,1,07,000,00,2,3,01,A01
201700015497,2,07,000,00,2,3,01,B01
201700015498,0,10,000,00,2,1,01,C01
201700015498,0,07,000,00,2,1,02,A01
201700015498,0,10,000,00,2,4,15,B01
201700015499,2,03,000,00,2,1,01,A01
201700015499,2,07,000,00,2,7,01,B01
201700015500,0,02,000,12,0,0,16,A01
201700015501,1,07,000,00,2,1,21,B01
201700015501,0,07,000,00,2,4,09,A01
201700015502,1,07,000,00,1,1,01,A01
201700015503,1,07,000,00,2,5,15,A01
201700015503,2,33,000,00,2,1,01,B01
201700015504,2,02,000,00,2,1,17,A01
201700015504,2,21,000,00,2,8,15,B01
201700015505,2,07,000,03,2,1,13,A01
201700015505,1,17,000,00,2,1,01,B01
201700015506,2,07,000,00,2,5,16,A01
201700015506,2,01,000,00,2,1,01,B01
201700015507,2,33,000,00,2,1,17,A01