Num_Acc,senc,catv,occutc,obs,obsm,choc,manv,num_veh
201700020286,1,07,000,00,0,3,15,B01
201700020287,0,02,000,00,2,1,17,B01
201700020287,0,07,000,00,0,3,15,A01
201700020288,2,07,000,13,0,1,01,A01
201700020289,2,07,000,00,2,3,15,A01
201700020289,1,34,000,06,2,1,01,B01
201700020290,2,01,000,00,0,4,01,B01
201700020290,2,10,000,00,2,2,02,A01
201700020291,1,07,000,02,0,1,01,A01
201700020292,1,02,000,06,0,1,01,A01
201700020293,0,07,000,00,1,4,04,A01
201700020294,0,07,000,00,0,6,01,B01
201700020294,0,33,000,00,2,1,02,A01
201700020295,0,07,000,00,2,7,19,A01
201700020295,0,30,000,00,2,1,00,B01
201700020296,0,02,000,00,0,0,01,A01
201700020296,0,07,000,00,0,0,00,B01
201700020297,1,01,000,00,2,1,01,B01
201700020297,2,07,000,00,9,2,00,A01
201700020298,1,17,000,00,1,3,18,A01
201700020299,2,07,000,00,2,1,13,A01
201700020299,1,14,000,00,2,3,01,B01
201700020300,0,02,000,03,0,7,01,A01
201700020301,1,33,000,00,2,1,17,B01
201700020301,2,07,000,00,0,3,01,A01
201700020302,1,07,000,00,9,1,01,A01
201700020302,1,01,000,00,0,8,19,B01
201700020303,1,07,000,00,0,3,13,A01
201700020303,2,07,000,00,0,3,01,B01
201700020304,2,07,000,00,2,3,09,A01
201700020304,2,02,000,00,2,2,09,B01
201700020305,1,07,000,13,0,9,00,A01
201700020306,1,07,000,00,2,6,10,A01
201700020306,1,33,000,00,2,1,01,B01
201700020307,2,33,000,00,0,7,01,A01
201700020308,0,07,000,00,4,8,19,A01
201700020308,0,39,050,00,2,1,01,B01
201700020309,0,07,000,00,2,2,16,A01
201700020309,0,01,000,00,2,8,01,B01
201700020310,2,07,000,00,2,3,01,B01
201700020310,1,07,000,00,2,3,13,A01
201700020311,2,33,000,00,2,8,19,A01
201700020311,2,31,000,00,2,1,01,B01
201700020312,2,03,000,00,9,2,16,B01
201700020312,2,01,000,00,2,3,01,A01
201700020313,0,01,000,00,1,2,17,A01
201700020314,2,07,000,00,1,2,01,A01
201700020315,2,10,000,00,2,0,17,A01
201700020315,2,01,000,00,2,0,01,B01
201700020316,1,07,000,15,0,1,01,A01
201700020317,0,07,000,00,1,4,04,A01
201700020318,0,07,000,00,2,2,16,B01
201700020318,0,02,000,00,2,8,09,A01
201700020319,1,07,000,00,2,3,01,A01
201700020319,1,07,000,03,2,1,01,C01
201700020319,2,10,000,00,2,3,01,B01
201700020320,2,02,000,00,0,0,00,A01
201700020321,0,07,000,13,0,2,01,A01
201700020322,1,07,000,00,2,1,01,B01
201700020322,2,07,000,00,2,1,13,A01
201700020323,1,07,000,13,0,0,01,A01
201700020324,1,07,000,13,0,2,14,A01
201700020325,1,07,000,00,2,2,15,B01
201700020325,2,34,000,00,2,1,01,A01
201700020326,2,07,000,00,2,3,01,B01
201700020326,1,07,000,00,2,3,13,A01
201700020327,2,33,000,08,0,1,13,A01
201700020328,2,33,000,00,2,1,01,B01
201700020328,0,07,000,00,2,7,15,A01
201700020329,1,01,000,00,2,1,01,B01
201700020329,2,07,000,00,9,3,15,A01
201700020330,2,10,000,00,1,3,15,A01
201700020331,2,07,000,00,9,1,01,A01
201700020331,2,01,000,00,0,4,01,B01
201700020332,2,33,000,00,2,1,01,A01
201700020332,1,10,000,00,2,8,09,B01
201700020333,1,07,000,00,2,1,01,B01
201700020333,2,07,000,00,2,1,13,A01
201700020334,1,33,000,03,0,1,01,A01
201700020335,1,07,000,00,2,1,13,B01
201700020335,2,30,000,00,2,1,01,A01
201700020336,0,07,000,00,1,1,15,A01
201700020337,2,07,000,00,2,1,01,B01
201700020337,1,07,000,00,2,1,01,A01
201700020338,1,07,000,00,2,1,01,A01
201700020338,2,07,000,00,2,8,19,B01
201700020339,2,07,000,00,0,9,01,A01
201700020340,0,02,000,00,2,1,01,B01
201700020340,0,02,000,00,2,6,04,A01
201700020341,2,33,000,07,0,7,01,A01
201700020342,0,07,000,13,0,1,01,A01
201700020343,2,33,000,00,0,0,12,A01
201700020344,2,07,000,02,0,1,01,A01
201700020345,1,07,000,00,2,1,16,A01
201700020345,0,33,000,00,2,1,01,B01
201700020346,2,07,000,08,0,1,01,A01
201700020347,2,31,000,00,2,7,01,A01
201700020347,2,07,000,00,2,1,01,B01
201700020348,0,07,000,15,1,2,01,A01
201700020349,1,07,000,08,0,2,05,A01
201700020350,2,07,000,00,1,3,01,A01
201700020351,0,07,000,00,1,2,01,A01
201700020352,1,10,000,00,2,3,09,A01
201700020352,1,01,000,00,2,1,01,B01
201700020353,0,07,000,00,9,8,01,A01
201700020354,1,33,000,08,0,0,00,A01
201700020355,0,07,000,00,1,5,01,A01
201700020356,0,01,000,00,0,0,01,A01
201700020357,1,07,000,00,2,3,05,A01
201700020357,2,10,000,00,2,1,14,C01
201700020357,2,07,000,00,2,3,01,B01
201700020358,1,33,000,00,2,1,01,B01
201700020358,2,07,000,00,2,7,15,A01
201700020359,1,07,000,00,2,8,13,A01
201700020359,2,14,000,00,2,6,01,B01
201700020360,0,01,000,00,2,1,01,B01
201700020360,0,07,000,00,9,2,01,A01
201700020361,2,07,000,02,0,9,13,A01
201700020362,0,07,000,00,2,6,01,B01
201700020362,0,33,000,00,2,2,13,A01
201700020363,0,07,000,00,0,8,15,A01
201700020363,0,01,000,00,2,1,05,B01
201700020364,2,07,000,00,2,1,01,B01
201700020364,1,07,000,00,2,1,01,D01
201700020364,1,07,000,00,2,1,13,A01
201700020364,2,07,000,00,2,1,01,C01
201700020364,2,07,000,00,2,2,01,E01
201700020365,1,07,000,07,2,1,02,A01
201700020365,1,07,000,07,0,4,02,B01
201700020366,1,07,000,00,9,3,01,B01
201700020366,2,07,000,00,2,3,01,C01
201700020366,1,07,000,00,2,3,01,A01
201700020367,0,33,000,00,6,1,01,A01
201700020368,0,07,000,00,1,3,01,A01
201700020369,2,07,000,00,2,1,15,B01
201700020369,1,33,000,00,2,1,01,A01
201700020370,0,07,000,00,1,3,01,A01
201700020371,1,07,000,00,2,3,15,A01
201700020371,2,07,000,00,2,2,01,B01
201700020372,2,07,000,00,2,3,01,A01
201700020372,1,07,000,00,2,1,13,B01
201700020373,0,07,000,00,2,8,01,B01
201700020373,0,07,000,00,2,1,01,C01
201700020373,0,07,000,00,2,1,17,A01
201700020374,0,07,000,00,1,1,11,A01
201700020375,0,02,000,07,0,1,01,A01
201700020376,0,10,000,06,2,1,01,A01
201700020377,1,07,000,00,2,6,15,B01
201700020377,1,33,000,00,2,1,17,A01
201700020378,2,01,000,00,0,4,02,B01
201700020378,2,07,000,00,9,1,02,A01
201700020379,1,07,000,00,2,2,15,A01
201700020379,2,02,000,00,2,1,01,B01
201700020380,1,07,000,00,2,2,17,A01
201700020380,2,30,000,00,2,1,01,B01
201700020381,1,07,000,00,1,3,01,A01
201700020382,2,33,000,00,0,0,01,A01
201700020382,1,07,000,12,0,2,01,B01
201700020383,0,07,000,00,2,1,01,A01
201700020383,0,07,000,00,2,3,01,B01
201700020384,2,01,000,00,2,2,13,A01
201700020384,1,33,000,00,2,1,01,B01
201700020385,0,07,000,02,0,1,01,A01
201700020386,0,07,000,00,2,6,09,A01
201700020386,0,01,000,00,2,1,01,B01
201700020387,2,10,000,00,0,0,15,A01
201700020387,2,07,000,13,0,9,17,B01
201700020388,2,07,000,00,0,1,05,A01
201700020388,1,07,000,00,0,1,00,B01
201700020389,1,33,000,00,2,1,01,B01
201700020389,2,07,000,00,2,7,10,A01
201700020390,1,10,000,00,1,2,01,A01
201700020391,0,07,000,00,2,8,01,B01
201700020391,0,01,000,00,2,1,16,A01
201700020392,1,07,000,00,1,0,16,A01
201700020393,2,01,000,00,2,2,01,B01
201700020393,2,07,000,00,9,2,16,A01
201700020394,2,07,000,00,2,3,09,A01
201700020394,1,33,000,00,2,8,01,B01
201700020395,0,33,000,02,0,2,01,A01
201700020396,1,03,000,00,2,1,01,B01
201700020396,2,07,000,00,2,1,01,A01
201700020397,1,07,000,13,0,9,01,A01
201700020398,2,10,000,00,1,2,01,A01
201700020399,0,07,000,02,0,7,01,A01
201700020400,1,07,000,02,2,3,21,A01
201700020400,2,07,000,00,2,3,01,B01
201700020401,1,33,000,16,0,0,01,A01
201700020402,0,07,000,13,0,9,14,A01
201700020403,1,33,000,02,0,8,00,A01
201700020404,2,07,000,02,0,3,14,A01
201700020405,0,07,000,08,0,2,01,A01
201700020406,0,30,000,00,2,1,01,B01
201700020406,0,21,000,00,2,3,15,A01
201700020407,1,07,000,02,0,1,00,A01
201700020408,2,34,000,00,0,1,01,A01
201700020409,2,07,000,03,0,1,01,A01
201700020410,2,07,000,13,0,1,01,A01
201700020411,2,07,000,00,2,3,05,A01
201700020411,1,17,000,02,2,3,01,B01
201700020412,0,02,000,00,0,0,00,A01
201700020413,2,07,000,00,2,1,01,B01
201700020413,1,07,000,00,2,1,13,A01
201700020414,1,07,000,00,2,8,13,A01
201700020414,2,01,000,00,2,8,01,B01
201700020415,2,07,000,13,0,2,01,A01
201700020416,2,33,000,16,0,1,01,A01
201700020417,1,07,000,13,0,1,01,A01
201700020418,2,02,000,00,2,3,19,A01
201700020418,1,07,000,00,2,3,01,B01
201700020419,2,07,000,13,0,1,01,A01
201700020420,2,07,000,00,2,2,01,B01
201700020420,2,07,000,00,2,0,19,A01
201700020421,2,07,000,02,0,1,13,A01
201700020422,2,33,000,13,0,1,13,A01
201700020423,1,33,000,00,0,8,01,A01
201700020424,1,10,000,06,0,1,02,A01
201700020425,1,07,000,00,2,8,01,B01
201700020425,0,07,000,00,2,1,01,A01
201700020426,1,33,000,00,2,4,01,B01
201700020426,1,33,000,00,2,1,01,A01
201700020427,1,33,000,00,2,6,21,A01
201700020427,1,33,000,00,2,2,01,B01
201700020428,0,07,000,13,0,1,14,A01
201700020429,1,07,000,06,0,2,01,A01
201700020430,1,07,000,00,0,2,13,A01
201700020430,2,07,000,00,0,2,01,B01
201700020431,1,07,000,00,2,3,01,B01
201700020431,2,07,000,00,2,1,13,A01
201700020432,2,07,000,13,0,2,14,A01
201700020433,1,07,000,02,0,2,01,A01
201700020434,0,07,000,00,1,2,01,A01
201700020435,1,33,000,00,0,0,01,A01
201700020436,0,07,000,00,1,2,01,A01
201700020437,2,33,000,13,0,0,01,A01
201700020438,0,07,000,16,0,1,01,A01
201700020439,1,13,000,00,2,3,01,B01
201700020439,2,07,000,00,2,1,15,A01
201700020440,1,07,000,10,0,1,01,A01
201700020441,1,07,000,00,2,1,01,A01
201700020441,2,30,000,00,2,8,09,B01
201700020442,1,07,000,13,0,1,01,A01
201700020443,2,01,000,00,0,6,01,B01
201700020443,2,07,000,00,2,2,01,A01
201700020444,0,07,000,08,0,2,01,A01
201700020445,1,07,000,13,0,1,01,A01
201700020446,1,33,000,13,0,1,01,A01
201700020447,1,07,000,13,0,1,01,A01
201700020448,1,01,000,00,2,8,01,B01
201700020448,1,21,000,00,2,2,01,A01
201700020449,2,07,000,13,0,8,01,A01
201700020450,2,07,000,00,2,7,19,A01
201700020450,0,10,000,00,2,1,01,B01
201700020451,2,33,000,13,0,2,01,A01
201700020452,1,07,000,00,1,1,00,A01
201700020453,1,02,000,00,2,1,13,B01
201700020453,2,07,000,00,2,3,01,A01
201700020454,0,38,001,00,1,1,15,A01
201700020455,0,10,000,08,0,2,14,A01
201700020456,1,07,000,00,2,3,13,A01
201700020456,2,07,000,00,2,3,01,B01
201700020457,0,21,000,00,1,2,01,A01
201700020458,0,02,000,00,2,1,01,B01
201700020458,0,07,000,00,2,2,15,A01
201700020459,0,07,000,00,2,8,01,B01
201700020459,0,02,000,00,2,1,01,A01
201700020460,0,07,000,00,1,1,01,A01
201700020461,1,33,000,00,0,0,01,A01
201700020462,2,07,000,00,2,1,01,A01
201700020462,2,07,000,00,2,6,19,B01
201700020463,1,07,000,00,0,3,21,B01
201700020463,2,07,000,00,0,1,13,A01
201700020464,2,07,000,06,2,3,13,A01
201700020464,1,07,000,00,0,3,00,B01
201700020465,2,07,000,13,0,9,14,A01
201700020466,2,07,000,00,2,7,15,A01
201700020466,1,07,000,00,2,1,01,B01
201700020467,0,07,000,00,1,1,00,A01
201700020468,1,07,000,04,0,2,01,A01
201700020469,1,07,000,00,2,1,15,A01
201700020469,2,07,000,00,2,1,01,B01
201700020469,0,07,000,00,0,3,23,C01
201700020470,0,10,000,02,0,2,21,A01
201700020471,1,07,000,02,0,3,12,A01
201700020472,1,07,000,13,0,1,01,A01
201700020473,0,33,000,06,0,1,01,A01
201700020474,1,07,000,13,0,2,00,A01
201700020475,2,33,000,01,0,9,01,A01
201700020476,0,33,000,00,0,1,21,A01
201700020477,0,10,000,00,1,1,01,A01
201700020478,2,30,000,00,2,1,21,B01
201700020478,0,07,000,00,2,3,19,A01
201700020479,2,21,000,00,2,8,01,B01
201700020479,1,07,000,13,2,8,01,A01
201700020480,2,07,000,00,2,3,13,A01
201700020480,1,10,000,00,2,3,00,B01
201700020481,2,07,000,00,2,1,00,B01
201700020481,1,07,000,00,2,1,00,A01
201700020482,0,07,000,02,0,1,01,A01
201700020483,2,07,000,02,0,1,13,A01
201700020484,1,07,000,13,9,2,01,A01
201700020485,0,07,000,00,1,2,00,A01
201700020486,1,33,000,08,6,3,01,A01
201700020487,1,07,000,13,0,2,01,A01
201700020488,2,33,000,13,0,1,13,A01
201700020489,1,07,000,13,0,0,00,A01
201700020490,0,07,000,06,0,1,01,A01
201700020491,1,07,000,00,2,2,01,B01
201700020491,2,07,000,00,2,2,13,A01
201700020492,2,07,000,13,0,9,14,A01
201700020493,1,33,000,16,0,1,09,A01
201700020494,2,07,000,00,1,3,12,A01
201700020495,1,07,000,00,1,2,01,A01
201700020496,1,07,000,00,1,1,01,A01
201700020497,2,33,000,13,0,1,01,A01
201700020498,1,07,000,00,2,2,01,A01
201700020498,1,07,000,00,2,1,15,B01
201700020499,0,07,000,06,0,1,16,A01
201700020500,0,36,000,00,2,2,15,A01
201700020500,0,31,000,00,2,1,01,B01
201700020501,0,03,000,13,0,1,00,A01
201700020502,0,07,000,00,1,7,00,A01
201700020503,0,07,000,00,2,2,19,A01
201700020503,2,33,000,14,2,1,01,B01
201700020504,2,10,000,06,0,1,01,A01
201700020505,1,07,000,00,9,7,02,B01
201700020505,1,01,000,00,2,6,02,A01
201700020506,0,07,000,00,0,0,15,A01
201700020506,2,33,000,00,2,3,21,B01
201700020506,1,07,000,00,2,8,21,C01
201700020507,2,07,000,13,0,1,13,A01
201700020508,1,07,000,00,2,8,01,B01
201700020508,1,07,000,00,2,3,01,C01
201700020508,2,07,000,00,2,3,13,A01
201700020509,0,07,000,00,2,3,13,A01
201700020509,0,07,000,00,2,3,01,B01
201700020510,1,07,000,00,2,3,13,A01
201700020510,2,07,000,00,2,3,01,B01
201700020511,2,07,000,00,2,1,13,A01
201700020511,1,07,000,00,2,1,01,B01
201700020512,1,33,000,13,0,8,21,A01
201700020513,0,01,000,00,0,3,01,A01
201700020514,1,07,000,08,0,8,01,A01
201700020515,0,07,000,00,0,7,15,A01
201700020515,0,33,000,00,2,1,01,B01
201700020515,0,07,000,00,9,8,01,C01
201700020516,0,07,000,00,2,1,01,B01
201700020516,0,02,000,00,2,1,01,A01
201700020517,0,07,000,00,0,9,01,A01
201700020518,0,07,000,08,0,3,01,A01
201700020519,1,02,000,00,0,0,01,A01
201700020520,0,03,000,02,0,7,01,A01
201700020521,0,07,000,00,2,3,01,A01
201700020521,0,02,000,00,2,1,01,B01
201700020522,1,07,000,00,2,1,01,B01
201700020522,2,07,000,03,2,7,00,A01
201700020523,2,07,000,00,2,2,13,A01
201700020523,1,31,000,00,2,1,01,B01
201700020524,1,02,000,00,0,0,01,A01
201700020525,1,07,000,00,1,2,00,A01
201700020526,0,07,000,13,0,3,00,A01
201700020527,0,07,000,00,0,0,00,A01
201700020528,1,07,000,02,0,9,01,A01
201700020529,0,02,000,16,0,0,01,A01
201700020530,2,33,000,00,2,1,13,A01
201700020530,1,07,000,00,2,3,01,B01
201700020531,2,07,000,00,2,1,17,A01
201700020531,1,07,000,00,2,1,01,B01
201700020532,1,07,000,13,0,0,01,A01
201700020533,0,33,000,02,0,6,00,A01
201700020534,0,02,000,01,0,1,01,A01
201700020535,1,07,000,13,0,2,14,A01
201700020536,2,02,000,13,0,7,02,A01
201700020537,1,07,000,00,2,2,13,B01
201700020537,2,07,000,00,2,1,01,A01
201700020538,1,07,000,00,2,2,01,A01
201700020538,1,02,000,00,2,4,01,B01
201700020539,2,07,000,00,2,3,01,B01
201700020539,1,07,000,00,2,3,05,A01
201700020540,2,07,000,00,0,9,15,A01
201700020541,2,07,000,00,2,1,13,B01
201700020541,1,07,000,00,2,1,13,A01
201700020542,1,33,000,08,0,3,01,A01
201700020543,1,07,000,02,0,1,00,A01
201700020544,1,07,000,00,2,1,01,C01
201700020544,2,10,000,00,2,1,02,B01
201700020544,2,07,000,00,2,6,02,A01
201700020545,0,01,000,00,2,3,09,B01
201700020545,2,07,000,00,2,2,01,A01
201700020546,0,07,000,00,2,2,16,A01
201700020546,0,33,000,00,2,1,00,B01
201700020547,1,01,000,00,2,8,19,A01
201700020547,2,07,000,00,2,1,01,B01
201700020548,0,33,000,00,0,0,13,A01
201700020549,1,33,000,06,0,1,14,A01
201700020550,1,37,003,00,2,1,15,A01
201700020550,2,30,000,00,2,1,13,B01
201700020551,1,07,000,00,2,1,01,B01
201700020551,2,07,000,00,2,2,21,A01
201700020552,0,07,000,00,1,3,01,A01
201700020553,2,07,000,01,0,3,13,A01
201700020554,2,07,000,00,2,3,11,A01
201700020554,1,07,000,00,2,3,01,B01
201700020555,1,33,000,00,2,1,01,A01
201700020555,1,07,000,00,2,6,11,B01
201700020556,0,07,000,13,0,2,01,A01
201700020557,1,07,000,00,2,1,13,A01
201700020557,2,15,000,00,2,3,01,B01
201700020558,0,07,000,02,0,1,01,A01
201700020559,0,07,000,00,1,2,01,A01
201700020560,0,01,000,00,2,1,11,B01
201700020560,0,07,000,00,9,1,01,A01
201700020561,0,14,000,00,9,1,01,B01
201700020561,0,10,000,00,2,8,01,A01
201700020562,2,07,000,08,0,8,01,A01
201700020563,2,10,000,00,2,7,15,A01
201700020563,1,33,000,00,2,1,01,B01
201700020563,2,07,000,00,2,1,01,C01
201700020564,1,07,000,16,0,9,14,A01
201700020565,2,07,000,02,0,1,00,A01
201700020566,1,07,000,00,0,2,14,A01
201700020567,2,07,000,00,1,2,01,A01
201700020568,1,07,000,01,0,7,01,A01
201700020568,0,07,000,15,0,4,00,B01
201700020569,0,02,000,00,2,1,00,B01
201700020569,0,07,000,00,2,3,01,A01
201700020570,1,07,000,00,1,2,00,A01
201700020571,0,02,000,00,0,0,01,A01
201700020572,1,07,000,01,0,1,00,A01
201700020573,0,33,000,00,1,7,01,A01
201700020574,0,10,000,13,0,0,01,A01
201700020575,0,07,000,07,0,2,01,B01
201700020575,1,02,000,00,2,1,19,A01
201700020576,0,02,000,00,0,0,01,A01
201700020577,0,07,000,02,0,1,01,A01
201700020578,0,07,000,00,1,1,00,A01
201700020579,0,07,000,00,2,8,15,B01
201700020579,0,07,000,00,2,2,01,A01
201700020580,0,07,000,00,0,8,00,B01
201700020580,0,07,000,00,2,3,13,A01
201700020581,2,02,000,00,2,1,21,A01
201700020581,0,07,000,00,2,1,01,B01
201700020582,1,07,000,00,2,8,15,B01
201700020582,1,07,000,00,2,7,17,A01
201700020583,0,07,000,00,2,3,15,A01
201700020583,0,07,000,00,2,1,17,B01
201700020584,0,07,000,00,0,6,01,A01
201700020585,0,10,000,00,2,1,01,B01
201700020585,0,07,000,00,2,1,05,A01
201700020586,0,07,000,15,0,9,01,A01
201700020587,1,07,000,02,0,2,01,A01
201700020588,2,07,000,02,0,1,01,A01
201700020589,1,07,000,13,0,1,00,A01
201700020590,1,07,000,06,0,1,15,A01
201700020591,2,07,000,02,0,2,01,A01
201700020592,2,17,000,00,2,1,13,A01
201700020592,1,07,000,00,2,1,01,B01
201700020592,1,07,000,00,2,6,01,C01
201700020593,2,07,000,02,0,8,01,A01
201700020594,2,07,000,08,0,1,01,A01
201700020595,1,17,000,13,0,3,13,A01
201700020596,0,07,000,00,0,5,17,A01
201700020596,0,07,000,00,0,3,00,B01
201700020597,2,07,000,00,0,0,00,A01
201700020597,2,01,000,01,0,1,00,B01
201700020598,2,07,000,00,2,1,01,B01
201700020598,1,07,000,00,2,1,13,A01
201700020599,0,01,000,00,2,8,00,B01
201700020599,0,07,000,00,9,1,19,A01
201700020600,1,33,000,00,0,0,01,A01
201700020601,1,07,000,00,2,3,10,A01
201700020601,2,14,000,00,2,1,01,B01
201700020602,2,15,000,00,2,1,02,A01
201700020602,2,07,000,00,2,9,02,B01
201700020602,2,07,000,00,2,4,02,C01
201700020602,2,07,000,00,2,9,02,D01
201700020603,1,07,000,00,2,1,01,B01
201700020603,2,07,000,00,2,1,01,A01
201700020603,1,07,000,00,2,6,01,C01
201700020604,2,07,000,00,1,2,02,A01
201700020605,1,07,000,08,0,1,13,A01
201700020606,2,07,000,06,0,1,01,A01
201700020607,1,07,000,13,2,1,00,B01
201700020607,2,07,000,13,2,1,00,A01
201700020608,1,07,000,00,2,3,00,B01
201700020608,1,02,000,00,2,7,17,A01
201700020609,2,33,000,00,6,1,01,A01
201700020610,2,17,000,16,0,3,00,A01
201700020611,1,10,000,00,2,2,02,A01
201700020611,1,30,000,00,0,4,02,B01
201700020612,0,20,000,00,0,2,00,A01
201700020613,2,17,000,02,0,8,01,A01
201700020614,1,07,000,00,2,3,13,A01
201700020614,2,17,000,00,2,3,00,B01
201700020615,1,07,000,02,0,1,15,A01
201700020616,2,07,000,00,2,1,05,A01
201700020616,1,07,000,00,2,1,00,B01
201700020617,1,14,000,00,2,1,09,B01
201700020617,1,07,000,00,2,2,01,A01
201700020618,2,07,000,00,0,0,01,A01
201700020619,1,14,000,00,2,1,01,B01
201700020619,2,07,000,00,2,8,01,A01
201700020620,2,15,000,00,0,7,01,B01
201700020620,1,15,000,00,2,1,01,A01
201700020621,1,10,000,02,0,1,01,A01
201700020622,2,33,000,00,0,1,01,A01
201700020623,2,33,000,00,0,7,01,A01
201700020624,1,07,000,00,2,3,01,B01
201700020624,1,07,000,00,2,1,01,A01
201700020625,1,07,000,00,2,1,17,A01
201700020625,2,14,000,00,2,1,01,B01
201700020626,1,07,000,02,0,3,01,A01
201700020627,2,15,000,00,2,2,01,B01
201700020627,0,07,000,00,2,8,19,A01
201700020628,0,07,000,00,2,1,01,A01
201700020628,0,07,000,00,2,2,01,B01
201700020629,1,07,000,13,0,1,21,A01
201700020630,1,33,000,05,0,1,01,A01
201700020631,2,33,000,07,0,9,01,A01
201700020632,1,33,000,13,0,2,01,A01
201700020633,1,07,000,03,2,1,01,A01
201700020633,0,07,000,00,2,2,00,B01
201700020634,2,01,000,00,0,1,01,A01
201700020635,0,07,000,00,9,7,02,A01
201700020635,0,01,000,00,2,8,02,B01
201700020636,1,07,000,00,1,8,01,A01
201700020637,1,07,000,00,2,3,01,A01
201700020637,2,07,000,00,2,3,01,B01
201700020638,1,31,000,00,2,1,01,A01
201700020638,2,10,000,00,2,3,01,B01
201700020639,0,07,000,00,1,7,00,A01
201700020640,2,07,000,15,0,9,00,A01
201700020641,1,10,000,00,2,1,17,A01
201700020641,2,33,000,00,2,1,01,B01
201700020642,2,07,000,16,0,2,01,A01
201700020643,2,07,000,00,2,2,15,A01
201700020643,1,02,000,00,0,8,01,B01
201700020644,1,07,000,00,2,2,01,B01
201700020644,1,31,000,00,2,0,16,A01
201700020645,2,07,000,00,2,3,01,B01
201700020645,1,07,000,00,2,3,13,A01
201700020646,2,07,000,08,0,7,13,A01
201700020647,2,07,000,02,0,2,01,A01
201700020648,2,07,000,00,2,1,01,B01
201700020648,1,17,000,00,2,1,13,A01
201700020649,1,07,000,00,2,2,15,A01
201700020649,2,33,000,00,2,1,01,B01
201700020650,0,07,000,06,0,1,01,A01
201700020651,2,07,000,00,2,2,13,A01
201700020651,1,07,000,00,2,1,01,B01
201700020652,2,33,000,00,0,7,01,A01
201700020653,1,07,000,00,0,3,15,B01
201700020653,1,33,000,00,2,7,17,A01
201700020654,2,15,000,00,2,3,01,B01
201700020654,2,07,000,00,0,8,10,A01
201700020655,2,07,000,00,2,8,15,A01
201700020655,2,17,000,00,2,3,01,B01
201700020656,2,15,000,00,2,3,15,A01
201700020656,1,31,000,00,0,3,01,B01
201700020657,2,07,000,00,2,1,05,A01
201700020657,1,07,000,00,2,1,01,B01
201700020658,2,07,000,00,2,3,13,A01
201700020658,1,07,000,00,2,1,01,B01
201700020659,0,15,000,01,1,2,01,A01
201700020660,1,07,000,00,2,5,15,A01
201700020660,2,07,000,00,2,2,01,B01
201700020661,2,07,000,00,9,3,01,B01
201700020661,1,01,000,00,2,7,15,A01
201700020662,1,07,000,08,0,2,21,A01
201700020663,1,07,000,08,0,3,01,A01
201700020664,0,07,000,08,0,1,01,A01
201700020665,2,33,000,06,0,1,19,A01
201700020666,0,36,000,00,2,1,13,A01
201700020666,0,07,000,00,2,3,01,B01
201700020667,1,07,000,01,2,1,01,A01
201700020667,2,07,000,00,2,3,01,B01
201700020667,2,15,000,00,0,1,24,C01
201700020668,2,07,000,02,0,9,17,A01
201700020669,2,07,000,15,0,9,01,A01
201700020670,2,10,000,00,1,2,01,A01
201700020671,1,03,000,00,2,3,05,A01
201700020671,2,21,000,00,2,6,01,B01
201700020672,0,07,000,01,2,3,17,A01
201700020672,0,07,000,00,0,4,01,B01
201700020673,1,07,000,00,2,1,00,A01
201700020673,2,07,000,00,2,3,00,B01
201700020673,2,07,000,00,2,1,00,C01
201700020673,1,10,000,00,2,8,01,D01
201700020674,2,33,000,00,2,7,01,A01
201700020674,2,33,000,00,2,2,21,B01
201700020674,1,07,000,00,2,2,01,C01
201700020675,0,07,000,06,0,5,01,A01
201700020676,1,07,000,00,1,1,01,A01
201700020677,2,07,000,02,0,1,01,A01
201700020678,0,07,000,00,0,4,01,B01
201700020678,0,33,000,00,2,1,02,A01
201700020679,1,01,000,00,2,3,13,A01
201700020679,2,07,000,00,2,3,01,B01
201700020680,1,33,000,00,2,2,17,A01
201700020680,1,07,000,00,2,3,15,B01
201700020681,0,36,000,00,0,2,14,A01
201700020682,0,07,000,00,1,2,01,A01
201700020683,2,07,000,00,2,7,01,A01
201700020683,1,07,000,00,2,1,01,B01
201700020684,1,07,000,00,2,3,13,A01
201700020684,2,07,000,00,2,3,01,B01
201700020685,1,07,000,00,2,1,02,A01
201700020685,1,07,000,00,6,4,02,B01
201700020686,2,07,000,02,0,2,01,A01
201700020687,1,07,000,02,0,9,01,A01
201700020688,1,07,000,13,0,1,01,A01
201700020689,0,07,000,00,2,3,01,A01
201700020689,0,07,000,00,2,3,15,B01
201700020690,0,07,000,00,2,2,06,A01
201700020690,0,07,000,00,2,1,01,B01
201700020691,0,07,000,00,2,1,15,A01
201700020691,0,01,000,00,2,7,01,B01
201700020692,0,02,000,00,0,7,01,A01
201700020693,0,07,000,00,2,8,15,B01
201700020693,0,07,000,00,2,2,17,A01
201700020694,1,07,000,08,0,3,01,A01
201700020695,1,01,000,00,2,1,01,B01
201700020695,2,07,000,00,2,3,09,A01
201700020696,0,33,000,11,0,1,01,A01
201700020697,0,30,000,14,0,1,01,A01
201700020698,0,07,000,06,0,2,01,A01
201700020699,0,07,000,00,2,4,01,A01
201700020699,0,07,000,00,2,1,02,B01
201700020700,1,10,000,00,2,1,02,B01
201700020700,1,07,000,00,2,4,23,A01
201700020701,0,07,000,00,1,2,05,A01