Num_Acc,senc,catv,occutc,obs,obsm,choc,manv,num_veh
201700021812,2,13,000,00,2,1,01,D01
201700021813,2,07,000,00,2,7,19,A01
201700021813,2,07,000,00,2,1,01,B01
201700021814,1,10,000,16,0,1,13,A01
201700021815,2,07,000,00,1,1,01,A01
201700021816,1,07,000,02,0,3,14,A01
201700021817,0,07,000,16,0,0,01,A01
201700021818,1,33,000,03,0,1,01,A01
201700021819,0,07,000,16,6,9,21,A01
201700021820,2,07,000,13,0,2,01,A01
201700021821,1,07,000,06,0,1,01,A01
201700021822,1,07,000,00,1,4,04,A01
201700021823,1,33,000,16,0,0,21,A01
201700021823,2,13,000,00,0,0,21,B01
201700021824,2,33,000,00,2,1,00,A01
201700021824,2,36,000,00,2,8,15,B01
201700021825,1,07,000,02,0,1,00,A01
201700021826,1,31,000,16,0,1,01,A01
201700021827,1,07,000,00,2,8,13,A01
201700021827,2,07,000,00,2,3,01,B01
201700021828,1,07,000,13,0,1,01,A01
201700021829,1,07,000,00,2,1,13,A01
201700021829,2,07,000,00,2,1,01,B01
201700021830,2,07,000,00,2,3,13,A01
201700021830,1,10,000,03,2,3,01,B01
201700021831,1,33,000,00,6,1,01,A01
201700021832,1,07,000,02,0,7,18,A01
201700021833,1,07,000,02,0,1,13,A01
201700021834,1,07,000,03,2,1,13,A01
201700021834,1,07,000,00,2,1,01,B01
201700021835,1,33,000,00,2,7,17,B01
201700021835,1,07,000,00,2,3,15,A01
201700021836,1,07,000,00,1,2,01,A01
201700021837,,07,000,06,0,1,13,A01
201700021838,2,07,000,00,2,1,05,A01
201700021838,1,10,000,00,2,1,01,B01
201700021839,1,07,000,00,1,3,01,A01
201700021840,2,07,000,00,2,1,02,A01
201700021840,1,02,000,00,2,4,23,B01
201700021841,0,07,000,00,1,2,15,A01
201700021842,1,07,000,15,0,1,16,A01
201700021843,2,07,000,00,2,8,10,A01
201700021843,2,31,000,00,2,1,01,B01
201700021844,1,07,000,00,2,3,15,A01
201700021844,2,33,000,00,2,1,01,B01
201700021845,1,30,000,00,2,7,01,A01
201700021845,2,07,000,00,2,1,09,B01
201700021846,2,07,000,00,2,5,01,B01
201700021846,2,02,000,00,2,3,13,A01
201700021847,0,02,000,00,2,4,01,B01
201700021847,0,02,000,00,2,1,01,A01
201700021848,1,07,000,00,2,8,01,B01
201700021848,1,33,000,00,2,2,16,A01
201700021849,2,07,000,00,2,7,15,A01
201700021849,1,33,000,00,2,1,19,B01
201700021850,2,33,000,00,0,8,00,A01
201700021851,0,10,000,00,1,4,04,A01
201700021852,2,07,000,00,1,3,02,A01
201700021853,0,07,000,12,0,2,02,A01
201700021854,2,07,000,00,2,3,09,B01
201700021854,2,02,000,00,2,1,01,A01
201700021855,1,02,000,00,0,8,01,A01
201700021856,0,01,000,00,2,8,01,B01
201700021856,1,10,000,00,2,7,17,A01
201700021857,1,07,000,00,2,4,23,A01
201700021857,1,07,000,00,2,1,01,B01
201700021858,1,33,000,01,0,2,01,A01
201700021859,1,07,000,00,2,4,20,A01
201700021859,1,07,000,00,2,1,21,B01
201700021860,2,37,000,00,1,7,01,G01
201700021861,1,07,000,02,0,7,21,A01
201700021862,1,07,000,00,2,1,01,B01
201700021862,2,07,000,00,2,2,01,A01
201700021862,1,07,000,00,2,4,23,C01
201700021863,2,07,000,00,2,1,01,B01
201700021863,2,07,000,00,2,7,13,A01
201700021864,1,07,000,00,2,1,13,A01
201700021864,2,07,000,00,2,1,01,B01
201700021865,1,07,000,13,0,5,01,A01
201700021866,1,33,000,03,0,8,01,A01
201700021867,1,07,000,00,1,2,01,A01
201700021868,2,07,000,00,2,3,15,A01
201700021868,1,33,000,00,2,8,01,B01
201700021869,1,30,000,00,2,8,01,A01
201700021869,1,07,000,00,2,1,09,B01
201700021870,1,07,000,00,2,1,17,B01
201700021870,1,07,000,06,2,3,13,A01
201700021871,2,31,000,01,0,1,21,A01
201700021872,1,07,000,00,1,1,01,A01
201700021873,2,07,000,00,2,2,01,B01
201700021873,1,07,000,00,2,3,19,A01
201700021874,1,07,000,00,2,1,13,A01
201700021874,2,07,000,13,2,3,01,B01
201700021875,2,07,000,00,2,4,02,A01
201700021875,2,07,000,00,2,1,02,B01
201700021875,2,33,000,00,2,1,02,C01
201700021876,2,07,000,00,1,3,01,A01
201700021877,1,07,000,00,2,7,19,A01
201700021877,1,01,000,00,9,1,19,B01
201700021878,1,07,000,01,0,2,14,A01
201700021878,0,07,000,01,0,4,23,B01
201700021879,2,07,000,00,2,1,05,A01
201700021879,2,07,000,00,2,1,07,C01
201700021879,2,38,000,00,2,3,01,B01
201700021880,2,07,000,00,1,2,01,A01
201700021881,2,07,000,00,2,2,15,A01
201700021881,1,34,000,09,2,1,09,B01
201700021882,1,07,000,06,0,3,01,A01
201700021883,0,30,000,06,0,1,01,A01
201700021884,1,02,000,00,2,6,01,A01
201700021884,1,02,000,00,2,4,01,B01
201700021884,1,02,000,00,0,4,01,C01
201700021884,1,07,000,00,2,2,02,D01
201700021885,1,07,000,00,2,5,13,A01
201700021885,2,10,000,00,2,1,00,B01
201700021886,1,33,000,08,0,1,01,A01
201700021887,1,07,000,00,0,7,19,A01
201700021887,1,07,000,00,2,1,01,B01
201700021888,2,07,000,00,2,1,13,A01
201700021888,1,07,000,00,2,3,01,B01
201700021889,2,07,000,00,2,3,13,A01
201700021889,1,07,000,00,2,3,01,B01
201700021890,2,10,000,00,0,1,13,A01
201700021890,1,07,000,00,0,1,01,B01
201700021890,1,10,000,00,0,3,01,C01
201700021891,2,07,000,00,1,2,01,A01
201700021892,2,17,000,01,0,1,00,A01
201700021893,1,14,000,00,0,7,14,A01
201700021894,1,15,000,00,1,1,01,A01
201700021895,2,07,000,03,0,3,00,A01
201700021896,1,07,000,15,0,1,14,A01
201700021897,1,07,000,07,0,9,01,A01
201700021898,2,10,000,00,2,3,13,A01
201700021898,2,07,000,03,2,3,01,C01
201700021898,1,17,000,00,2,3,21,B01
201700021899,2,07,000,15,0,3,01,A01
201700021900,2,07,000,03,0,1,01,A01
201700021901,2,07,000,03,0,1,00,A01
201700021902,2,07,000,03,0,9,13,A01
201700021903,2,07,000,00,2,1,01,A01
201700021903,2,07,000,00,0,4,01,B01
201700021904,1,07,000,03,0,2,01,A01
201700021905,1,07,000,03,0,3,01,A01
201700021906,2,07,000,00,2,1,01,C01
201700021906,2,07,000,03,0,1,01,A01
201700021906,2,10,000,13,2,3,01,B01
201700021907,1,33,000,03,0,8,01,A01
201700021908,1,17,000,00,1,5,01,A01
201700021909,1,07,000,00,2,2,02,A01
201700021909,1,07,000,00,2,1,02,B01
201700021910,1,07,000,00,2,8,13,A01
201700021910,2,07,000,00,2,3,01,B01
201700021911,2,07,000,06,0,6,01,A01
201700021912,2,02,000,00,2,3,05,A01
201700021912,1,07,000,00,2,8,01,B01
201700021913,1,10,000,00,0,3,01,A01
201700021913,2,10,000,00,0,3,01,B01
201700021914,0,07,000,06,0,1,01,A01
201700021915,2,07,000,00,2,7,19,A01
201700021915,1,07,000,00,2,1,19,B01
201700021916,1,33,000,00,2,1,01,B01
201700021916,0,07,000,00,0,7,19,A01
201700021917,1,07,000,13,0,7,01,A01
201700021918,2,07,000,00,2,2,21,B01
201700021918,2,21,000,00,0,6,15,A01
201700021919,2,07,000,00,2,7,17,A01
201700021919,2,15,000,00,2,1,01,B01
201700021920,1,07,000,00,2,3,21,B01
201700021920,1,30,000,00,2,8,15,A01
201700021921,1,07,000,00,2,2,02,A01
201700021921,1,17,000,00,0,6,02,B01
201700021922,1,07,000,00,2,1,02,A01
201700021922,1,14,000,00,0,4,01,B01
201700021923,2,07,000,07,0,0,01,A01
201700021924,2,07,000,00,2,1,02,A01
201700021924,2,07,000,00,0,4,02,B01
201700021925,1,07,000,04,0,3,01,A01
201700021926,2,07,000,03,0,3,17,A01
201700021927,2,07,000,04,0,1,01,A01
201700021928,2,07,000,03,0,9,00,A01
201700021929,1,07,000,15,0,2,00,A01
201700021930,1,07,000,04,0,1,01,A01
201700021931,1,07,000,04,0,7,01,A01
201700021932,2,07,000,03,0,1,14,A01
201700021933,1,07,000,10,2,1,02,A01
201700021933,1,10,000,03,0,4,01,B01
201700021934,2,07,000,13,0,2,01,A01
201700021935,1,07,000,11,2,1,01,A01
201700021935,1,07,000,11,0,4,01,B01
201700021936,1,33,000,00,2,1,01,A01
201700021937,2,07,000,03,0,3,19,A01
201700021938,1,07,000,03,0,6,02,B01
201700021938,1,14,000,00,2,2,02,A01
201700021939,1,17,000,00,2,4,01,C01
201700021939,1,07,000,00,2,1,01,E01
201700021939,1,07,000,04,2,4,01,D01
201700021939,1,07,000,04,0,4,01,B01
201700021939,1,07,000,04,0,1,01,A01
201700021940,2,07,000,01,0,1,02,B01
201700021940,2,07,000,00,0,2,20,A01
201700021941,1,10,000,15,0,9,01,A01
201700021942,2,07,000,00,2,4,01,C01
201700021942,2,07,000,00,2,0,01,A01
201700021942,2,07,000,00,2,8,01,B01
201700021943,1,07,000,03,0,2,17,A01
201700021944,2,07,000,00,2,1,02,A01
201700021944,2,07,000,00,0,4,01,B01
201700021944,1,07,000,00,5,1,00,C01
201700021945,2,07,000,00,1,2,01,A01
201700021946,2,07,000,00,2,3,17,B01
201700021946,2,15,000,00,2,8,14,C01
201700021946,1,07,000,00,2,3,05,A01
201700021947,1,07,000,00,0,9,01,A01
201700021948,1,07,000,00,0,9,14,A01
201700021949,2,07,000,03,0,1,21,A01
201700021950,1,07,000,04,0,9,11,A01
201700021951,1,10,000,00,0,0,02,A01
201700021951,1,10,000,15,9,1,21,B01
201700021952,1,07,000,00,0,9,01,A01
201700021952,1,07,000,00,0,0,01,B01
201700021953,1,07,000,00,2,6,13,A01
201700021953,1,07,000,00,2,5,21,B01
201700021953,1,13,000,00,2,2,21,C01
201700021954,2,07,000,04,0,3,00,A01
201700021955,2,07,000,04,0,2,01,A01
201700021956,2,07,000,00,2,1,01,A01
201700021956,2,07,000,00,0,4,01,B01
201700021956,2,07,000,00,2,1,01,C01
201700021957,2,07,000,04,0,3,17,A01
201700021958,1,07,000,00,6,1,01,A01
201700021959,2,07,000,00,2,1,01,B01
201700021959,2,07,000,00,2,4,01,A01
201700021960,2,07,000,03,0,3,01,A01
201700021961,2,07,000,00,0,4,02,B01
201700021961,2,07,000,00,2,1,02,A01
201700021962,2,33,000,03,0,1,01,A01
201700021963,1,07,000,00,2,2,02,A01
201700021963,1,07,000,00,0,6,02,B01
201700021964,1,07,000,00,2,4,23,A01
201700021964,1,07,000,00,2,1,02,B01
201700021965,1,07,000,03,0,1,01,A01
201700021966,1,07,000,03,2,8,00,A01
201700021966,1,07,000,00,2,7,17,B01
201700021967,1,07,000,00,0,4,02,B01
201700021967,1,07,000,00,2,1,02,A01
201700021968,1,07,000,00,2,4,01,B01
201700021968,1,07,000,00,2,1,01,A01
201700021969,1,07,000,04,0,3,11,A01
201700021970,1,07,000,03,0,6,01,A01
201700021971,2,07,000,04,0,2,14,A01
201700021972,2,15,000,00,0,0,01,B01
201700021972,2,07,000,00,2,1,02,A01
201700021973,1,07,000,04,0,8,17,A01
201700021974,2,07,000,00,2,2,05,A01
201700021974,1,07,000,00,2,7,01,B01
201700021975,1,10,000,03,0,3,01,A01
201700021976,2,07,000,03,0,1,01,A01
201700021977,2,07,000,00,0,6,24,A01
201700021977,2,07,000,01,0,1,01,B02
201700021978,1,07,000,01,0,1,02,B01
201700021978,2,07,000,01,0,2,02,A01
201700021979,2,07,000,00,2,3,13,A01
201700021979,1,07,000,00,2,3,01,B01
201700021980,0,33,000,00,0,0,02,A01
201700021980,0,07,000,00,0,0,02,B01
201700021981,1,07,000,02,0,1,01,A01
201700021982,1,07,000,00,5,2,00,C01
201700021982,1,07,000,00,5,1,01,A01
201700021982,1,07,000,00,5,2,00,D01
201700021982,1,07,000,00,5,2,00,E01
201700021982,1,07,000,00,5,1,00,B01
201700021982,1,07,000,00,5,1,01,F01
201700021982,1,07,000,00,5,1,01,G01
201700021983,2,33,000,14,0,1,01,A01
201700021984,1,33,000,03,0,9,01,A01
201700021985,2,14,000,03,0,3,01,A01
201700021986,0,38,007,00,1,1,01,A01
201700021987,2,10,000,02,0,2,01,A01
201700021988,1,07,000,00,0,4,01,A01
201700021988,1,07,000,00,2,7,01,B01
201700021988,1,07,000,00,2,8,09,C01
201700021989,1,17,000,00,0,4,02,A01
201700021989,1,07,000,00,2,1,02,B01
201700021990,2,07,000,02,0,1,01,A01
201700021991,1,07,000,08,0,1,01,A01
201700021992,2,07,000,00,2,2,01,A01
201700021992,2,14,000,00,0,6,01,B01
201700021993,2,33,000,03,0,8,02,A01
201700021994,2,07,000,00,2,0,02,A01
201700021994,2,07,000,00,2,0,02,B01
201700021995,1,07,000,13,0,1,01,A01
201700021996,2,07,000,13,0,7,12,A01
201700021997,2,07,000,03,0,4,02,A01
201700021997,2,07,000,00,2,1,02,B01
201700021998,1,07,000,00,2,1,02,B01
201700021998,1,07,000,00,2,4,01,A01
201700021999,2,07,000,13,0,1,01,A01
201700022000,1,07,000,00,2,2,01,B01
201700022000,1,07,000,00,0,4,01,A01
201700022001,2,07,000,04,0,9,01,A01
201700022002,2,07,000,14,0,1,01,B01
201700022002,2,07,000,00,0,8,01,A01
201700022003,1,07,000,04,0,9,01,A01
201700022004,2,02,000,00,2,1,09,B01
201700022004,2,07,000,00,2,6,09,A01
201700022005,1,33,000,08,0,1,01,A01
201700022006,2,36,000,13,0,2,14,A01
201700022007,0,07,000,00,2,3,13,A01
201700022007,0,02,000,00,2,1,01,B01
201700022008,0,02,000,00,0,0,01,A01
201700022009,2,07,000,00,0,1,01,A01
201700022010,2,07,000,00,2,4,01,D01
201700022010,2,07,000,00,2,4,01,C01
201700022010,2,07,000,00,2,4,14,B01
201700022010,2,07,000,00,2,1,01,A01
201700022011,1,02,000,00,2,1,02,B01
201700022011,1,02,000,00,2,6,02,C01
201700022011,0,07,000,00,2,4,01,A01
201700022012,0,30,000,00,2,4,17,B01
201700022012,0,21,000,00,2,6,15,A01
201700022013,0,07,000,00,2,2,01,A01
201700022013,0,01,000,00,2,4,15,B01
201700022014,2,07,000,00,2,3,01,B01
201700022014,1,07,000,00,2,3,13,A01
201700022015,0,02,000,00,0,0,01,A01
201700022016,0,07,000,00,2,3,01,B01
201700022016,0,02,000,00,2,1,15,A01
201700022017,1,07,000,00,2,1,01,B01
201700022017,2,07,000,00,2,1,13,A01
201700022018,1,07,000,05,0,2,14,A01
201700022019,1,07,000,00,2,7,17,A01
201700022019,1,02,000,00,2,8,01,B01
201700022019,1,02,000,00,2,8,01,C01
201700022020,1,07,000,00,2,6,01,C01
201700022020,1,33,000,00,2,1,17,A01
201700022020,1,07,000,00,0,0,01,D01
201700022020,2,07,000,00,2,1,01,B01
201700022021,1,07,000,00,2,2,01,B01
201700022021,2,07,000,00,2,1,13,A01
201700022022,1,10,000,00,2,3,01,B01
201700022022,1,07,000,03,2,5,21,A01
201700022023,2,10,000,04,2,1,01,A01
201700022023,2,14,000,00,0,6,01,B01
201700022024,1,10,000,00,1,3,01,A01
201700022025,1,07,000,13,0,2,01,A01
201700022026,2,07,000,15,0,1,01,A01
201700022027,1,10,000,04,0,3,02,A01
201700022028,1,33,000,03,0,7,01,A01
201700022029,2,07,000,13,0,1,02,A01
201700022030,2,07,000,00,2,2,21,B01
201700022030,2,07,000,03,0,6,02,A01
201700022031,2,07,000,07,0,9,12,A01
201700022032,1,07,000,00,2,7,12,A01
201700022032,1,07,000,00,2,6,02,B01
201700022033,2,07,000,00,2,3,16,A01
201700022033,1,38,008,00,2,1,01,B02
201700022034,2,07,000,00,2,1,01,A01
201700022034,2,15,000,00,0,4,24,B01
201700022035,0,10,000,00,1,4,04,A01
201700022036,1,07,000,03,0,9,13,A01
201700022037,2,07,000,07,0,1,14,A01
201700022038,2,07,000,04,0,1,19,A01
201700022039,2,07,000,00,2,1,01,A01
201700022039,2,07,000,00,2,4,01,B01
201700022039,2,07,000,00,2,4,01,C01
201700022039,2,07,000,00,2,4,01,D01
201700022040,1,07,000,03,0,1,01,A01
201700022041,2,07,000,00,2,2,12,A01
201700022041,2,07,000,00,2,3,01,B01
201700022042,2,07,000,00,2,7,01,B01
201700022042,2,07,000,00,2,8,13,A01
201700022043,2,33,000,03,0,8,13,A01
201700022044,1,07,000,03,0,1,01,A01
201700022045,1,33,000,06,2,1,13,A01
201700022045,1,33,000,00,2,3,01,B01
201700022046,1,07,000,00,5,3,11,A01
201700022046,1,07,000,00,5,8,11,B01
201700022047,1,07,000,00,5,1,01,A01
201700022048,2,07,000,00,2,3,01,B01
201700022048,2,07,000,00,2,5,12,A01
201700022049,2,07,000,00,1,1,01,A01
201700022050,2,10,000,00,1,3,01,A01
201700022051,1,33,000,00,2,8,01,B01
201700022051,2,07,000,00,2,5,15,A01
201700022052,1,30,000,00,0,1,01,B01
201700022052,1,07,000,00,2,3,10,A01
201700022053,2,07,000,00,2,8,09,A01
201700022053,1,02,000,00,2,1,01,B01
201700022054,2,07,000,09,0,2,16,A01
201700022054,2,33,000,12,2,1,18,B01
201700022055,1,07,000,00,1,2,01,A01
201700022056,2,10,000,00,2,2,01,A01
201700022056,2,07,000,00,2,3,01,B01
201700022057,1,10,000,00,1,4,00,A01
201700022058,1,33,000,01,2,1,01,A01
201700022058,2,07,000,00,2,5,15,B01
201700022059,2,07,000,00,1,5,04,A01
201700022060,1,07,000,00,2,2,17,A01
201700022060,1,07,000,00,2,8,15,B01
201700022061,2,34,000,00,2,8,01,B01
201700022061,1,07,000,00,2,1,01,A01
201700022062,1,31,000,00,2,3,17,A01
201700022062,1,07,000,00,2,2,15,B01
201700022063,1,31,000,00,2,1,15,A01
201700022063,2,07,000,00,2,2,01,B01
201700022064,2,34,000,00,2,1,01,A01
201700022064,2,07,000,00,2,8,01,B01
201700022065,2,07,000,01,0,1,14,A01
201700022066,1,33,000,00,2,1,17,A01
201700022066,1,30,000,00,2,8,15,B01
201700022067,0,07,000,00,1,1,15,A01
201700022068,1,10,000,15,2,7,13,A01
201700022068,2,33,000,00,2,1,01,B01
201700022069,2,01,000,00,0,0,02,C01
201700022069,2,01,000,00,0,0,02,B01
201700022069,2,01,000,00,2,0,02,A01
201700022070,1,07,000,15,2,8,09,A01
201700022070,1,07,000,13,2,3,01,B01
201700022071,1,07,000,00,2,2,01,B01
201700022071,2,07,000,00,2,1,13,A01
201700022072,2,07,000,00,2,1,01,B01
201700022072,0,07,000,00,2,8,19,A01
201700022073,2,07,000,00,2,1,01,B01
201700022073,0,07,000,00,2,3,15,A01
201700022074,2,02,000,00,0,4,01,B01
201700022074,2,07,000,00,2,1,01,A01
201700022075,2,10,000,00,2,3,01,B01
201700022075,1,07,000,00,2,1,13,A01
201700022076,2,07,000,00,2,2,01,B01
201700022076,1,07,000,00,2,1,15,A01
201700022077,0,02,000,08,0,1,01,A01
201700022078,0,33,000,13,6,1,19,A01
201700022079,2,33,000,00,2,1,01,A01
201700022080,0,07,000,00,0,4,01,A01
201700022080,0,33,000,00,2,1,01,B01
201700022081,1,07,000,00,2,2,17,A01
201700022081,1,01,000,00,0,3,02,B01
201700022082,1,07,000,00,1,3,01,A01
201700022083,1,07,000,00,2,2,01,B01
201700022083,1,07,000,00,2,3,06,A01
201700022084,2,07,000,13,0,9,01,A01
201700022085,1,07,000,00,2,1,15,A01
201700022085,2,33,000,00,2,7,01,B01
201700022086,1,33,000,00,0,0,00,A01
201700022087,1,21,000,00,2,8,15,A01
201700022087,2,33,000,00,2,1,01,B01
201700022088,1,33,000,13,0,2,01,A01
201700022089,2,33,000,14,0,1,01,A01
201700022090,0,07,000,00,2,8,16,A01
201700022090,0,02,000,00,2,7,01,B01
201700022091,0,07,000,00,2,3,16,B01
201700022091,0,07,000,00,2,3,11,A01
201700022092,2,07,000,13,0,2,01,A01
201700022093,1,07,000,13,6,1,01,A01
201700022094,1,99,000,00,1,0,00,A01
201700022095,0,07,000,00,2,9,01,A01
201700022095,0,07,000,00,2,1,01,C01
201700022095,0,07,000,00,2,1,13,B01
201700022096,1,07,000,00,2,3,13,A01
201700022096,2,07,000,00,2,1,01,B01
201700022097,1,07,000,00,2,6,19,A01
201700022097,2,33,000,00,2,2,01,B01
201700022098,1,33,000,00,2,1,01,B01
201700022098,2,07,000,00,2,7,01,A01
201700022099,1,02,000,00,0,4,02,B01
201700022099,1,07,000,00,2,1,02,A01
201700022100,2,07,000,13,0,2,17,B01
201700022100,2,07,000,02,0,3,17,A01
201700022101,2,07,000,00,2,7,19,B01
201700022101,1,07,000,00,2,1,01,A01
201700022102,1,14,000,00,2,6,15,B01
201700022102,1,33,000,00,2,1,02,A01
201700022103,2,07,000,00,0,2,15,A01
201700022103,1,30,000,00,0,1,01,B01
201700022104,0,10,000,00,2,3,15,A01
201700022104,0,31,000,00,2,1,00,B01
201700022105,1,33,000,02,0,1,01,A01
201700022106,2,10,000,00,2,3,00,A01
201700022106,1,33,000,00,2,1,13,B01
201700022107,0,07,000,00,2,3,16,A01
201700022107,0,07,000,00,2,7,01,B01
201700022108,1,07,000,00,0,3,01,A01
201700022108,2,07,000,00,0,8,13,B01
201700022109,1,07,000,00,2,6,17,A01
201700022109,2,07,000,00,2,2,21,B01
201700022110,1,07,000,06,0,1,01,A01
201700022111,1,07,000,00,0,3,01,A01
201700022111,1,07,000,00,0,1,13,B01
201700022112,0,07,000,00,1,1,01,A01
201700022113,1,10,000,00,9,3,01,B01
201700022113,2,01,000,00,2,1,01,A01
201700022114,1,02,000,00,2,1,01,A01
201700022114,1,07,000,00,0,4,01,B01
201700022115,2,33,000,00,1,1,01,A01
201700022116,2,33,000,01,0,0,01,A01
201700022117,1,14,000,00,0,2,16,A01
201700022118,0,07,000,02,0,1,01,A01
201700022119,1,07,000,13,0,9,01,A01
201700022120,0,33,000,00,0,0,21,A01
201700022121,1,33,000,00,2,4,15,A01
201700022121,1,07,000,00,2,2,01,B01
201700022122,2,10,000,00,2,3,01,B01
201700022122,1,07,000,06,2,1,13,A01
201700022123,0,07,000,01,1,6,04,A01
201700022124,1,14,000,02,0,1,01,A01
201700022125,0,34,000,00,1,1,06,A01
201700022126,1,07,000,00,2,3,01,A01
201700022126,2,01,000,00,2,3,01,B01
201700022127,0,07,000,14,0,0,01,A01
201700022128,2,07,000,02,0,1,01,A01
201700022129,1,13,000,00,2,1,01,B01
201700022129,1,14,000,00,0,4,23,A01
201700022130,0,15,000,00,0,4,01,A01
201700022130,0,07,000,08,2,8,01,B01
201700022131,0,07,000,08,1,2,00,A01
201700022132,0,07,000,00,0,9,01,A01
201700022133,0,07,000,00,2,3,01,B01
201700022133,0,07,000,00,2,7,09,A01
201700022134,0,07,000,00,0,6,24,A01
201700022134,0,31,000,01,0,1,21,B01
201700022135,0,07,000,00,1,6,01,A01
201700022136,0,07,000,00,2,1,01,B01
201700022136,0,07,000,00,2,1,13,A01
201700022137,0,33,000,00,2,1,01,B01
201700022137,0,07,000,00,0,6,06,A01
201700022138,0,07,000,00,2,1,17,A01
201700022138,0,07,000,00,2,1,01,B01
201700022139,2,14,000,00,0,8,01,B01
201700022139,1,07,000,00,2,3,01,A01
201700022140,0,33,000,00,0,7,01,A01
201700022141,0,07,000,00,9,2,02,A01
201700022141,0,01,000,00,2,4,02,B01
201700022142,0,07,000,00,1,2,01,A01
201700022143,1,07,000,00,2,1,01,B01
201700022143,2,07,000,00,2,7,01,A01
201700022144,0,07,000,00,0,9,21,A01
201700022145,0,07,000,00,1,3,01,A01
201700022146,0,10,000,00,1,2,01,A01
201700022147,2,07,000,02,0,7,00,A01
201700022148,1,07,000,00,2,1,15,A01
201700022148,2,07,000,00,2,1,01,B01
201700022149,2,07,000,00,2,7,12,A01
201700022149,2,02,000,00,2,0,01,B01
201700022150,1,07,000,00,2,0,09,Z01
201700022150,2,07,000,00,2,5,01,B01
201700022151,0,07,000,00,2,1,09,A01
201700022151,0,33,000,00,2,8,01,B01
201700022152,0,07,000,00,1,2,01,A01
201700022153,1,07,000,00,1,1,01,A01
201700022154,1,07,000,00,1,1,01,A01
201700022155,1,02,000,00,2,1,01,B01
201700022155,1,30,000,00,2,1,09,Z01
201700022156,2,14,000,00,1,7,01,A01
201700022157,1,07,000,00,1,1,01,A01
201700022158,2,37,000,00,2,2,15,A01
201700022158,1,07,000,00,2,3,01,B01
201700022159,1,31,000,00,2,1,01,B01
201700022159,1,07,000,00,2,6,09,A01
201700022160,2,33,000,00,2,1,17,A01
201700022160,2,07,000,00,2,3,23,B01
201700022161,1,33,000,00,2,7,01,B01
201700022161,1,07,000,00,2,3,09,A01
201700022162,2,07,000,00,2,7,00,B01
201700022162,0,07,000,00,2,1,01,C01
201700022162,1,07,000,00,2,1,09,A01
201700022163,1,01,000,00,2,9,01,B01
201700022163,1,14,000,00,2,7,01,A01
201700022164,1,07,000,00,2,4,02,B01
201700022164,1,10,000,00,2,1,02,A01
201700022165,1,01,000,00,2,1,01,B01
201700022165,1,07,000,00,2,3,01,A01
201700022166,1,07,000,00,2,3,09,A01
201700022166,1,07,000,00,2,1,01,B01
201700022167,1,07,000,00,1,1,01,A01
201700022168,1,07,000,00,1,1,15,A01
201700022169,1,02,000,00,2,1,17,B01
201700022169,1,07,000,00,2,6,15,A01
201700022170,1,07,000,00,0,3,01,B01
201700022170,2,07,000,00,2,2,01,A01
201700022171,1,07,000,00,2,1,01,B01
201700022171,2,07,000,00,2,2,09,A01
201700022172,2,07,000,00,2,1,02,A01
201700022172,2,07,000,00,2,4,23,B01
201700022173,1,10,000,00,1,1,01,A01
201700022174,1,07,000,00,2,8,01,A01
201700022174,1,07,000,00,2,2,16,B01
201700022175,1,07,000,00,2,1,01,A01
201700022176,1,07,000,00,2,4,04,A01
201700022176,1,07,000,00,2,1,01,B01
201700022177,1,31,000,00,2,1,01,B01
201700022177,1,07,000,00,2,7,09,A01
201700022178,1,07,000,00,1,1,01,A01
201700022179,1,07,000,00,2,6,09,A01
201700022179,1,02,000,00,2,1,17,B01
201700022180,2,07,000,00,2,1,01,A01
201700022180,1,07,000,00,2,4,23,B01
201700022181,1,30,000,00,2,7,01,B01
201700022181,1,07,000,00,2,1,09,A01
201700022182,1,07,000,00,2,4,23,C01
201700022182,1,07,000,00,2,4,23,B01
201700022182,1,07,000,00,2,1,01,A01
201700022183,1,07,000,00,2,1,01,A01
201700022183,1,07,000,00,2,3,01,B01
201700022184,1,07,000,00,2,1,01,A01
201700022184,1,07,000,00,2,4,23,B01
201700022185,1,07,000,00,2,2,01,A01
201700022185,1,10,000,00,2,1,01,B01
201700022186,1,02,000,00,2,1,00,B01
201700022186,1,07,000,00,2,8,09,A01
201700022187,2,07,000,00,2,3,15,A01
201700022187,2,33,000,15,2,1,17,B01
201700022188,1,02,000,08,0,1,17,A01
201700022189,1,07,000,00,2,1,01,A01
201700022189,1,07,000,00,2,4,23,B01
201700022190,1,07,000,00,2,1,02,A01
201700022190,1,10,000,00,2,4,01,B01
201700022191,1,07,000,00,2,8,09,A01
201700022191,1,07,000,00,2,1,01,B01
201700022192,2,07,000,00,2,1,15,A01
201700022192,2,07,000,00,2,1,01,B01
201700022193,1,07,000,00,2,8,09,A01
201700022193,2,07,000,00,2,1,01,B01
201700022194,1,07,000,00,2,1,01,A01
201700022194,1,07,000,00,2,4,23,B01
201700022195,1,07,000,00,2,3,09,B01
201700022195,1,14,000,00,2,1,01,A01
201700022196,2,07,000,00,2,2,15,A01
201700022196,1,07,000,00,2,1,01,B01
201700022197,0,07,000,01,0,2,00,A01
201700022198,1,07,000,00,1,1,09,A01
201700022199,1,07,000,00,2,8,22,A01
201700022199,2,01,000,00,2,1,01,B01