Num_Acc,senc,catv,occutc,obs,obsm,choc,manv,num_veh
201700023680,1,07,000,00,2,1,02,A01
201700023680,1,07,000,00,2,4,01,B01
201700023681,0,07,000,00,2,7,15,A01
201700023681,0,07,000,00,2,1,01,B01
201700023682,0,30,000,00,2,1,09,B01
201700023682,1,07,000,00,2,3,09,A01
201700023683,0,07,000,00,2,1,01,A01
201700023683,0,07,000,00,2,4,01,B01
201700023684,1,07,000,00,9,1,19,A01
201700023685,2,10,000,00,9,2,15,A01
201700023685,1,01,000,00,2,1,01,B01
201700023686,2,07,000,00,2,1,05,A01
201700023686,0,07,000,00,2,1,01,B01
201700023687,1,07,000,00,1,7,01,A01
201700023688,1,07,000,00,2,1,05,A01
201700023688,1,07,000,00,2,1,01,B01
201700023689,0,34,000,00,2,1,01,A01
201700023690,1,07,000,00,2,1,09,A01
201700023690,1,07,000,00,2,8,09,B01
201700023691,1,07,000,00,2,2,15,A01
201700023691,2,07,000,00,2,1,01,B01
201700023692,0,07,000,00,2,1,15,A01
201700023692,0,07,000,00,2,3,01,B01
201700023693,0,03,000,00,1,8,01,A01
201700023694,1,33,000,00,2,3,05,A01
201700023694,2,07,000,00,2,1,01,B01
201700023695,1,07,000,00,2,5,16,A01
201700023695,1,30,000,00,2,1,07,B01
201700023696,0,07,000,01,0,1,01,A01
201700023697,1,07,000,06,0,1,19,A01
201700023698,1,07,000,00,2,1,02,A01
201700023698,1,07,000,00,2,4,02,B01
201700023699,1,07,000,00,2,1,01,B01
201700023699,1,07,000,00,2,1,00,A01
201700023700,1,01,000,00,2,1,02,A01
201700023700,1,07,000,00,2,4,02,B01
201700023701,1,07,000,00,2,1,02,A01
201700023701,1,07,000,00,2,4,02,B01
201700023702,1,21,000,08,0,1,01,A01
201700023703,1,07,000,00,2,1,01,B01
201700023703,1,07,000,00,2,2,15,A01
201700023704,1,07,000,00,2,1,11,A01
201700023704,1,07,000,00,2,4,01,B01
201700023704,1,07,000,00,2,4,01,C01
201700023704,1,07,000,00,2,4,01,D01
201700023705,1,30,000,00,2,1,02,A01
201700023706,0,07,000,00,1,1,01,A01
201700023707,1,07,000,00,2,2,01,A01
201700023707,2,03,000,00,2,1,15,B01
201700023708,0,07,000,00,2,2,01,B01
201700023708,0,07,000,00,2,1,01,A01
201700023709,1,07,000,00,2,5,00,A01
201700023709,0,07,000,00,2,1,00,B01
201700023710,1,07,000,00,1,1,01,A01
201700023711,1,02,000,00,4,4,19,A01
201700023711,1,40,001,00,2,3,01,B01
201700023712,1,33,000,00,2,4,01,A01
201700023712,0,07,000,00,0,4,23,B01
201700023713,1,33,000,13,1,1,02,A01
201700023714,1,07,000,00,2,7,15,A01
201700023714,2,32,000,00,2,1,03,B01
201700023714,2,07,000,00,2,3,23,C01
201700023715,1,01,000,00,2,1,01,B01
201700023715,1,07,000,00,2,1,15,A01
201700023716,0,07,000,00,2,1,01,A01
201700023716,0,07,000,00,2,1,00,B01
201700023717,1,07,000,00,1,3,15,A01
201700023718,1,30,000,00,2,1,09,B01
201700023718,1,07,000,00,2,3,09,A01
201700023719,1,07,000,00,2,1,01,A01
201700023719,2,01,000,00,2,8,19,B01
201700023720,1,07,000,00,2,1,02,A01
201700023720,1,07,000,00,2,5,02,B01
201700023721,1,01,000,00,2,1,01,A01
201700023721,1,07,000,00,2,5,15,B01
201700023722,1,07,000,00,2,4,02,B01
201700023723,1,07,000,01,2,2,01,A01
201700023723,1,07,000,00,2,1,01,B01
201700023724,1,30,000,00,2,2,17,A01
201700023724,1,07,000,00,2,3,15,B01
201700023725,0,07,000,01,0,7,14,A01
201700023725,1,10,000,00,2,6,24,B01
201700023726,0,33,000,00,2,1,01,B01
201700023726,0,07,000,00,2,2,15,A01
201700023727,1,07,000,00,1,1,00,A01
201700023728,2,30,000,00,2,1,01,B01
201700023728,1,07,000,00,2,7,15,A01
201700023729,0,07,000,00,1,2,00,A01
201700023729,0,07,000,00,0,0,00,B01
201700023730,0,07,000,00,1,2,01,A01
201700023731,1,07,000,00,2,3,09,A01
201700023731,2,33,000,00,2,7,01,B01
201700023732,0,33,000,00,2,1,01,A01
201700023732,0,07,000,00,2,1,01,B01
201700023733,1,07,000,00,1,1,00,A01
201700023734,1,07,000,00,1,8,17,A01
201700023735,0,07,000,00,1,1,16,A01
201700023736,1,10,000,08,2,1,07,A01
201700023736,1,07,000,00,2,4,07,B01
201700023736,1,07,000,00,2,4,01,C01
201700023737,2,15,000,07,0,8,16,A01
201700023738,1,07,000,00,2,3,16,A01
201700023739,1,03,000,00,2,0,01,A01
201700023739,1,07,000,00,2,8,09,B01
201700023740,1,40,001,00,1,1,01,A01
201700023741,1,37,001,00,2,1,23,A01
201700023741,1,07,000,00,2,1,16,B01
201700023742,1,07,000,00,2,5,10,A01
201700023742,2,33,000,00,2,1,01,B01
201700023743,0,07,000,00,2,1,15,A01
201700023743,0,02,000,00,2,1,14,B01
201700023744,1,07,000,00,1,1,00,A01
201700023745,2,07,000,00,1,1,09,A01
201700023746,0,07,000,00,1,1,01,A01
201700023747,1,07,000,00,1,2,01,A01
201700023747,2,40,001,00,2,3,01,B01
201700023748,2,07,000,00,2,1,01,A01
201700023748,2,07,000,00,0,4,01,B01
201700023749,0,07,000,00,2,6,13,A01
201700023749,0,33,000,00,2,7,17,B01
201700023750,1,07,000,00,2,2,01,B01
201700023750,1,07,000,00,2,1,09,A01
201700023751,1,07,000,00,1,8,16,A01
201700023752,1,33,000,00,2,3,09,A01
201700023752,1,07,000,00,2,1,09,B01
201700023753,1,10,000,00,1,2,15,A01
201700023754,1,07,000,00,1,3,15,A01
201700023755,1,10,000,07,2,3,13,A01
201700023755,2,17,000,06,2,3,01,B01
201700023756,2,33,000,00,0,9,01,A01
201700023757,2,17,000,00,0,0,13,A01
201700023757,1,10,000,14,0,3,01,B01
201700023758,1,07,000,13,0,9,01,A01
201700023759,1,07,000,08,0,2,01,A01
201700023760,2,07,000,03,0,1,01,A01
201700023761,2,33,000,00,0,3,00,A01
201700023762,2,15,000,00,2,2,01,B01
201700023762,2,07,000,13,0,6,19,A01
201700023763,1,07,000,00,2,1,16,A01
201700023763,1,17,000,00,2,3,01,B01
201700023764,1,07,000,00,1,2,01,A01
201700023765,1,07,000,00,1,2,01,A01
201700023766,1,07,000,00,2,3,15,A01
201700023766,2,07,000,00,2,2,01,B01
201700023767,1,07,000,00,2,8,13,A01
201700023767,2,07,000,00,2,8,01,B01
201700023767,2,07,000,00,9,0,01,C01
201700023768,1,07,000,00,2,1,02,A01
201700023768,1,07,000,00,2,4,02,B01
201700023769,1,30,000,00,2,2,05,A01
201700023769,2,07,000,00,2,3,15,B01
201700023770,1,07,000,00,0,6,00,A01
201700023771,1,07,000,00,2,2,01,B01
201700023771,1,07,000,00,2,3,15,A01
201700023772,2,07,000,00,2,8,06,A01
201700023772,1,07,000,00,2,8,01,B01
201700023773,1,07,000,00,2,1,02,A01
201700023773,1,07,000,00,0,4,23,B01
201700023774,1,07,000,00,2,1,19,A01
201700023774,1,07,000,00,2,5,23,B01
201700023775,2,07,000,00,2,1,09,A01
201700023775,2,07,000,00,2,4,01,B01
201700023776,1,10,000,00,2,3,13,A01
201700023776,1,01,000,00,2,4,13,B01
201700023777,1,07,000,00,2,1,02,A01
201700023777,1,07,000,00,2,4,02,B01
201700023778,2,30,000,00,2,6,02,A01
201700023778,2,07,000,00,2,6,02,B01
201700023779,1,07,000,13,0,1,01,A01
201700023780,1,07,000,00,2,1,01,A01
201700023780,1,07,000,00,2,3,15,B01
201700023781,1,33,000,00,0,7,01,A01
201700023782,1,31,000,12,0,1,14,A01
201700023783,1,10,000,00,2,6,04,A01
201700023783,1,30,000,00,2,1,01,B01
201700023784,1,33,000,00,0,1,01,A01
201700023785,1,30,000,00,0,0,02,A01
201700023785,1,07,000,00,0,0,01,B01
201700023786,2,07,000,00,9,7,16,A01
201700023786,2,01,000,00,2,1,01,B01
201700023787,1,01,000,14,0,1,14,A01
201700023788,2,07,000,03,0,1,16,A01
201700023789,2,10,000,13,0,0,14,A01
201700023790,1,07,000,06,0,3,20,A01
201700023791,2,07,000,00,2,1,02,A01
201700023791,2,07,000,00,2,4,02,B01
201700023791,2,07,000,00,2,4,02,C01
201700023792,1,07,000,00,1,2,01,A01
201700023793,2,07,000,00,1,2,01,A01
201700023794,2,07,000,00,1,3,01,A01
201700023795,1,07,000,00,2,1,02,A01
201700023795,1,07,000,00,2,4,02,B01
201700023796,1,07,000,00,2,1,01,B01
201700023796,2,07,000,00,2,8,15,A01
201700023797,1,07,000,00,1,3,19,A01
201700023798,2,01,000,12,0,2,01,A01
201700023799,1,02,000,12,0,3,01,A01
201700023800,2,07,000,00,2,1,02,A01
201700023800,2,07,000,00,2,5,02,B01
201700023800,2,07,000,00,0,4,02,C01
201700023801,1,07,000,00,2,6,09,A01
201700023801,1,01,000,00,2,1,01,B01
201700023802,1,07,000,00,1,2,16,A01
201700023803,2,07,000,06,0,1,19,A01
201700023804,1,07,000,01,1,2,02,A01
201700023805,1,07,000,06,0,1,14,A01
201700023806,2,07,000,00,2,3,15,A01
201700023806,1,07,000,00,2,1,01,B01
201700023807,1,07,000,00,2,3,00,A01
201700023807,2,07,000,00,2,1,00,B01
201700023808,1,07,000,13,0,1,06,A01
201700023809,1,33,000,00,2,1,17,A01
201700023809,2,10,000,00,2,3,01,B01
201700023810,0,07,000,00,1,2,01,A01
201700023811,2,07,000,00,2,3,09,B01
201700023811,1,07,000,00,2,2,09,A01
201700023812,1,10,000,00,2,5,13,A01
201700023812,2,10,000,00,2,1,01,B01
201700023813,2,02,000,01,0,1,14,A01
201700023814,2,07,000,14,0,1,02,A01
201700023814,2,07,000,00,1,1,23,B01
201700023815,1,07,000,00,1,1,00,B01
201700023816,1,07,000,00,1,1,01,A01
201700023817,1,07,000,00,1,1,01,A01
201700023818,1,07,000,00,9,1,01,A01
201700023818,1,15,000,00,0,4,09,B01
201700023819,1,07,000,00,0,6,01,B01
201700023819,2,10,000,00,2,2,02,A01
201700023820,2,17,000,00,0,0,01,B01
201700023820,2,10,000,03,2,2,12,A01
201700023821,1,33,000,00,0,7,00,A01
201700023822,1,10,000,00,2,2,17,A01
201700023822,1,07,000,00,0,0,01,B01
201700023823,1,17,000,00,0,6,02,B01
201700023823,1,07,000,00,2,1,02,A01
201700023824,2,07,000,04,0,3,00,A01
201700023825,2,07,000,00,0,1,01,A01
201700023826,2,07,000,00,2,2,15,A01
201700023826,2,33,000,00,2,2,01,B01
201700023827,0,36,000,06,0,1,01,A01
201700023828,2,33,000,00,2,2,01,B01
201700023828,0,07,000,00,2,8,09,A01
201700023829,1,01,000,00,0,9,00,A01
201700023830,1,07,000,00,2,1,17,A01
201700023830,1,15,000,00,0,4,02,B01
201700023831,1,07,000,13,0,1,01,A01
201700023832,1,10,000,00,2,1,02,A01
201700023832,1,17,000,00,0,4,01,B01
201700023833,2,07,000,00,0,6,09,A01
201700023833,2,15,000,00,2,2,01,B01
201700023834,1,07,000,00,2,2,17,A01
201700023834,1,07,000,00,2,6,01,B01
201700023835,1,10,000,03,0,2,01,A01
201700023836,2,07,000,03,0,6,02,A01
201700023836,2,10,000,00,2,2,02,B01
201700023837,1,07,000,00,0,0,00,A01
201700023838,2,07,000,00,1,2,02,B01
201700023839,2,07,000,03,0,2,11,A01
201700023840,1,07,000,11,0,1,17,A01
201700023841,1,07,000,00,2,1,16,B01
201700023841,1,07,000,00,2,3,23,A01
201700023842,0,07,000,01,0,1,14,A01
201700023843,1,07,000,00,2,1,16,A01
201700023843,1,07,000,00,2,2,01,B01
201700023844,2,07,000,00,1,8,01,A01
201700023845,1,07,000,01,0,3,13,A01
201700023846,1,07,000,00,0,0,01,A01
201700023847,0,02,000,00,0,1,13,A01
201700023848,1,07,000,00,2,1,01,A01
201700023848,1,07,000,00,2,4,01,B01
201700023849,0,07,000,00,2,3,01,B01
201700023849,0,07,000,00,2,2,15,A01
201700023850,1,07,000,08,0,1,14,A01
201700023851,1,30,000,12,0,0,00,A01
201700023852,2,07,000,00,2,3,15,A01
201700023852,1,07,000,00,2,1,01,B01
201700023853,1,07,000,13,0,1,13,A01
201700023854,1,07,000,00,2,3,13,A01
201700023854,2,07,000,00,2,1,05,B01
201700023855,2,14,000,00,2,1,01,A01
201700023855,1,07,000,00,2,1,13,B01
201700023856,1,07,000,00,2,0,00,A01
201700023856,1,07,000,00,0,0,00,B01
201700023857,1,07,000,05,0,3,13,A01
201700023858,1,07,000,06,2,1,01,A01
201700023859,0,02,000,14,2,1,02,A01
201700023859,0,07,000,00,2,4,02,B01
201700023860,2,07,000,13,0,1,01,A01
201700023861,1,07,000,00,2,0,00,A01
201700023861,1,07,000,00,2,0,00,B01
201700023862,2,07,000,00,0,0,00,B01
201700023862,1,07,000,00,2,7,13,A01
201700023863,1,07,000,00,2,1,01,A01
201700023863,1,01,000,00,0,4,01,B01
201700023864,2,07,000,03,0,1,19,A01
201700023865,1,07,000,00,2,2,01,A01
201700023865,2,07,000,00,2,6,01,B01
201700023866,1,07,000,01,0,2,01,A01
201700023867,2,30,000,00,2,7,14,A01
201700023867,2,07,000,00,9,0,00,B01
201700023868,1,07,000,00,2,4,01,A01
201700023868,1,07,000,00,2,0,00,B01
201700023868,1,07,000,00,2,0,00,C01
201700023869,1,07,000,00,2,9,17,A01
201700023869,1,07,000,00,2,6,01,B01
201700023870,0,01,000,00,2,7,15,B01
201700023870,0,07,000,00,2,3,09,A01
201700023871,1,07,000,13,0,3,13,A01
201700023872,0,07,000,00,1,0,00,A01
201700023873,0,07,000,00,2,2,15,A01
201700023873,0,01,000,00,2,1,01,B01
201700023874,0,07,000,00,1,4,04,A01
201700023875,0,02,000,00,2,1,02,A01
201700023875,0,07,000,00,2,4,02,B01
201700023876,0,07,000,06,0,1,13,A01
201700023877,1,07,000,16,0,9,14,A01
201700023878,1,07,000,00,9,5,00,A01
201700023878,0,01,000,00,2,0,00,B01
201700023879,2,07,000,00,2,3,00,A01
201700023879,2,07,000,00,2,0,00,B01
201700023880,1,07,000,00,0,9,00,A01
201700023881,1,07,000,06,0,3,13,A01
201700023882,1,33,000,00,2,1,01,A01
201700023882,1,07,000,00,0,5,01,B01
201700023883,1,02,000,08,1,3,01,B01
201700023884,0,07,000,00,2,1,15,A01
201700023884,0,07,000,00,2,3,01,B01
201700023884,0,07,000,00,2,3,00,C01
201700023885,1,07,000,02,0,1,01,A01
201700023886,0,07,000,00,2,3,15,A01
201700023886,0,30,000,00,2,1,01,B01
201700023887,1,07,000,00,1,6,15,A01
201700023888,0,07,000,00,2,3,01,A01
201700023888,0,07,000,00,2,5,15,B01
201700023889,0,20,000,00,0,7,00,A01
201700023890,1,07,000,13,0,7,01,A01
201700023891,0,07,000,00,0,0,00,A01
201700023891,0,01,000,00,0,8,19,B01
201700023892,1,07,000,00,2,1,02,A01
201700023892,1,07,000,00,2,4,02,B01
201700023893,0,02,000,01,0,1,14,A01
201700023894,0,30,000,01,2,1,17,A01
201700023894,0,07,000,00,2,3,20,B01
201700023895,1,07,000,13,0,7,01,A01
201700023896,1,32,000,00,2,1,02,A01
201700023896,1,07,000,00,2,4,01,B01
201700023897,1,33,000,13,0,1,12,A01
201700023898,1,07,000,00,2,2,01,B01
201700023898,1,07,000,00,2,1,01,A01
201700023899,2,07,000,13,0,2,14,A01
201700023900,0,30,000,00,0,3,02,A01
201700023901,2,33,000,00,0,7,02,A01
201700023901,1,13,000,00,0,0,02,B01
201700023902,2,33,000,16,0,2,16,A01
201700023903,1,37,001,00,2,3,15,A01
201700023903,0,07,000,00,2,3,00,B01
201700023904,1,07,000,00,2,4,02,B01
201700023904,1,07,000,00,2,1,02,A01
201700023905,0,07,000,00,2,2,21,A01
201700023905,0,07,000,00,2,6,23,B01
201700023906,1,07,000,00,1,1,09,A01
201700023907,1,33,000,00,2,1,17,A01
201700023907,1,07,000,00,2,3,15,B01
201700023908,1,07,000,04,0,2,00,A01
201700023909,2,07,000,13,0,2,00,A01
201700023910,1,07,000,00,2,3,13,A01
201700023910,1,07,000,00,2,3,16,B01
201700023911,1,07,000,00,0,1,14,A01
201700023912,1,07,000,13,0,2,14,A01
201700023913,2,07,000,00,2,2,15,A01
201700023913,1,07,000,00,2,1,01,B01
201700023914,2,07,000,00,2,2,16,A01
201700023914,2,34,000,00,2,8,16,B01
201700023915,1,07,000,04,0,1,16,A01
201700023916,1,07,000,00,1,1,15,A01
201700023917,1,07,000,00,2,3,13,A01
201700023917,2,07,000,00,2,6,14,B01
201700023918,1,07,000,00,1,3,01,A01
201700023919,1,07,000,03,0,2,14,M01
201700023920,1,07,000,13,0,0,00,A01
201700023921,1,07,000,00,0,9,13,A01
201700023922,1,07,000,00,1,3,16,A01
201700023923,1,33,000,00,2,1,09,B01
201700023923,2,07,000,00,2,8,09,A01
201700023924,1,07,000,01,0,1,19,A01
201700023925,2,10,000,00,2,3,01,A01
201700023925,2,07,000,00,2,5,01,B01
201700023926,2,07,000,00,2,1,01,A01
201700023926,2,07,000,00,2,4,02,B01
201700023927,1,07,000,00,2,4,02,A01
201700023927,1,07,000,00,2,1,02,B01
201700023928,1,07,000,00,2,3,16,A01
201700023928,1,07,000,00,2,3,23,B01
201700023929,1,07,000,00,1,3,09,A01
201700023930,1,07,000,00,2,2,15,A01
201700023930,1,01,000,00,2,1,00,B01
201700023931,1,07,000,00,2,1,02,A01
201700023931,1,07,000,00,2,4,02,B01
201700023931,1,07,000,00,2,4,02,C01
201700023932,1,07,000,00,2,1,02,A01
201700023932,1,07,000,00,2,4,15,B01
201700023933,2,07,000,03,0,2,01,A01
201700023934,1,07,000,13,0,1,01,A01
201700023935,1,07,000,00,1,4,04,A01
201700023936,1,37,001,00,2,3,01,A01
201700023936,1,07,000,00,2,2,16,B01
201700023937,2,02,000,00,2,1,01,A01
201700023937,2,07,000,00,0,4,15,B01
201700023938,2,02,000,00,0,8,01,A01
201700023939,1,07,000,13,0,9,14,A01
201700023940,1,07,000,13,0,1,01,A01
201700023941,1,07,000,00,2,3,09,A01
201700023941,2,07,000,00,2,3,21,B01
201700023942,2,07,000,00,2,1,01,B01
201700023942,1,10,000,00,2,1,15,A01
201700023943,1,07,000,00,1,2,01,A01
201700023943,1,07,000,00,2,1,02,B01
201700023944,2,10,000,00,2,6,09,A01
201700023944,2,07,000,00,2,3,09,B01
201700023944,2,07,000,00,2,6,09,C01
201700023945,1,07,000,00,2,7,01,A01
201700023945,1,07,000,04,2,8,13,B01
201700023946,1,07,000,05,0,1,14,A01
201700023947,2,30,000,08,0,3,13,A01
201700023948,2,07,000,00,1,3,02,A01
201700023949,1,07,000,00,2,2,09,A01
201700023949,1,07,000,00,1,3,20,B01
201700023950,0,07,000,00,1,1,15,A01
201700023951,2,02,000,06,0,1,01,A01
201700023952,1,02,000,00,5,7,21,A01
201700023953,1,07,000,00,2,3,21,A01
201700023953,2,07,000,00,2,3,01,B01
201700023954,1,10,000,06,1,1,00,A01
201700023955,1,07,000,00,1,2,01,A01
201700023956,1,07,000,13,0,3,01,A01
201700023957,2,07,000,08,2,5,09,A01
201700023957,2,07,000,15,2,5,21,B01
201700023958,1,07,000,00,1,1,01,A01
201700023959,1,33,000,00,0,0,21,A01
201700023960,1,02,000,00,0,0,16,A01
201700023961,1,14,000,00,9,4,23,B01
201700023961,1,07,000,00,2,1,21,A01
201700023962,1,07,000,00,2,1,01,B01
201700023962,2,07,000,00,2,8,15,A01
201700023963,1,07,000,00,0,9,13,C01
201700023964,1,07,000,00,2,5,15,A01
201700023964,1,07,000,00,2,3,21,B01
201700023965,1,07,000,00,9,3,15,A01
201700023965,2,99,000,00,2,1,01,B01
201700023966,1,07,000,00,2,1,02,A01
201700023966,1,03,000,00,9,4,02,B01
201700023967,1,07,000,03,0,1,09,A01
201700023968,1,33,000,16,0,8,14,A01
201700023969,1,07,000,00,2,6,16,A01
201700023969,1,07,000,00,2,1,19,B01
201700023970,1,07,000,00,2,1,13,A01
201700023970,2,07,000,00,2,1,01,B01
201700023971,1,07,000,00,2,1,01,A01
201700023971,1,10,000,00,2,4,24,B01
201700023972,1,07,000,00,2,1,19,A01
201700023972,1,07,000,00,2,3,19,B01
201700023973,0,07,000,00,2,1,02,A01
201700023973,0,07,000,00,9,4,02,B01
201700023974,1,07,000,00,2,3,13,A01
201700023974,2,10,000,00,2,3,01,B01
201700023975,1,07,000,00,1,2,02,A01
201700023976,2,07,000,00,1,1,01,A01
201700023977,2,30,000,12,0,0,14,A01
201700023978,2,07,000,00,2,1,02,A01
201700023978,1,10,000,00,2,4,23,B01
201700023979,1,17,000,00,2,0,12,A01
201700023979,1,07,000,03,2,9,14,B01
201700023980,2,07,000,00,1,2,14,A01
201700023981,1,07,000,12,0,2,01,A01
201700023982,1,07,000,00,2,1,01,A01
201700023982,1,07,000,00,2,1,15,B01
201700023983,1,07,000,00,1,2,02,A01
201700023984,1,07,000,13,0,0,01,A01
201700023985,1,10,000,00,1,1,15,A01
201700023986,1,07,000,04,0,3,09,A01
201700023987,2,07,000,00,2,1,01,B01
201700023987,2,07,000,15,2,9,09,A01
201700023988,1,10,000,00,2,3,13,A01
201700023988,2,10,000,00,2,8,01,B01
201700023989,1,07,000,00,2,3,01,A01
201700023989,1,07,000,00,2,5,15,B01
201700023990,1,07,000,00,0,9,01,A01
201700023991,2,10,000,02,0,9,13,A01
201700023992,2,07,000,00,2,3,19,A01
201700023992,1,07,000,00,2,1,01,B01
201700023993,1,07,000,00,2,1,13,A01
201700023993,2,07,000,00,2,1,01,B01
201700023994,2,10,000,00,1,2,01,A01
201700023995,1,07,000,07,0,1,14,A01
201700023996,2,07,000,06,0,1,01,A01
201700023997,2,10,000,00,1,2,01,A01
201700023998,0,07,000,08,0,1,01,A01
201700023999,1,07,000,00,0,3,15,A01
201700023999,1,33,000,00,2,1,17,B01
201700024000,1,07,000,13,2,2,01,B01
201700024000,2,07,000,13,0,3,13,A01
201700024001,0,07,000,00,9,2,01,B01
201700024001,0,01,000,00,2,1,19,A01
201700024002,1,07,000,00,2,1,01,B01
201700024002,0,07,000,00,2,1,15,A01
201700024003,1,07,000,00,0,3,23,B01
201700024003,2,30,000,00,2,1,13,A01
201700024004,1,07,000,13,0,1,01,A01
201700024005,1,07,000,00,2,4,01,C01
201700024005,1,33,000,00,2,4,01,B01
201700024005,1,07,000,00,2,1,01,A01
201700024006,2,07,000,00,9,1,01,B01
201700024006,0,01,000,00,2,8,09,A01
201700024007,2,33,000,02,0,0,01,A01
201700024008,1,07,000,00,2,3,15,B01
201700024008,2,02,000,00,2,1,01,A01
201700024009,2,17,000,07,0,2,01,A01
201700024010,0,17,000,00,0,5,00,B01
201700024010,2,07,000,01,0,1,00,A01
201700024011,1,07,000,00,1,5,04,A01
201700024012,1,07,000,03,0,9,00,A01
201700024013,0,07,000,13,0,1,16,A01
201700024014,1,33,000,00,0,0,00,A01
201700024015,0,07,000,00,1,2,01,A01
201700024016,1,07,000,00,0,1,17,A01
201700024016,1,07,000,00,0,4,15,B01
201700024017,0,01,000,00,0,0,00,B01
201700024017,0,07,000,00,9,2,17,A01
201700024018,2,33,000,00,0,7,01,A01
201700024019,0,07,000,00,4,3,01,A01
201700024020,2,32,000,03,0,7,14,A01
201700024021,0,07,000,00,2,8,01,A01
201700024021,0,07,000,00,2,3,13,B01
201700024022,0,32,000,00,9,1,01,A01
201700024023,0,07,000,02,0,8,01,A01
201700024024,2,07,000,00,9,1,15,A01
201700024024,2,30,000,00,2,8,01,B01
201700024025,1,07,000,00,1,2,01,A01
201700024026,2,07,000,11,0,3,06,A01
201700024027,1,07,000,00,9,5,15,A01
201700024027,2,02,000,00,2,9,01,B01
201700024028,2,07,000,00,2,2,01,A01
201700024029,1,07,000,00,2,1,01,B01
201700024029,2,07,000,00,0,0,13,A01
201700024029,0,07,000,00,2,8,00,C01
201700024030,2,30,000,00,2,2,00,B01
201700024030,1,10,000,00,9,1,09,A01
201700024031,1,07,000,07,0,1,14,A01
201700024032,2,07,000,00,2,1,01,B01
201700024032,1,07,000,00,2,1,05,A01
201700024033,1,07,000,00,1,1,01,A01
201700024034,1,32,000,08,0,1,00,A01
201700024035,2,03,000,00,1,1,01,A01
201700024036,1,07,000,00,1,4,04,A01
201700024037,2,07,000,00,2,3,13,A01
201700024037,1,07,000,00,2,3,01,B01
201700024038,2,07,000,00,1,1,16,A01
201700024039,1,07,000,00,1,1,01,A01
201700024040,2,33,000,11,0,1,01,A01
201700024041,2,07,000,00,2,8,10,A01
201700024041,2,07,000,00,2,1,01,B01
201700024042,1,02,000,01,0,0,00,A01
201700024042,1,07,000,00,0,5,24,B01
201700024043,2,07,000,00,2,1,01,A01
201700024043,,01,000,,,,,B02
201700024044,2,99,000,00,2,1,01,B01
201700024044,1,07,000,00,2,1,13,A01
201700024045,2,07,000,00,2,1,13,A01
201700024045,1,07,000,00,2,1,01,B01
201700024046,1,10,000,00,2,4,02,B01
201700024046,1,07,000,00,2,1,00,A01
201700024047,2,07,000,00,1,2,01,A01
201700024048,1,07,000,00,2,3,01,B01
201700024048,1,33,000,00,2,7,09,A01
201700024049,0,02,000,00,2,3,01,B01
201700024049,2,07,000,00,9,2,16,A01
201700024050,1,31,000,00,2,1,13,B01
201700024050,1,07,000,00,9,1,15,A01
201700024051,1,07,000,00,2,2,01,B01
201700024051,1,07,000,00,2,1,01,A01
201700024052,1,07,000,00,2,5,19,A01
201700024052,2,07,000,00,2,2,01,B01
201700024053,1,07,000,00,1,1,01,A01
201700024054,2,07,000,00,2,1,01,B01
201700024054,2,07,000,00,2,2,01,A01
201700024055,0,07,000,00,2,1,01,C01
201700024055,2,33,000,00,2,4,15,B01
201700024055,2,07,000,00,2,1,01,A01
201700024056,1,07,000,00,2,4,02,B01
201700024056,1,07,000,00,2,1,01,A01
201700024057,1,07,000,00,2,6,23,B01
201700024057,1,07,000,00,2,1,02,A01
201700024058,1,07,000,00,1,6,01,A01
201700024059,1,01,000,00,2,9,01,B01
201700024059,2,07,000,00,9,1,16,A01
201700024060,1,07,000,00,2,1,01,B01
201700024060,2,07,000,00,2,1,13,A01
201700024061,1,07,000,13,0,1,14,A01
201700024062,1,01,000,00,2,9,01,B01
201700024062,1,07,000,00,9,1,09,A01
201700024063,1,07,000,00,9,3,01,B01
201700024063,1,30,000,00,2,1,01,A01
201700024064,2,07,000,00,2,7,01,B01
201700024064,1,07,000,00,2,3,01,A01
201700024065,1,07,000,00,9,2,15,A01
201700024065,1,34,000,00,2,1,01,B01
201700024066,1,07,000,00,2,6,01,B01
201700024066,1,07,000,00,2,2,01,A01
201700024067,1,33,000,00,2,1,01,A01
201700024067,2,07,000,00,2,5,15,B01
201700024068,1,07,000,00,2,1,01,B01
201700024068,2,07,000,00,2,1,01,C01
201700024068,2,07,000,00,2,1,13,A01
201700024069,2,07,000,11,0,1,01,A01
201700024070,1,02,000,00,1,1,01,A01
201700024071,2,07,000,00,1,3,01,A01
201700024072,2,07,000,08,0,1,14,A01
201700024073,2,07,000,14,0,4,02,B01
201700024073,2,10,000,00,2,4,02,C01
201700024073,2,10,000,14,0,1,02,A01
201700024074,2,07,000,00,0,0,15,B01
201700024074,1,07,000,08,0,1,13,A01
201700024075,2,02,000,00,2,8,15,B01
201700024075,2,07,000,00,2,7,17,A01
201700024076,2,10,000,00,2,4,02,B01
201700024076,2,10,000,00,2,1,02,A01
201700024076,2,07,000,00,2,4,02,C01
201700024077,1,33,000,00,0,2,21,A01
201700024077,1,07,000,00,9,6,01,C01
201700024077,1,07,000,00,0,0,09,B01
201700024078,2,33,000,13,1,9,14,A01
201700024079,2,07,000,00,2,3,15,A01