Num_Acc,senc,catv,occutc,obs,obsm,choc,manv,num_veh
201700024457,1,07,000,00,2,7,13,A01
201700024457,2,07,000,00,2,1,01,B01
201700024458,2,31,000,00,2,1,02,A01
201700024458,2,07,000,00,2,4,16,B01
201700024459,1,07,000,00,2,1,09,A01
201700024459,0,01,000,00,2,7,09,B01
201700024460,2,07,000,13,0,3,13,A01
201700024461,1,07,000,00,2,4,23,A01
201700024461,1,07,000,00,2,1,23,B01
201700024462,1,07,000,00,2,5,01,A01
201700024462,2,31,000,00,2,1,01,B01
201700024463,1,07,000,00,1,3,00,A01
201700024464,1,07,000,00,2,3,05,A01
201700024464,1,07,000,00,2,3,02,B01
201700024465,2,07,000,00,1,4,02,A01
201700024465,2,07,000,00,2,1,02,B01
201700024466,1,07,000,00,1,6,04,A01
201700024467,1,07,000,00,2,1,01,A01
201700024467,2,07,000,00,2,1,01,B01
201700024468,2,07,000,13,0,1,14,A01
201700024469,1,07,000,00,1,1,02,A01
201700024469,1,07,000,00,1,8,02,B01
201700024470,2,07,000,00,2,1,02,A01
201700024470,2,07,000,00,2,4,02,B01
201700024471,0,07,000,02,0,1,14,A01
201700024472,0,07,000,00,1,2,15,A01
201700024473,0,07,000,02,0,1,14,A01
201700024474,0,07,000,00,0,6,10,A01
201700024474,0,33,000,00,2,1,17,B01
201700024475,0,07,000,02,0,2,00,A01
201700024476,0,33,000,06,0,1,01,A01
201700024477,1,07,000,00,2,3,05,A01
201700024477,2,07,000,00,2,3,01,B01
201700024478,1,07,000,00,0,6,16,A01
201700024478,1,99,000,00,2,2,01,B01
201700024479,1,07,000,00,2,3,01,A01
201700024479,2,07,000,00,2,3,17,B01
201700024480,2,07,000,00,0,8,01,A01
201700024480,1,33,000,00,0,8,01,B01
201700024481,1,33,000,00,0,0,01,A01
201700024482,0,01,000,00,2,8,19,B01
201700024482,0,07,000,00,9,2,01,A01
201700024483,0,07,000,00,1,0,01,A01
201700024484,0,01,000,00,2,8,19,B01
201700024484,0,07,000,00,9,1,15,A01
201700024485,0,07,000,00,2,1,19,B01
201700024485,0,32,000,00,2,2,01,A01
201700024486,2,07,000,00,0,4,15,A01
201700024486,1,07,000,00,0,1,01,B01
201700024487,2,07,000,00,2,1,09,A01
201700024487,1,07,000,00,2,5,01,B01
201700024488,2,07,000,02,0,8,13,A01
201700024489,2,07,000,00,2,1,01,B01
201700024489,1,07,000,00,2,1,13,A01
201700024490,2,07,000,00,2,1,01,B01
201700024490,1,07,000,00,2,2,01,A01
201700024491,1,01,000,01,0,1,01,A01
201700024491,1,14,000,00,0,4,24,B01
201700024492,1,07,000,00,2,1,01,B01
201700024492,1,07,000,00,2,8,01,A01
201700024493,1,10,000,00,2,1,13,A01
201700024493,2,10,000,00,2,1,01,B01
201700024494,0,33,000,02,0,1,01,A01
201700024495,2,07,000,00,2,5,15,A01
201700024495,1,30,000,00,2,1,01,B01
201700024495,1,07,000,00,9,3,01,C01
201700024496,2,10,000,00,2,1,17,A01
201700024496,2,07,000,00,2,8,01,C01
201700024496,1,33,000,00,2,1,01,B01
201700024497,2,07,000,13,0,1,01,A01
201700024498,2,07,000,00,0,0,00,A01
201700024499,1,07,000,00,2,1,02,A01
201700024499,1,07,000,00,2,4,02,B01
201700024499,1,33,000,00,2,1,02,C01
201700024500,2,07,000,00,2,1,10,A01
201700024500,1,31,000,00,2,8,01,B01
201700024501,1,07,000,00,2,1,01,A01
201700024501,1,07,000,00,2,4,02,B01
201700024501,1,07,000,00,0,4,02,C01
201700024502,1,31,000,00,2,1,01,B01
201700024502,2,07,000,00,2,5,15,A01
201700024503,2,02,000,00,2,1,02,A01
201700024503,1,07,000,00,2,4,15,B01
201700024504,1,02,000,00,2,3,18,A01
201700024504,1,07,000,00,2,2,01,B01
201700024505,1,07,000,00,1,1,01,A01
201700024506,1,07,000,00,1,4,04,A01
201700024507,1,07,000,00,2,2,09,A01
201700024507,2,31,000,00,2,8,07,B01
201700024508,0,07,000,00,4,6,09,A01
201700024508,2,39,100,00,2,1,01,B01
201700024509,1,37,020,00,1,1,16,A01
201700024510,1,07,000,00,1,2,01,A01
201700024511,0,07,000,00,1,2,17,A01
201700024512,0,07,000,00,2,3,15,A01
201700024512,2,10,000,00,2,2,01,B01
201700024513,2,01,000,00,2,1,01,B01
201700024513,1,07,000,00,2,1,01,Z01
201700024514,1,07,000,00,2,3,09,A01
201700024514,1,01,000,00,2,7,01,B01
201700024515,0,07,000,00,2,3,17,A01
201700024515,0,07,000,00,2,1,01,B01
201700024515,0,07,000,00,2,8,01,C01
201700024516,0,07,000,00,2,3,15,A01
201700024516,0,31,000,00,2,1,17,B01
201700024517,0,07,000,00,2,1,01,A01
201700024517,0,07,000,00,2,7,13,B01
201700024518,1,31,000,00,2,1,17,A01
201700024518,1,07,000,00,2,8,15,B01
201700024519,2,01,000,00,2,1,01,B01
201700024519,1,07,000,00,2,1,15,A01
201700024520,1,07,000,00,2,1,07,A01
201700024520,2,07,000,00,2,1,15,B01
201700024520,1,07,000,00,2,7,01,C01
201700024521,0,07,000,00,2,1,00,A01
201700024521,0,07,000,00,2,8,01,B01
201700024522,1,07,000,00,1,1,01,A01
201700024523,2,07,000,00,2,1,01,A01
201700024523,2,07,000,00,2,4,01,B01
201700024523,2,07,000,00,2,9,01,C01
201700024524,1,07,000,15,0,1,01,A01
201700024525,2,07,000,00,2,1,01,A01
201700024525,1,01,000,00,2,7,15,B01
201700024526,0,07,000,00,2,2,01,A01
201700024526,0,02,000,00,2,1,01,B01
201700024527,1,15,000,00,2,8,01,A01
201700024527,1,07,000,00,2,9,01,B01
201700024527,1,10,000,00,2,4,01,C01
201700024527,1,07,000,00,2,4,01,D01
201700024528,0,07,000,00,1,1,01,A01
201700024529,0,03,000,00,2,1,16,A01
201700024529,0,01,000,00,2,1,19,B01
201700024530,0,10,000,00,2,4,02,A01
201700024530,1,07,000,00,2,1,02,B01
201700024531,1,07,000,00,2,2,16,A01
201700024531,0,37,020,00,2,3,01,B01
201700024532,0,10,000,00,1,4,04,A01
201700024533,2,07,000,00,1,1,01,A01
201700024534,1,33,000,00,2,1,01,A01
201700024534,1,07,000,00,2,4,01,B01
201700024535,1,02,000,16,0,7,01,A01
201700024536,0,07,000,00,2,5,10,A01
201700024536,0,33,000,00,2,1,01,B01
201700024537,1,07,000,00,2,1,13,A01
201700024537,2,07,000,00,2,1,01,B01
201700024538,1,07,000,00,2,7,15,A01
201700024538,2,01,000,00,2,0,01,B01
201700024539,1,07,000,00,2,3,01,A01
201700024539,1,31,000,00,2,2,01,B01
201700024540,0,07,000,00,2,3,19,A01
201700024540,0,02,000,00,2,1,01,B01
201700024541,2,31,000,00,2,8,01,B01
201700024541,1,10,000,00,2,2,00,A01
201700024542,1,07,000,00,0,4,02,C01
201700024542,1,10,000,00,2,1,02,A01
201700024542,1,07,000,00,2,4,02,B01
201700024543,0,01,000,00,2,0,00,A01
201700024543,1,10,000,00,2,0,00,Z01
201700024544,0,07,000,00,2,2,01,B01
201700024544,1,07,000,00,2,8,09,A01
201700024545,1,07,000,00,2,1,02,A01
201700024545,1,10,000,00,0,4,02,B01
201700024546,0,37,020,00,2,8,01,A01
201700024546,0,07,000,00,2,6,01,B01
201700024547,1,07,000,00,2,3,01,A01
201700024547,1,01,000,00,2,2,16,B01
201700024548,0,07,000,00,2,1,09,A01
201700024548,0,02,000,00,2,1,01,B01
201700024549,0,07,000,00,2,1,15,A01
201700024549,0,07,000,00,2,1,01,B01
201700024550,0,01,000,00,0,0,01,A01
201700024551,0,07,000,00,1,2,01,A01
201700024552,1,07,000,00,2,3,11,A01
201700024552,1,07,000,00,2,0,01,B01
201700024553,1,02,000,00,2,1,02,A01
201700024553,1,10,000,00,2,4,02,B01
201700024554,1,07,000,04,0,7,14,A01
201700024555,1,07,000,00,2,4,01,B01
201700024555,1,07,000,00,2,1,01,A01
201700024556,0,33,000,00,2,1,01,A01
201700024556,0,07,000,00,2,6,09,B01
201700024557,1,07,000,00,2,1,14,A01
201700024557,2,07,000,00,2,1,01,B01
201700024558,1,15,000,00,2,4,02,A01
201700024558,1,07,000,00,2,4,01,B01
201700024559,0,07,000,00,2,3,11,A01
201700024559,0,33,000,00,2,7,01,B01
201700024560,1,07,000,00,2,3,10,A01
201700024560,2,03,000,00,2,8,01,B01
201700024561,0,07,000,00,1,0,04,A01
201700024562,0,07,000,00,2,1,01,A01
201700024562,0,10,000,00,2,4,01,B01
201700024563,1,33,000,00,2,1,17,A01
201700024563,1,10,000,00,2,6,15,B01
201700024564,1,02,000,12,0,1,13,A01
201700024565,1,07,000,00,2,7,01,B01
201700024565,2,07,000,00,2,1,09,A01
201700024566,0,31,000,00,1,1,01,A01
201700024567,0,02,000,12,0,1,14,A01
201700024568,2,07,000,00,2,1,01,A01
201700024568,2,07,000,00,2,9,01,B01
201700024568,2,07,000,00,2,4,01,C01
201700024569,1,07,000,00,2,0,01,A01
201700024569,1,33,000,00,2,1,01,B01
201700024569,1,07,000,00,2,1,01,C01
201700024569,1,07,000,00,2,6,01,D01
201700024570,2,07,000,00,2,2,15,B01
201700024570,1,07,000,00,2,1,01,A01
201700024571,0,99,000,00,2,6,01,B01
201700024571,0,07,000,00,2,2,15,A01
201700024572,2,07,000,00,2,1,02,A01
201700024572,2,07,000,00,2,1,02,B01
201700024572,2,07,000,00,2,4,02,C01
201700024573,0,33,000,00,2,1,01,A01
201700024573,0,07,000,00,2,3,09,B01
201700024574,0,07,000,00,1,1,01,A01
201700024575,0,31,000,00,1,1,01,Z01
201700024576,1,07,000,00,2,4,02,A01
201700024576,1,07,000,00,2,4,01,B01
201700024576,1,07,000,00,0,0,00,C01
201700024577,2,10,000,00,2,1,05,A01
201700024577,2,07,000,00,2,1,01,B01
201700024578,1,07,000,03,0,1,13,A01
201700024579,1,33,000,00,2,1,03,A01
201700024579,1,07,000,00,2,6,02,B01
201700024580,1,37,020,00,1,1,01,A01
201700024581,1,07,000,00,1,1,01,A01
201700024582,1,10,000,00,2,3,09,A01
201700024582,0,33,000,00,2,2,01,B01
201700024583,0,31,000,00,2,1,00,A01
201700024583,0,07,000,00,2,4,00,B01
201700024584,2,07,000,00,2,4,01,A01
201700024584,2,07,000,00,2,1,02,Z01
201700024585,1,30,000,00,4,7,01,A01
201700024585,1,39,050,00,2,1,01,B01
201700024586,1,07,000,00,2,7,12,A01
201700024586,1,07,000,00,2,8,01,B01
201700024587,1,07,000,00,2,1,02,A01
201700024587,1,07,000,00,0,4,01,B01
201700024588,1,07,000,00,1,2,01,A01
201700024589,0,31,000,00,2,1,01,B01
201700024589,1,07,000,00,2,3,09,A01
201700024590,1,07,000,00,2,8,01,A01
201700024590,1,07,000,00,2,1,01,B01
201700024591,1,07,000,00,2,1,02,A01
201700024591,1,07,000,00,2,4,02,B01
201700024591,1,07,000,00,0,4,02,C01
201700024592,0,07,000,00,2,1,01,B01
201700024592,0,07,000,00,2,2,01,A01
201700024593,1,07,000,00,2,1,13,A01
201700024593,2,07,000,00,2,1,01,B01
201700024593,2,07,000,00,2,1,02,C01
201700024594,1,07,000,00,2,1,02,A01
201700024594,1,07,000,00,2,4,02,B01
201700024595,1,07,000,00,2,0,01,A01
201700024595,1,07,000,00,2,4,01,B01
201700024595,1,07,000,00,2,1,09,C01
201700024596,0,37,020,00,1,3,01,A01
201700024597,1,07,000,00,2,7,15,A01
201700024597,2,33,000,00,2,1,01,B01
201700024598,1,07,000,00,2,3,15,A01
201700024598,2,31,000,00,2,1,01,B01
201700024599,1,07,000,00,1,1,01,A01
201700024600,2,07,000,00,2,2,02,A01
201700024600,2,07,000,00,0,4,02,B01
201700024601,0,33,000,00,0,8,15,A01
201700024602,1,02,000,00,2,2,16,A01
201700024602,0,07,000,00,2,6,01,B01
201700024603,0,07,000,00,2,1,16,A01
201700024603,0,07,000,00,2,4,16,B01
201700024604,2,02,000,00,2,1,03,A01
201700024604,2,07,000,00,2,2,12,B01
201700024604,2,07,000,00,2,6,01,C01
201700024605,0,07,000,00,2,3,01,B01
201700024605,0,07,000,00,2,1,16,A01
201700024606,0,07,000,00,1,1,15,A01
201700024607,1,07,000,00,1,1,01,A01
201700024608,1,07,000,00,2,0,11,A01
201700024608,1,31,000,00,2,1,01,B01
201700024609,2,31,000,03,0,1,14,A01
201700024610,0,07,000,00,2,1,12,A01
201700024610,0,07,000,00,2,8,01,B01
201700024610,0,07,000,00,2,7,01,C01
201700024611,0,07,000,00,1,1,01,A01
201700024612,0,07,000,00,2,1,01,A01
201700024612,0,07,000,00,2,8,09,B01
201700024613,1,33,000,08,0,7,13,A01
201700024614,0,07,000,00,1,1,01,A01
201700024615,0,07,000,00,2,1,01,B01
201700024615,0,07,000,00,2,1,01,A01
201700024616,0,07,000,00,2,1,02,A01
201700024616,0,07,000,00,2,4,02,B01
201700024616,0,07,000,00,0,4,02,C01
201700024617,2,07,000,00,1,0,16,A01
201700024618,0,33,000,00,2,1,01,A01
201700024618,0,07,000,00,2,7,15,B01
201700024619,2,07,000,00,2,6,01,B01
201700024619,2,07,000,00,2,7,17,A01
201700024619,2,07,000,00,2,2,01,C01
201700024620,0,07,000,00,1,1,01,A01
201700024621,1,07,000,00,2,1,02,A01
201700024621,0,33,000,00,2,4,02,B01
201700024622,1,07,000,00,2,2,12,A01
201700024622,1,33,000,00,2,9,01,B01
201700024622,1,07,000,00,2,4,01,C01
201700024623,0,07,000,00,0,1,01,A01
201700024624,1,07,000,00,2,3,10,A01
201700024624,2,31,000,00,2,1,01,B01
201700024625,0,07,000,00,1,1,01,A01
201700024626,1,07,000,00,2,1,01,A01
201700024626,1,07,000,00,2,5,00,B01
201700024627,1,07,000,00,1,1,01,A01
201700024628,1,07,000,00,2,3,09,A01
201700024628,0,33,000,00,2,1,01,B01
201700024629,2,33,000,00,2,1,13,A01
201700024629,2,01,000,00,2,1,01,B01
201700024630,1,07,000,00,1,1,01,A01
201700024631,2,31,000,00,2,1,13,A01
201700024631,1,07,000,00,2,2,01,B01
201700024632,1,01,000,00,2,4,01,B01
201700024632,1,07,000,00,2,3,09,A01
201700024633,0,07,000,00,2,6,10,B01
201700024633,0,31,000,00,2,1,17,A01
201700024634,0,10,000,00,2,2,15,A01
201700024634,2,02,000,00,2,1,01,B01
201700024635,2,07,000,00,2,1,01,A01
201700024635,2,01,000,00,0,0,00,B01
201700024636,1,07,000,00,1,1,01,A01
201700024637,0,07,000,00,2,7,17,A01
201700024637,0,01,000,00,2,0,01,B01
201700024638,0,10,000,00,2,3,15,A01
201700024638,0,01,000,00,2,1,01,B01
201700024639,0,07,000,00,2,4,04,A01
201700024639,0,07,000,00,2,1,01,B01
201700024640,1,02,000,00,2,1,17,A01
201700024640,2,07,000,00,2,3,09,B01
201700024641,1,07,000,00,1,1,01,A01
201700024642,2,07,000,00,1,3,15,A01
201700024643,0,10,000,00,1,3,01,A01
201700024644,0,07,000,00,2,6,14,A01
201700024644,0,33,000,00,2,7,01,B01
201700024645,0,30,000,00,2,0,01,A01
201700024645,0,07,000,00,2,2,00,B01
201700024646,0,01,000,00,2,1,09,A01
201700024646,0,07,000,00,2,1,01,B01
201700024647,2,07,000,00,2,1,01,A01
201700024647,2,07,000,00,2,4,01,B01
201700024648,0,30,000,00,2,1,01,A01
201700024648,0,01,000,00,2,0,19,B01
201700024649,1,07,000,00,1,1,01,A01
201700024650,0,07,000,00,2,3,09,A01
201700024650,1,01,000,00,2,2,01,B01
201700024651,1,33,000,00,1,1,01,A01
201700024652,1,07,000,00,2,1,02,A01
201700024652,1,07,000,00,2,4,01,B01
201700024653,0,02,000,01,0,1,02,A01
201700024653,0,10,000,00,0,4,23,B01
201700024654,2,31,000,00,2,9,01,B01
201700024654,0,07,000,00,2,1,19,A01
201700024655,2,10,000,00,2,2,15,A01
201700024655,1,33,000,00,2,9,01,B01
201700024656,2,01,000,01,0,7,01,A01
201700024657,1,07,000,00,2,1,17,A01
201700024657,1,07,000,00,2,3,15,B01
201700024658,0,07,000,00,2,1,01,A01
201700024658,0,07,000,00,2,2,15,Z01
201700024659,1,07,000,00,2,1,05,A01
201700024659,2,07,000,00,2,1,01,B01
201700024660,1,07,000,00,1,1,01,A01
201700024661,1,02,000,00,2,1,00,A01
201700024661,0,07,000,00,2,1,01,B01
201700024662,2,07,000,00,2,6,10,A01
201700024662,2,07,000,00,2,1,01,B01
201700024663,1,07,000,00,2,1,02,A01
201700024663,1,10,000,00,2,4,02,B01
201700024664,2,33,000,00,2,1,01,B01
201700024664,1,07,000,00,2,3,15,A01
201700024665,1,07,000,00,2,7,01,A01
201700024665,1,07,000,00,2,3,09,B01
201700024666,1,07,000,00,2,1,01,A01
201700024666,2,07,000,00,2,1,15,B01
201700024667,0,07,000,00,2,7,12,A01
201700024667,0,33,000,00,2,8,01,B01
201700024668,1,07,000,14,0,1,01,A01
201700024669,1,07,000,00,2,1,02,A01
201700024669,1,07,000,00,2,4,01,B01
201700024670,1,07,000,00,0,4,01,C01
201700024670,1,07,000,00,2,1,11,A01
201700024670,1,07,000,00,2,1,02,B01
201700024671,1,01,000,00,2,2,01,B01
201700024671,1,07,000,00,2,3,09,A01
201700024672,1,01,000,00,2,1,01,A01
201700024672,0,07,000,00,2,3,16,B01
201700024673,1,31,000,03,0,7,14,A01
201700024674,1,07,000,04,0,2,13,A01
201700024675,1,07,000,00,2,3,13,A01
201700024675,2,07,000,00,2,8,01,B01
201700024676,0,33,000,00,0,8,03,A01
201700024677,0,07,000,00,2,1,15,A01
201700024677,0,31,000,00,2,1,01,B01
201700024678,1,07,000,00,1,1,01,Z01
201700024679,2,10,000,00,2,1,01,A01
201700024679,2,33,000,00,2,4,02,B01
201700024679,2,07,000,00,2,4,02,C01
201700024680,0,07,000,00,1,1,04,A01
201700024681,1,07,000,00,2,1,02,A01
201700024681,1,07,000,00,0,4,01,B01
201700024682,2,33,000,00,2,1,01,B01
201700024682,1,07,000,00,2,3,15,A01
201700024683,1,07,000,00,2,1,13,A01
201700024683,2,33,000,00,2,1,01,B01
201700024684,1,10,000,00,2,1,01,A01
201700024684,1,07,000,00,2,4,02,B01
201700024684,1,07,000,00,2,1,02,C01
201700024685,0,01,000,00,2,7,01,B01
201700024685,0,07,000,00,2,1,01,A01
201700024686,2,10,000,00,2,1,01,A01
201700024686,2,07,000,00,2,9,01,B01
201700024686,2,07,000,00,2,9,01,C01
201700024686,2,07,000,00,2,4,01,D01
201700024687,1,07,000,00,2,1,01,A01
201700024687,2,07,000,00,2,3,15,B01
201700024688,0,07,000,00,2,9,05,A01
201700024688,0,07,000,00,2,9,01,B01
201700024689,0,07,000,10,0,7,00,A01
201700024690,1,01,000,00,2,1,01,A01
201700024690,1,07,000,00,2,1,01,B01
201700024691,1,10,000,00,1,1,01,A01
201700024692,1,07,000,00,1,1,01,A01
201700024693,2,07,000,00,1,1,01,A01
201700024694,1,07,000,00,2,1,16,A01
201700024694,1,31,000,00,2,1,07,B01
201700024695,1,02,000,00,1,1,01,A01
201700024696,0,33,000,00,2,9,01,B01
201700024696,0,07,000,00,2,7,15,A01
201700024697,1,07,000,04,0,1,13,A01
201700024698,0,07,000,00,2,2,01,A01
201700024698,0,07,000,00,2,1,01,B01
201700024699,2,10,000,00,2,4,01,A01
201700024699,2,02,000,00,2,1,02,B01
201700024700,2,07,000,00,2,1,15,A01
201700024700,2,33,000,00,2,3,01,B01
201700024701,1,07,000,00,0,9,01,A01
201700024702,1,33,000,00,2,1,01,B01
201700024702,0,07,000,00,2,3,19,A01
201700024703,0,07,000,00,2,1,01,B01
201700024703,1,10,000,00,2,3,09,A01
201700024704,2,07,000,00,2,1,02,A01
201700024704,2,07,000,00,2,4,02,B01
201700024704,2,07,000,00,2,4,02,C01
201700024704,2,07,000,00,2,1,01,D01
201700024705,0,07,000,00,2,6,11,A01
201700024705,0,33,000,00,2,7,01,B01
201700024706,1,07,000,00,2,2,15,A01
201700024706,2,07,000,00,2,1,01,B01
201700024707,0,07,000,00,2,3,15,A01
201700024707,0,33,000,00,2,1,13,B01
201700024708,0,33,000,00,1,1,01,A01
201700024709,1,07,000,00,2,4,09,B01
201700024709,1,33,000,00,2,1,01,A01
201700024710,1,33,000,00,2,1,17,A01
201700024710,1,07,000,00,2,8,01,B01
201700024711,1,10,000,00,1,1,01,A01
201700024712,2,07,000,00,2,1,01,A01
201700024712,2,07,000,00,2,4,23,B01
201700024713,0,07,000,00,2,1,15,A01
201700024713,0,01,000,00,2,1,01,B01
201700024714,2,33,000,00,2,4,10,A01
201700024714,2,33,000,00,2,1,01,B01
201700024715,0,07,000,00,0,9,01,A01
201700024716,1,07,000,00,2,8,10,A01
201700024716,1,33,000,00,2,1,01,B01
201700024717,1,07,000,00,1,1,01,A01
201700024718,2,07,000,00,2,1,02,A01
201700024718,2,07,000,00,2,1,02,B01
201700024718,2,07,000,00,2,4,02,C01
201700024719,1,07,000,00,2,1,02,A01
201700024719,0,07,000,00,2,4,02,B01
201700024719,1,07,000,00,2,4,02,C01
201700024720,2,07,000,00,1,1,01,A01
201700024721,1,07,000,00,2,1,01,B01
201700024721,1,02,000,00,2,1,09,A01
201700024722,0,07,000,00,1,1,01,A01
201700024723,0,07,000,00,1,1,15,A01
201700024724,0,07,000,00,2,1,16,A01
201700024724,0,07,000,00,2,7,01,B01
201700024725,0,07,000,00,1,0,01,A01
201700024726,1,32,000,00,1,1,01,A01
201700024727,0,07,000,00,2,1,12,A01
201700024727,0,07,000,00,2,4,01,B01
201700024728,1,07,000,00,2,1,00,A01
201700024729,1,07,000,00,0,9,00,A01
201700024730,0,31,000,00,2,9,01,B01
201700024730,0,07,000,00,2,3,19,A01
201700024731,0,07,000,00,2,7,15,A01
201700024731,0,32,000,00,2,1,15,B01
201700024732,0,07,000,00,2,8,01,B01
201700024732,0,33,000,00,2,1,01,A01
201700024733,0,07,000,00,1,1,16,A01
201700024734,0,20,000,00,2,0,09,A01
201700024734,0,31,000,00,2,8,01,B01
201700024735,0,33,000,00,1,1,16,A01
201700024736,0,07,000,00,1,1,01,A01
201700024737,1,33,000,00,2,1,01,A01
201700024737,1,07,000,00,2,4,01,B01
201700024738,0,07,000,00,1,1,01,A01
201700024739,0,07,000,00,2,2,01,A01
201700024739,0,07,000,00,2,1,15,B01
201700024740,1,07,000,00,2,2,16,A01
201700024740,1,01,000,00,2,9,01,B01
201700024741,1,10,000,00,2,7,09,A01
201700024741,1,33,000,00,2,8,01,B01
201700024742,1,10,000,00,2,8,11,A01
201700024742,1,02,000,00,2,1,01,B01
201700024743,0,07,000,00,1,1,01,A01
201700024744,0,07,000,02,9,1,01,A01
201700024745,0,30,000,00,0,0,00,A01
201700024745,0,01,000,00,0,0,00,B01
201700024746,0,07,000,00,2,7,15,A01
201700024746,0,33,000,00,2,1,18,B01
201700024747,0,07,000,00,2,1,15,A01
201700024747,0,01,000,00,2,9,01,B01
201700024748,0,31,000,00,1,0,00,Z01
201700024749,0,07,000,00,2,2,16,A01
201700024749,0,02,000,00,2,9,01,B01
201700024750,0,10,000,00,2,3,12,A01
201700024750,0,02,000,00,2,7,01,B01
201700024751,0,07,000,00,2,8,14,A01
201700024751,0,33,000,00,2,7,01,B01
201700024752,0,07,000,00,2,3,01,B01
201700024752,0,07,000,00,2,7,01,C01
201700024752,0,07,000,00,2,3,09,A01
201700024753,0,07,000,00,1,3,15,A01
201700024754,0,07,000,00,2,9,01,A01
201700024754,0,07,000,00,2,5,01,B01
201700024755,0,07,000,00,2,1,01,A01
201700024755,0,07,000,00,2,4,01,B01
201700024756,0,07,000,00,2,2,01,B01
201700024756,0,02,000,00,2,1,09,A01
201700024757,0,07,000,00,2,3,13,A01
201700024757,0,07,000,00,2,3,13,B01
201700024758,1,02,000,00,2,8,17,A01
201700024758,0,07,000,00,2,7,01,B01
201700024759,1,07,000,00,2,1,15,A01
201700024759,2,31,000,00,2,1,01,B01
201700024760,2,31,000,16,0,7,01,A01
201700024761,0,10,000,00,2,1,01,A01
201700024761,0,07,000,00,2,4,01,B01
201700024762,2,07,000,00,1,1,01,A01
201700024763,1,33,000,00,2,7,01,A01
201700024763,2,10,000,00,2,1,15,Z01
201700024764,0,07,000,00,2,1,15,A01
201700024764,1,31,000,00,2,3,01,B01
201700024765,2,14,000,00,2,3,01,A01
201700024765,0,07,000,00,2,2,15,B01
201700024766,0,07,000,00,2,3,14,A01
201700024766,0,07,000,00,2,1,01,B01
201700024767,0,07,000,00,2,1,01,A01
201700024767,0,07,000,00,2,9,01,B01
201700024767,0,07,000,00,2,4,01,C01
201700024768,1,07,000,00,2,3,15,A01
201700024768,2,31,000,00,2,2,01,B01
201700024769,0,33,000,00,0,9,00,A01
201700024770,1,02,000,00,2,1,01,A01
201700024770,0,07,000,00,0,4,01,B01
201700024771,1,07,000,00,2,1,01,A01
201700024771,1,01,000,00,2,4,11,B01
201700024772,1,07,000,00,2,1,01,B01
201700024772,2,07,000,00,2,8,09,A01
201700024773,0,07,000,00,2,7,01,A01
201700024773,1,01,000,00,2,8,11,B01
201700024774,1,07,000,00,1,1,01,Z01
201700024775,1,33,000,00,2,7,01,A01
201700024775,1,07,000,00,0,0,00,B01
201700024776,0,07,000,00,2,2,01,B01
201700024776,0,01,000,00,2,1,19,A01
201700024777,1,07,000,00,1,0,00,Z01
201700024778,0,07,000,00,1,2,01,A01
201700024779,1,33,000,00,2,1,01,A01
201700024779,1,07,000,00,2,8,01,B01
201700024780,1,07,000,13,0,1,01,A01
201700024781,0,07,000,00,2,1,15,A01
201700024781,0,07,000,00,2,1,01,B01
201700024782,1,07,000,00,2,1,01,A01
201700024782,1,07,000,00,2,4,02,B01
201700024782,1,07,000,00,0,4,02,C01
201700024783,0,07,000,00,2,2,15,A01
201700024783,0,07,000,00,2,1,01,B01
201700024784,1,07,000,00,1,1,01,A01
201700024785,2,02,000,00,2,1,18,A01
201700024785,2,07,000,00,2,7,14,B01
201700024786,1,07,000,02,0,1,01,A01
201700024787,1,10,000,00,2,1,01,A01
201700024787,1,07,000,00,2,4,01,B01
201700024788,1,07,000,00,2,1,13,A01
201700024788,2,01,000,00,2,1,01,B01
201700024789,0,33,000,00,2,8,12,A01
201700024789,0,07,000,00,2,7,01,B01
201700024790,0,07,000,00,2,1,01,A01
201700024790,0,07,000,00,2,9,01,B01
201700024790,0,07,000,00,2,4,01,C01
201700024791,1,07,000,00,2,2,19,A01
201700024791,0,30,000,00,2,3,01,B01
201700024792,1,07,000,00,2,3,15,A01
201700024792,1,33,000,00,2,1,17,B01
201700024793,0,10,000,00,2,5,01,B01
201700024793,0,07,000,00,2,1,15,A01
201700024794,1,10,000,00,2,1,01,A01
201700024794,1,07,000,00,2,4,02,B01
201700024794,1,07,000,00,2,4,02,C01
201700024795,1,07,000,00,2,1,15,A01
201700024795,2,02,000,00,2,1,03,B01
201700024796,1,10,000,00,2,1,01,A01
201700024796,1,07,000,00,2,4,01,B01
201700024796,1,07,000,00,2,4,01,C01
201700024796,1,07,000,00,2,1,01,D01
201700024797,0,07,000,00,2,3,15,A01
201700024797,1,01,000,00,2,8,01,B01
201700024798,0,01,000,00,2,1,01,A01
201700024798,0,07,000,00,2,4,01,B01
201700024799,0,07,000,00,2,3,01,B01
201700024799,0,07,000,00,2,1,01,A01
201700024800,1,07,000,00,2,1,01,A01
201700024800,2,07,000,00,2,3,09,B01
201700024801,0,33,000,00,2,1,17,A01
201700024801,0,07,000,00,2,3,16,B01
201700024802,1,07,000,00,2,1,01,A01
201700024802,1,33,000,00,2,4,01,B01
201700024803,1,07,000,00,2,5,01,B01
201700024803,1,07,000,00,2,1,11,A01
201700024804,0,33,000,00,2,2,17,A01
201700024804,0,07,000,00,2,6,15,B01