Num_Acc,senc,catv,occutc,obs,obsm,choc,manv,num_veh
201700024805,1,07,000,00,2,1,01,B01
201700024805,1,02,000,00,2,8,09,A01
201700024806,2,07,000,00,2,3,22,A01
201700024806,2,01,000,00,2,1,01,B01
201700024807,2,14,000,00,2,1,01,A01
201700024807,2,07,000,04,2,4,01,B01
201700024807,2,10,000,00,2,4,01,C01
201700024807,2,07,000,00,2,4,01,D01
201700024807,2,10,000,00,2,4,01,E01
201700024807,2,10,000,00,2,4,01,F02
201700024808,1,07,000,00,1,1,01,A01
201700024809,1,07,000,00,2,1,02,A01
201700024809,1,07,000,00,2,4,01,B01
201700024810,0,07,000,00,2,3,15,A01
201700024810,0,07,000,00,2,1,01,B01
201700024811,1,07,000,00,2,7,15,A01
201700024811,2,33,000,00,2,1,01,B01
201700024812,2,17,000,00,2,1,01,B01
201700024812,2,07,000,00,2,8,11,A01
201700024813,2,07,000,00,1,1,01,A01
201700024814,1,01,000,00,2,1,01,A01
201700024814,1,38,000,00,2,4,01,B01
201700024815,1,33,000,00,2,1,01,A01
201700024815,1,07,000,00,2,7,09,B01
201700024816,1,14,000,00,2,2,12,A01
201700024816,1,07,000,00,2,6,01,B01
201700024817,0,02,000,00,2,1,00,A01
201700024817,0,31,000,00,2,1,01,B01
201700024818,0,33,000,00,2,1,01,A01
201700024818,0,07,000,00,2,4,01,B01
201700024819,0,07,000,00,2,4,01,A01
201700024819,0,01,000,00,2,1,01,B01
201700024820,1,07,000,00,2,1,15,A01
201700024820,2,33,000,00,2,1,01,B01
201700024821,0,07,000,01,9,9,13,A01
201700024822,1,07,000,00,2,8,10,A01
201700024822,1,31,000,00,2,1,01,B01
201700024823,0,31,000,00,2,1,13,A01
201700024823,0,10,000,00,2,1,01,B01
201700024824,1,10,000,02,0,9,00,A01
201700024825,2,07,000,01,2,1,01,A01
201700024825,2,07,000,00,2,4,01,B01
201700024826,1,07,000,00,2,1,02,A01
201700024826,1,07,000,00,2,4,02,B01
201700024827,1,07,000,00,2,2,10,A01
201700024827,2,31,000,00,2,1,01,B01
201700024828,1,02,000,00,2,1,01,B01
201700024828,1,07,000,00,2,1,01,A01
201700024829,1,07,000,00,2,1,15,A01
201700024829,2,01,000,00,2,8,19,B01
201700024830,1,33,000,00,2,1,03,A01
201700024830,1,07,000,00,2,5,01,B01
201700024830,1,07,000,00,2,5,01,C01
201700024830,1,07,000,00,2,6,01,D01
201700024831,2,07,000,00,2,8,15,A01
201700024831,2,33,000,00,2,1,17,B01
201700024832,1,07,000,00,1,3,08,Z01
201700024833,1,33,000,00,2,1,17,A01
201700024833,1,01,000,00,2,3,19,B01
201700024833,1,07,000,00,2,4,01,C01
201700024834,2,07,000,00,2,1,02,A01
201700024834,2,07,000,00,2,4,01,B01
201700024834,2,07,000,00,2,4,02,C01
201700024835,1,07,000,00,2,1,16,A01
201700024835,1,07,000,00,2,6,01,B01
201700024836,2,33,000,11,0,1,01,A01
201700024837,2,02,000,00,1,1,01,A01
201700024838,1,07,000,00,2,6,09,A01
201700024838,1,33,000,00,2,1,17,B01
201700024839,,07,000,00,2,7,16,A01
201700024839,,01,000,00,2,1,01,B01
201700024840,1,07,000,00,2,1,02,A01
201700024840,1,07,000,00,2,4,02,B01
201700024840,1,07,000,00,2,4,02,C01
201700024841,1,07,000,00,2,7,17,A01
201700024841,1,31,000,00,2,4,17,B01
201700024842,1,02,000,00,2,1,01,A01
201700024842,1,07,000,00,2,4,02,B01
201700024843,1,33,000,00,2,1,17,A01
201700024843,1,07,000,00,2,6,01,B01
201700024844,0,31,000,00,0,1,17,A01
201700024845,2,07,000,04,0,9,01,A01
201700024846,2,15,000,00,2,1,01,A01
201700024846,1,07,000,00,2,4,02,B01
201700024846,1,33,000,00,2,4,01,C01
201700024847,1,01,000,00,2,1,11,A01
201700024847,1,07,000,00,2,2,01,B01
201700024848,1,07,000,00,2,1,09,A01
201700024848,1,31,000,00,2,1,01,B01
201700024849,1,07,000,00,2,1,16,A01
201700024849,1,07,000,00,2,2,01,B01
201700024850,1,33,000,12,0,1,21,A01
201700024851,2,01,000,00,2,0,13,A01
201700024851,2,33,000,00,2,7,01,B01
201700024852,1,02,000,00,2,1,17,A01
201700024852,2,03,000,00,2,3,15,B01
201700024853,1,07,000,00,2,2,16,A01
201700024853,0,01,000,00,2,1,01,B01
201700024854,1,07,000,00,1,1,01,A01
201700024855,1,15,000,04,2,3,09,A01
201700024855,1,07,000,00,2,9,01,B01
201700024856,0,07,000,06,0,1,01,A01
201700024857,2,07,000,00,2,7,14,A01
201700024857,2,38,000,00,2,8,01,B01
201700024858,1,07,000,00,2,7,12,A01
201700024858,1,02,000,00,2,8,07,B01
201700024859,1,07,000,00,2,2,01,A01
201700024859,1,07,000,00,2,3,09,B01
201700024860,1,07,000,00,1,1,01,A01
201700024860,1,07,000,00,1,6,24,B01
201700024861,2,01,000,00,2,8,01,B01
201700024861,1,10,000,00,2,0,15,A01
201700024862,1,07,000,00,2,7,15,A01
201700024862,2,33,000,00,2,1,01,B01
201700024863,1,07,000,04,0,9,01,A01
201700024864,0,31,000,09,0,1,01,A01
201700024865,0,07,000,00,2,2,15,A01
201700024865,0,31,000,00,2,1,01,B01
201700024866,2,07,000,00,2,2,15,A01
201700024866,1,07,000,00,2,1,01,B01
201700024867,2,07,000,00,2,9,09,A01
201700024867,2,33,000,00,2,2,01,B01
201700024868,0,07,000,00,2,9,01,B01
201700024868,0,07,000,00,2,0,00,Z01
201700024869,2,07,000,00,2,9,01,A01
201700024869,2,07,000,00,2,1,01,B01
201700024870,1,07,000,00,1,1,01,A01
201700024871,0,33,000,00,1,0,01,A01
201700024872,0,33,000,00,1,1,01,A01
201700024873,0,07,000,00,2,1,01,B01
201700024873,0,02,000,00,2,7,01,A01
201700024874,1,07,000,00,2,4,23,A01
201700024874,1,33,000,14,0,1,01,B01
201700024875,2,01,000,00,1,1,01,A01
201700024876,2,07,000,00,2,0,00,A01
201700024876,2,07,000,00,2,9,01,B01
201700024876,2,10,000,00,2,1,01,C01
201700024877,0,07,000,00,2,4,01,A01
201700024877,0,07,000,00,2,1,01,Z01
201700024878,1,02,000,00,9,1,09,A01
201700024878,1,07,000,00,2,2,01,B01
201700024879,1,07,000,00,2,1,15,A01
201700024879,2,31,000,00,2,8,01,B01
201700024880,0,07,000,00,2,8,15,A01
201700024880,0,33,000,00,2,7,17,B01
201700024881,2,07,000,00,2,5,15,A01
201700024881,0,07,000,00,2,1,01,B01
201700024882,2,33,000,00,2,7,01,A01
201700024882,2,07,000,00,2,8,11,Z01
201700024883,2,14,000,04,0,7,01,A01
201700024884,1,07,000,00,1,8,01,A01
201700024885,1,07,000,00,2,1,02,A01
201700024885,1,07,000,00,2,4,02,B01
201700024886,0,07,000,00,2,2,15,A01
201700024886,0,01,000,00,2,4,01,B01
201700024887,0,13,000,00,2,2,01,A01
201700024887,0,33,000,00,2,4,01,B01
201700024888,1,07,000,00,2,1,01,A01
201700024888,2,07,000,00,2,1,01,B01
201700024889,0,07,000,00,1,0,04,Z01
201700024890,0,07,000,00,2,1,09,A01
201700024890,0,07,000,00,2,2,01,B01
201700024891,0,07,000,00,2,1,01,A01
201700024891,0,07,000,00,2,9,01,B01
201700024891,1,07,000,00,2,4,01,C01
201700024892,0,07,000,00,2,2,16,A01
201700024892,0,01,000,00,2,1,01,B01
201700024893,2,07,000,00,2,6,01,B01
201700024893,2,31,000,00,2,3,17,A01
201700024894,1,07,000,00,2,1,01,A01
201700024894,1,07,000,00,2,1,01,B01
201700024895,0,07,000,00,1,3,01,A01
201700024896,0,14,000,00,2,5,01,A01
201700024896,0,01,000,00,2,3,01,B01
201700024897,2,07,000,00,2,3,15,A01
201700024897,0,31,000,00,2,7,01,B01
201700024898,0,02,000,00,2,7,15,A01
201700024898,0,01,000,00,2,4,01,B01
201700024899,0,31,000,00,2,7,17,A01
201700024899,0,07,000,00,2,0,01,B01
201700024900,0,07,000,00,2,3,09,A01
201700024900,0,01,000,00,2,0,01,B01
201700024901,0,10,000,00,2,8,10,A01
201700024901,0,02,000,00,2,1,01,B01
201700024902,0,07,000,00,1,1,01,A01
201700024903,0,07,000,00,2,1,01,A01
201700024903,0,07,000,00,2,4,01,B01
201700024904,0,07,000,00,2,4,01,B01
201700024904,0,33,000,00,2,1,01,A01
201700024905,0,07,000,00,2,8,10,A01
201700024905,0,33,000,00,2,9,01,B01
201700024906,1,31,000,00,2,1,17,A01
201700024906,1,07,000,00,2,3,10,B01
201700024907,1,07,000,00,2,1,09,A01
201700024907,1,31,000,00,2,1,17,B01
201700024908,0,31,000,00,0,1,01,A01
201700024909,1,07,000,00,2,1,01,A01
201700024909,1,33,000,00,2,4,01,B01
201700024910,1,10,000,00,2,6,01,A01
201700024910,1,17,000,00,2,3,01,B01
201700024911,0,07,000,00,1,1,15,A01
201700024912,1,07,000,00,1,1,01,A01
201700024913,0,07,000,00,2,2,16,B01
201700024913,0,07,000,00,2,0,01,A01
201700024914,1,07,000,00,1,1,01,A01
201700024915,1,01,000,00,2,1,05,B01
201700024915,1,07,000,00,2,8,09,A01
201700024916,0,07,000,00,2,1,01,A01
201700024916,0,07,000,00,2,9,01,B01
201700024916,0,07,000,00,2,4,01,C01
201700024917,1,07,000,00,2,1,01,A01
201700024917,1,07,000,00,2,4,02,B01
201700024917,1,07,000,00,2,4,02,C01
201700024918,0,33,000,00,2,8,18,A01
201700024918,0,07,000,00,2,2,01,B01
201700024919,1,33,000,00,0,7,21,A01
201700024919,1,07,000,00,0,0,01,B01
201700024920,1,07,000,00,2,1,01,A01
201700024920,1,03,000,00,2,4,01,B01
201700024921,2,07,000,00,1,2,01,A01
201700024922,1,01,000,00,2,8,01,A01
201700024922,0,07,000,00,2,0,17,Z01
201700024923,0,02,000,00,2,7,17,A01
201700024923,0,10,000,00,2,3,15,B01
201700024924,1,01,000,00,2,1,01,B01
201700024924,1,07,000,00,2,2,15,A01
201700024925,1,01,000,00,2,7,01,B01
201700024925,1,07,000,00,2,1,00,Z01
201700024926,1,10,000,00,1,4,04,A01
201700024927,0,33,000,00,2,9,18,A01
201700024927,0,01,000,00,2,0,01,B01
201700024928,1,07,000,00,1,1,01,Z01
201700024929,1,33,000,00,2,1,17,A01
201700024929,1,07,000,00,2,1,01,B01
201700024929,2,07,000,00,2,6,01,C01
201700024930,1,33,000,00,2,1,01,A01
201700024930,1,07,000,00,2,4,01,Z01
201700024931,0,14,000,00,2,1,01,A01
201700024931,0,10,000,00,2,4,01,B01
201700024931,0,07,000,00,2,4,01,C01
201700024931,0,07,000,00,2,4,01,D01
201700024932,1,07,000,00,2,0,15,A01
201700024932,2,31,000,00,2,2,01,B01
201700024933,1,07,000,00,1,6,01,A01
201700024934,1,07,000,00,2,1,02,A01
201700024934,1,07,000,00,2,4,02,B01
201700024935,1,33,000,00,1,1,17,A01
201700024936,0,07,000,00,2,1,01,A01
201700024936,0,10,000,00,2,9,01,B01
201700024936,0,10,000,00,2,4,01,C01
201700024937,1,07,000,00,2,1,01,A01
201700024937,1,07,000,00,2,4,02,B01
201700024937,1,10,000,00,2,4,02,C01
201700024938,0,33,000,00,2,9,01,A01
201700024938,0,07,000,00,2,4,01,B01
201700024939,2,07,000,00,2,2,12,A01
201700024939,1,33,000,00,2,7,01,B01
201700024940,0,07,000,00,2,8,24,A01
201700024940,0,02,000,01,0,7,01,B01
201700024941,1,37,000,00,1,1,01,A01
201700024942,0,02,000,00,2,8,01,A01
201700024942,0,07,000,00,2,1,15,B01
201700024943,0,33,000,00,2,1,01,B01
201700024943,0,07,000,00,2,4,12,A01
201700024944,0,02,000,00,2,1,17,A01
201700024944,0,07,000,00,2,4,01,B01
201700024945,0,10,000,00,2,2,12,A01
201700024945,0,01,000,00,2,6,01,B01
201700024946,0,33,000,00,2,2,15,A01
201700024946,0,07,000,00,2,3,15,B01
201700024947,0,37,000,00,1,1,01,A01
201700024948,1,02,000,00,2,1,13,A01
201700024948,1,07,000,00,2,1,01,B01
201700024949,1,01,000,00,2,1,01,B01
201700024949,1,07,000,00,2,6,01,A01
201700024950,1,31,000,00,2,0,01,A01
201700024950,1,07,000,00,2,8,09,B01
201700024951,1,07,000,00,2,3,22,A01
201700024951,1,01,000,01,2,2,01,B01
201700024951,1,10,000,00,2,2,01,C01
201700024952,0,02,000,00,2,1,15,A01
201700024952,0,01,000,00,2,8,01,B01
201700024953,0,07,000,00,2,8,01,B01
201700024953,0,07,000,00,2,3,01,C01
201700024953,0,07,000,00,2,2,09,A01
201700024954,1,07,000,00,2,1,01,A01
201700024954,1,07,000,00,2,7,01,B01
201700024955,1,07,000,00,2,5,12,A01
201700024955,1,33,000,00,2,8,01,B01
201700024956,0,33,000,00,2,1,08,A01
201700024956,0,07,000,00,2,3,15,B01
201700024957,1,20,000,00,1,2,09,A01
201700024958,0,33,000,00,2,1,01,A01
201700024958,0,07,000,00,2,4,01,B01
201700024959,1,33,000,11,2,1,17,A01
201700024959,1,07,000,00,2,4,01,B01
201700024960,0,33,000,00,2,1,12,A01
201700024960,0,07,000,00,2,4,01,B01
201700024961,0,07,000,00,1,1,01,A01
201700024962,0,07,000,00,2,3,10,A01
201700024962,0,34,000,00,2,1,01,B01
201700024963,2,07,000,00,2,2,15,A01
201700024963,1,33,000,00,2,1,01,B01
201700024964,0,01,000,00,2,7,14,A01
201700024964,0,07,000,00,2,8,01,B01
201700024965,0,10,000,00,2,4,01,D01
201700024965,0,07,000,00,2,9,01,C01
201700024965,0,10,000,00,2,1,01,A01
201700024965,0,07,000,00,2,9,01,B01
201700024966,2,01,000,00,2,1,02,A01
201700024966,2,07,000,00,2,4,23,B01
201700024967,1,33,000,00,2,1,17,A01
201700024967,1,07,000,00,2,3,23,C01
201700024967,2,07,000,00,2,3,15,B01
201700024968,0,07,000,00,2,0,13,A01
201700024968,0,31,000,00,2,8,01,B01
201700024969,2,33,000,00,2,1,01,A01
201700024969,2,10,000,00,2,4,02,B01
201700024970,0,07,000,00,2,2,16,A01
201700024970,0,33,000,00,2,7,01,B01
201700024971,1,07,000,00,1,1,01,Z01
201700024972,0,31,000,00,2,7,08,A01
201700024972,0,37,000,00,2,3,15,B01
201700024973,0,33,000,04,0,1,01,A01
201700024974,0,33,000,04,0,1,01,A01
201700024975,1,07,000,00,1,1,16,A01
201700024976,0,07,000,00,2,1,15,A01
201700024976,0,01,000,00,2,1,01,B01
201700024977,0,02,000,14,0,1,21,A01
201700024978,1,07,000,14,0,1,14,A01
201700024979,1,20,000,09,0,7,16,A01
201700024980,1,07,000,00,2,8,11,A01
201700024980,1,31,000,00,2,2,01,B01
201700024981,0,07,000,05,0,5,01,A01
201700024982,2,07,000,00,2,2,10,A01
201700024982,2,33,000,00,2,1,01,B01
201700024983,1,07,000,00,2,3,15,A01
201700024983,1,32,000,00,2,1,01,B01
201700024984,0,07,000,00,2,1,15,A01
201700024984,0,02,000,00,2,9,01,B01
201700024985,1,07,000,00,2,4,01,C01
201700024985,1,07,000,00,2,3,01,B01
201700024985,1,07,000,00,2,1,01,A01
201700024986,0,33,000,00,0,9,01,A01
201700024987,0,33,000,00,2,1,01,B01
201700024987,0,07,000,00,2,2,15,A01
201700024988,2,01,000,00,2,1,08,A01
201700024988,1,10,000,00,2,2,15,B01
201700024989,1,33,000,00,2,3,03,A01
201700024989,1,07,000,00,2,6,12,B01
201700024990,1,07,000,00,1,2,17,A01
201700024991,0,07,000,08,0,9,01,A01
201700024992,1,07,000,00,2,9,01,A01
201700024992,1,10,000,00,2,1,01,B01
201700024993,1,07,000,00,2,3,13,A01
201700024993,1,34,000,00,2,1,17,B01
201700024994,1,10,000,00,2,3,09,A01
201700024994,1,31,000,00,2,1,01,B01
201700024995,1,07,000,00,2,8,01,A01
201700024995,1,33,000,00,2,1,16,B01
201700024996,1,07,000,00,2,2,16,A01
201700024996,1,33,000,00,2,1,01,B01
201700024997,0,07,000,00,2,4,01,B01
201700024997,0,07,000,00,2,1,01,A01
201700024998,2,07,000,10,0,9,01,A01
201700024999,2,10,000,00,2,4,23,A01
201700024999,2,01,000,00,2,0,01,B01
201700025000,0,10,000,00,2,1,01,A01
201700025000,0,07,000,00,2,9,01,B01
201700025000,0,07,000,00,2,4,01,C01
201700025001,0,10,000,00,2,0,17,A01
201700025001,0,01,000,00,2,8,15,B01
201700025002,0,31,000,00,2,1,07,A01
201700025002,0,07,000,00,2,2,09,B01
201700025003,1,07,000,00,2,8,15,A01
201700025003,1,33,000,00,2,1,17,B01
201700025004,1,10,000,08,0,1,14,A01
201700025005,1,07,000,00,2,3,09,A01
201700025005,1,31,000,00,2,1,01,B01
201700025006,1,07,000,00,2,4,04,A01
201700025006,1,02,000,00,2,8,01,B01
201700025007,1,07,000,00,2,1,02,A01
201700025007,1,07,000,00,2,4,02,B01
201700025008,1,02,000,00,2,1,01,B01
201700025008,1,02,000,00,2,1,01,A01
201700025009,1,07,000,00,1,4,04,A01
201700025010,1,07,000,00,2,4,02,A01
201700025010,1,07,000,00,2,1,23,B01
201700025011,1,07,000,00,2,1,01,A01
201700025011,1,07,000,00,2,3,23,B01
201700025012,1,02,000,00,2,1,15,A01
201700025012,1,10,000,00,2,1,01,B01
201700025013,1,07,000,00,2,6,23,A01
201700025013,1,07,000,01,0,2,01,B01
201700025014,2,07,000,14,0,9,01,A01
201700025015,2,10,000,00,2,1,01,A01
201700025015,1,07,000,00,2,4,23,B01
201700025015,1,07,000,00,2,4,23,C01
201700025016,1,33,000,00,2,1,01,A01
201700025016,1,07,000,00,2,4,01,B01
201700025017,0,10,000,00,2,3,19,A01
201700025017,0,02,000,00,2,1,01,B01
201700025018,2,07,000,00,2,3,09,A01
201700025018,2,33,000,00,2,1,15,B01
201700025019,1,07,000,00,2,5,15,A01
201700025019,2,33,000,00,2,1,01,B01
201700025020,1,07,000,00,2,0,09,A01
201700025020,1,01,000,00,2,7,01,B01
201700025021,2,07,000,00,2,1,01,A01
201700025021,2,07,000,00,2,4,01,B01
201700025022,2,07,000,00,2,1,01,A01
201700025022,2,07,000,00,2,4,01,B01
201700025023,0,01,000,00,2,1,05,A01
201700025023,0,07,000,00,2,8,16,B01
201700025024,1,33,000,00,2,1,17,A01
201700025024,1,07,000,00,2,6,02,B01
201700025025,1,31,000,10,0,1,01,A01
201700025026,2,33,000,00,2,1,01,B01
201700025026,1,10,000,00,2,1,15,A01
201700025027,1,07,000,12,0,1,01,A01
201700025028,2,07,000,00,2,1,02,A01
201700025028,2,07,000,00,2,4,02,B01
201700025028,2,07,000,00,2,4,02,C01
201700025028,2,07,000,00,2,4,02,D01
201700025029,1,07,000,00,2,2,15,A01
201700025029,2,07,000,00,2,1,01,B01
201700025030,2,02,000,00,2,1,01,B01
201700025030,1,07,000,00,2,1,15,A01
201700025031,0,07,000,00,2,1,01,B01
201700025031,0,07,000,00,2,3,16,A01
201700025032,1,34,000,00,1,1,07,A01
201700025033,2,07,000,00,2,1,01,A01
201700025033,2,07,000,00,2,4,01,B01
201700025034,0,07,000,00,1,0,00,Z01
201700025035,1,33,000,00,2,1,17,B01
201700025035,1,07,000,00,2,8,15,A01
201700025036,1,07,000,00,2,1,01,A01
201700025036,1,07,000,00,2,9,01,B01
201700025036,1,07,000,00,2,4,01,C01
201700025037,1,10,000,00,2,3,15,A01
201700025037,2,01,000,00,2,1,01,B01
201700025038,1,07,000,00,1,1,01,A01
201700025039,2,31,000,00,2,1,08,B01
201700025039,1,07,000,00,2,2,15,A01
201700025040,1,07,000,00,2,3,09,A01
201700025040,2,07,000,00,2,1,01,B01
201700025041,1,07,000,00,2,5,01,A01
201700025041,0,10,000,00,2,0,00,Z01
201700025042,1,31,000,00,1,1,01,A01
201700025043,1,31,000,00,2,4,23,B01
201700025043,1,32,000,00,2,1,02,A01
201700025044,0,07,000,00,2,2,01,A01
201700025044,1,07,000,00,2,3,09,B01
201700025045,0,10,000,00,1,1,01,A01
201700025046,1,07,000,00,1,1,09,A01
201700025047,0,33,000,00,2,1,01,A01
201700025047,0,07,000,00,2,4,01,B01
201700025048,1,07,000,00,2,1,01,A01
201700025048,1,07,000,00,2,4,02,B01
201700025048,1,07,000,00,2,4,02,C01
201700025048,1,07,000,00,2,4,02,D01
201700025048,1,07,000,00,2,4,02,E01
201700025049,0,10,000,00,2,1,01,A01
201700025049,0,07,000,00,2,4,01,B01
201700025050,1,07,000,00,2,2,15,A01
201700025050,2,02,000,00,2,1,01,B01
201700025051,2,02,000,00,2,1,15,A01
201700025051,0,07,000,00,2,3,01,B01
201700025052,1,31,000,00,2,3,15,A01
201700025052,1,07,000,00,2,2,01,B01
201700025053,1,07,000,00,2,1,09,B01
201700025053,1,07,000,00,2,2,09,A01
201700025054,1,07,000,00,2,8,15,B01
201700025054,1,07,000,00,2,1,17,A01
201700025055,1,02,000,00,2,1,14,A01
201700025055,2,07,000,00,2,8,09,B01
201700025056,2,10,000,00,2,1,01,A01
201700025056,2,07,000,00,2,4,02,B01
201700025056,2,07,000,00,2,4,02,C01
201700025056,2,07,000,00,2,4,02,D01
201700025056,2,07,000,00,2,4,01,E01
201700025056,2,07,000,00,2,4,02,F02
201700025057,0,07,000,08,0,1,01,A01
201700025058,0,07,000,00,0,9,01,A01
201700025059,1,31,000,00,2,1,17,A01
201700025059,1,07,000,00,2,3,15,B01
201700025060,0,31,000,00,2,1,17,A01
201700025060,0,07,000,00,2,4,01,B01
201700025061,0,07,000,00,2,0,00,Z01
201700025061,0,33,000,00,2,1,01,A01
201700025062,1,07,000,00,2,1,01,A01
201700025062,1,07,000,00,2,1,01,B01
201700025062,1,07,000,00,2,6,10,Z01
201700025063,1,07,000,00,2,1,18,A01
201700025063,2,07,000,00,2,7,09,B01
201700025064,2,07,000,00,2,8,01,B01
201700025064,1,33,000,00,1,1,01,A01
201700025065,1,14,000,00,2,1,01,A01
201700025065,1,07,000,00,2,9,01,B01
201700025066,0,01,000,00,2,8,01,B01
201700025066,0,07,000,00,2,1,15,A01
201700025067,1,07,000,00,2,2,15,A01
201700025067,2,33,000,00,2,1,01,B01
201700025068,1,07,000,00,2,1,01,C01
201700025068,1,07,000,00,2,9,01,B01
201700025068,1,07,000,00,2,1,01,Z01
201700025069,1,33,000,00,2,1,01,A01
201700025069,1,07,000,00,2,4,01,B01
201700025070,1,33,000,00,2,1,01,A01
201700025070,1,07,000,00,2,4,01,B01
201700025071,1,07,000,00,2,3,14,A01
201700025071,1,31,000,00,2,1,07,B01
201700025072,0,07,000,00,1,1,07,A01
201700025073,1,07,000,08,0,1,14,A01
201700025074,2,02,000,00,2,1,09,B01
201700025074,2,07,000,00,2,0,00,Z01
201700025075,1,07,000,00,2,1,09,A01
201700025075,1,07,000,00,2,1,01,B01
201700025076,1,07,000,00,2,0,16,B01
201700025076,1,07,000,00,2,1,16,A01
201700025077,1,07,000,00,2,1,15,A01
201700025077,2,31,000,00,2,1,01,B01
201700025078,1,10,000,00,1,3,15,A01
201700025079,1,07,000,00,1,1,15,A01
201700025080,1,07,000,00,0,9,16,A01
201700025081,1,33,000,00,2,1,01,B01
201700025081,1,07,000,00,2,8,10,A01
201700025082,1,33,000,00,1,1,17,A01
201700025083,1,07,000,00,1,2,16,A01
201700025084,1,07,000,00,1,1,01,A01
201700025085,2,07,000,00,2,1,02,A01
201700025085,2,07,000,00,2,4,02,B01
201700025085,2,07,000,00,2,6,02,C01
201700025085,2,10,000,00,2,3,01,D01
201700025086,1,07,000,00,2,6,01,B01
201700025086,1,07,000,00,2,9,12,A01
201700025087,1,01,000,00,2,3,09,A01
201700025087,1,10,000,00,2,1,01,B01
201700025088,2,07,000,00,2,7,15,B01
201700025088,1,07,000,00,2,1,19,A01
201700025088,2,07,000,00,2,7,01,C01
201700025089,1,33,000,00,0,0,01,B01
201700025089,1,01,000,00,0,0,09,A01
201700025090,1,07,000,00,1,1,01,A01
201700025091,2,07,000,00,0,9,16,A01
201700025092,1,07,000,00,1,3,15,A01
201700025093,1,07,000,00,2,2,15,A01
201700025093,2,33,000,00,2,1,01,B01
201700025094,1,07,000,00,2,4,01,C01
201700025094,1,07,000,00,2,1,01,A01
201700025094,1,07,000,00,2,9,01,B01
201700025095,2,07,000,00,2,3,01,B01
201700025095,1,07,000,00,2,3,13,A01
201700025096,1,31,000,00,2,1,01,Z01
201700025096,1,07,000,00,2,5,19,B01
201700025097,1,07,000,00,2,3,05,A01
201700025097,2,31,000,00,2,3,16,B01
201700025098,1,37,001,00,1,7,01,A01
201700025099,1,02,000,00,2,1,09,A01
201700025099,1,07,000,00,2,2,01,B01
201700025100,1,07,000,00,2,2,09,A01
201700025100,2,31,000,00,2,0,09,B01
201700025101,1,07,000,14,0,1,01,A01
201700025102,2,07,000,00,2,3,01,B01
201700025102,1,07,000,00,2,6,01,A01
201700025103,1,07,000,00,2,3,15,A01
201700025103,1,33,000,00,2,7,17,B01
201700025104,1,07,000,00,1,1,01,A01
201700025105,0,07,000,00,1,2,01,Z01
201700025106,1,07,000,00,2,2,09,B01
201700025106,1,07,000,00,2,3,01,A01
201700025106,2,07,000,00,2,8,01,C01
201700025107,1,07,000,00,2,6,11,B01
201700025107,1,33,000,00,2,1,03,A01
201700025108,1,31,000,00,2,1,18,A01
201700025108,1,07,000,00,2,7,23,B01
201700025109,2,07,000,00,2,4,02,B01
201700025109,2,07,000,00,2,1,02,A01
201700025109,2,07,000,00,2,4,02,C01
201700025110,1,07,000,00,2,6,01,B01
201700025110,1,07,000,00,2,2,13,A01
201700025111,2,07,000,00,2,3,01,B01
201700025111,2,02,000,00,2,1,13,A01
201700025112,1,07,000,00,1,1,01,A01
201700025113,2,07,000,00,2,4,02,B01
201700025113,2,07,000,00,2,1,02,A01
201700025114,1,33,000,00,2,1,01,A01
201700025114,1,07,000,00,2,4,11,B01
201700025115,1,07,000,00,1,1,15,A01
201700025116,2,31,000,00,2,1,01,B01
201700025116,1,07,000,00,2,3,15,A01
201700025117,1,07,000,00,1,1,09,A01
201700025118,1,07,000,00,0,9,00,A01
201700025119,2,07,000,00,2,2,15,B01
201700025119,1,01,000,00,2,1,01,A01
201700025120,2,07,000,00,9,9,01,A01
201700025121,1,07,000,00,2,1,01,A01
201700025121,2,02,000,00,2,1,05,B01
201700025122,1,07,000,00,0,1,15,A01
201700025123,1,07,000,00,2,2,01,D01
201700025123,1,07,000,00,2,7,15,A01
201700025123,1,07,000,00,2,1,01,C01
201700025123,2,07,000,00,2,1,01,B01
201700025124,2,07,000,00,1,2,01,A01
201700025125,0,07,000,06,0,2,02,A01
201700025126,0,07,000,00,2,3,01,B01
201700025126,0,30,000,00,2,1,01,A01
201700025127,2,33,000,00,0,0,01,A01
201700025128,2,07,000,00,0,3,01,B01
201700025128,1,33,000,00,2,1,11,A01
201700025129,2,07,000,00,0,0,00,A01
201700025130,1,07,000,16,0,0,17,A01
201700025131,1,07,000,00,2,3,13,A01
201700025131,2,07,000,00,2,1,01,B01
201700025132,1,07,000,00,2,1,01,B01
201700025132,2,10,000,00,2,1,17,A01
201700025133,1,07,000,13,0,9,14,A01
201700025134,2,02,000,12,0,7,00,A01
201700025135,0,07,000,00,1,5,04,A01
201700025136,1,01,000,00,0,0,01,A01
201700025137,2,07,000,13,0,1,00,A01
201700025138,1,10,000,00,2,1,02,A01
201700025138,1,14,000,00,2,4,02,B01
201700025139,0,07,000,00,2,1,15,A01
201700025139,0,07,000,00,2,2,01,B01
201700025140,1,07,000,02,0,1,01,A01
201700025141,1,33,000,00,0,8,01,A01
201700025142,2,07,000,00,0,2,19,A01
201700025142,1,07,000,07,2,1,01,B01
201700025143,2,07,000,00,0,9,01,A01
201700025144,1,07,000,00,2,1,13,A01