Num_Acc,senc,catv,occutc,obs,obsm,choc,manv,num_veh
201700025521,2,33,000,00,2,1,02,A01
201700025522,2,02,000,00,0,7,01,A01
201700025523,1,07,000,13,0,1,17,A01
201700025524,2,33,000,13,0,1,16,A01
201700025525,0,07,000,00,0,9,01,A01
201700025526,0,07,000,00,1,2,01,A01
201700025527,1,07,000,00,2,1,15,A01
201700025527,1,01,000,00,2,1,01,B01
201700025528,1,07,000,00,1,1,15,A01
201700025529,2,10,000,00,1,3,01,A01
201700025530,1,07,000,00,2,3,15,A01
201700025530,2,07,000,08,2,3,01,B01
201700025531,2,10,000,00,1,4,04,A01
201700025532,2,07,000,00,1,1,00,A01
201700025533,2,07,000,00,2,8,13,A01
201700025533,2,33,000,00,2,2,17,B01
201700025534,2,07,000,00,2,1,01,B01
201700025534,1,07,000,00,1,5,15,A01
201700025535,1,10,000,00,2,8,01,B01
201700025535,1,07,000,00,2,1,01,C01
201700025535,2,07,000,00,2,8,13,A01
201700025536,2,07,000,00,2,0,00,B01
201700025536,2,02,000,00,0,0,00,A01
201700025536,1,07,000,00,2,1,00,C01
201700025537,2,07,000,00,2,4,10,B01
201700025537,2,33,000,00,2,1,01,A01
201700025538,2,07,000,00,2,0,17,A01
201700025538,2,01,000,00,2,8,15,B01
201700025539,2,07,000,00,0,0,18,Z01
201700025539,2,30,000,12,2,7,01,A01
201700025540,1,30,000,00,2,1,01,A01
201700025540,0,31,000,00,2,8,00,B01
201700025541,1,07,000,00,1,3,01,A01
201700025542,1,07,000,00,2,2,20,A01
201700025542,1,30,000,00,2,1,01,B01
201700025543,1,07,000,00,2,3,15,B01
201700025543,1,37,005,00,2,3,01,A01
201700025544,2,33,000,12,0,1,01,A01
201700025545,2,07,000,00,2,7,15,A01
201700025545,1,33,000,00,2,1,01,B01
201700025546,2,07,000,00,9,1,15,A01
201700025546,1,01,000,00,2,6,01,B01
201700025547,2,07,000,00,2,6,10,B01
201700025547,2,31,000,00,2,1,01,A01
201700025548,2,07,000,00,2,3,01,C01
201700025548,2,07,000,00,2,1,17,A01
201700025548,1,07,000,00,2,9,01,B01
201700025549,2,07,000,00,2,2,01,A01
201700025549,1,33,000,00,2,3,01,B01
201700025550,1,01,000,00,1,1,01,A01
201700025551,1,07,000,01,0,1,14,A01
201700025552,1,02,000,00,2,1,01,B01
201700025552,1,07,000,00,2,8,09,A01
201700025553,2,07,000,01,2,8,01,B01
201700025553,2,07,000,00,2,1,01,A01
201700025554,2,10,000,00,2,3,13,A01
201700025554,2,33,000,00,2,8,17,B01
201700025555,2,31,000,00,2,1,01,B01
201700025555,2,07,000,00,2,8,13,A01
201700025556,1,33,000,00,2,7,13,B01
201700025556,2,07,000,00,2,3,13,A01
201700025557,1,07,000,15,2,3,01,B01
201700025557,2,07,000,00,2,3,13,A01
201700025558,1,33,000,00,2,1,01,B01
201700025558,1,10,000,00,2,8,10,A01
201700025559,1,07,000,00,2,8,01,B01
201700025559,1,30,000,00,2,1,01,A01
201700025560,1,02,000,04,2,0,01,B01
201700025560,2,07,000,00,2,1,15,A01
201700025561,1,32,000,00,2,5,01,A01
201700025561,1,07,000,00,2,1,09,B01
201700025562,1,07,000,00,2,1,01,B01
201700025562,1,01,000,00,2,8,01,A01
201700025563,1,07,000,00,2,3,13,A01
201700025563,1,07,000,00,2,3,01,B01
201700025564,1,07,000,08,0,9,01,A01
201700025565,2,07,000,00,2,3,01,B01
201700025565,1,07,000,00,2,3,05,A01
201700025566,1,33,000,08,0,0,01,A01
201700025567,2,02,000,00,0,0,00,A01
201700025568,1,01,000,00,0,4,01,B01
201700025568,1,03,000,05,2,1,02,A01
201700025569,2,33,000,12,0,3,13,A01
201700025570,2,07,000,00,2,3,01,C01
201700025570,1,07,000,00,2,3,01,A01
201700025570,2,02,000,00,2,1,17,B01
201700025571,2,33,000,00,2,1,17,A01
201700025571,2,07,000,00,2,8,15,B01
201700025572,2,33,000,00,2,8,01,A01
201700025572,1,07,000,00,2,3,13,B01
201700025573,1,07,000,00,2,3,01,B01
201700025573,2,33,000,00,2,1,13,A01
201700025574,2,30,000,00,1,0,01,A01
201700025575,1,07,000,00,1,2,01,A01
201700025576,2,33,000,06,0,1,14,A01
201700025577,0,07,000,01,0,3,01,A01
201700025578,1,10,000,13,0,3,13,A01
201700025579,1,07,000,15,0,9,01,A01
201700025580,1,07,000,00,0,7,16,A01
201700025580,2,33,000,00,2,1,01,B01
201700025581,1,07,000,00,1,3,15,A01
201700025582,2,07,000,00,2,1,01,A01
201700025582,1,07,000,00,0,8,15,B01
201700025583,2,07,000,00,1,1,01,A01
201700025584,1,33,000,00,2,1,01,B01
201700025584,2,07,000,00,0,2,15,A01
201700025585,2,07,000,00,1,1,01,Z01
201700025586,2,07,000,00,2,1,01,B01
201700025586,1,07,000,00,2,1,15,A01
201700025587,1,07,000,00,1,1,01,A01
201700025587,2,07,000,00,0,1,17,B01
201700025588,1,33,000,00,2,1,01,B01
201700025588,1,07,000,00,0,1,15,A01
201700025589,2,10,000,00,2,4,00,A01
201700025589,2,31,000,00,2,1,01,B01
201700025590,1,07,000,00,0,1,23,C01
201700025590,2,10,000,00,2,1,01,A01
201700025590,0,07,000,00,0,1,15,B01
201700025591,1,07,000,00,2,3,15,B01
201700025591,2,33,000,00,2,1,01,A01
201700025592,2,02,000,00,2,1,01,B01
201700025592,1,07,000,00,0,2,15,A01
201700025593,1,07,000,00,0,0,17,Z01
201700025593,1,01,000,00,2,1,01,B01
201700025594,2,03,000,00,1,1,01,B01
201700025594,2,07,000,00,2,1,01,A01
201700025595,2,33,000,00,2,1,01,A01
201700025595,2,07,000,00,2,1,15,B01
201700025596,2,07,000,00,1,1,01,A01
201700025597,1,07,000,00,1,1,01,A01
201700025598,2,07,000,00,2,1,01,B01
201700025598,1,07,000,00,0,7,13,Z01
201700025599,2,07,000,00,1,2,01,Z01
201700025600,1,07,000,00,0,1,15,A01
201700025600,2,33,000,00,2,1,03,B01
201700025601,1,10,000,00,1,1,01,A01
201700025602,2,07,000,09,0,0,00,A01
201700025603,2,02,000,00,2,1,01,B01
201700025603,2,07,000,00,2,5,00,A01
201700025604,2,40,140,00,2,1,01,B01
201700025604,2,13,000,00,0,1,10,A01
201700025605,1,07,000,00,1,2,01,A01
201700025606,1,30,000,16,0,1,00,A01
201700025607,2,33,000,00,2,1,01,B01
201700025607,0,07,000,00,0,8,15,A01
201700025608,1,07,000,00,1,1,15,A01
201700025609,2,37,030,00,1,1,15,A01
201700025610,2,07,000,00,0,8,15,B01
201700025610,2,07,000,00,2,1,01,A01
201700025611,1,07,000,00,2,1,19,A01
201700025611,2,07,000,00,0,7,01,B01
201700025612,1,07,000,00,1,1,15,A01
201700025613,1,07,000,00,0,1,01,B01
201700025613,1,07,000,00,2,1,16,A01
201700025614,2,07,000,00,0,1,01,A01
201700025614,2,10,000,00,2,1,15,B01
201700025615,1,31,000,00,0,0,01,A01
201700025616,2,07,000,00,1,1,01,A01
201700025617,2,07,000,00,1,2,15,A01
201700025618,1,07,000,00,1,1,01,A01
201700025619,1,10,000,00,1,1,01,A01
201700025620,1,07,000,00,1,0,00,A01
201700025621,1,07,000,00,2,3,16,A01
201700025621,1,02,000,00,2,0,00,B01
201700025622,2,07,000,00,0,1,15,B01
201700025622,1,33,000,00,2,1,01,A01
201700025623,2,31,000,00,1,1,01,A01
201700025624,1,07,000,00,1,0,01,A01
201700025625,0,07,000,00,0,5,04,A01
201700025625,1,02,000,00,2,9,21,B01
201700025626,2,07,000,00,2,1,15,A01
201700025626,1,02,000,00,0,8,01,B01
201700025627,2,07,000,00,1,1,01,A01
201700025628,2,07,000,00,1,1,01,A01
201700025629,1,13,000,00,1,1,01,A01
201700025630,1,07,000,01,0,1,01,A01
201700025631,2,34,000,00,2,7,01,A01
201700025631,2,07,000,00,2,3,01,B01
201700025632,2,10,000,03,0,0,01,A01
201700025633,1,07,000,00,0,3,01,B01
201700025633,1,30,000,00,2,8,01,A01
201700025634,1,07,000,00,1,1,01,A01
201700025635,1,07,000,00,1,1,01,A01
201700025635,2,07,000,00,2,1,01,B01
201700025636,1,31,000,00,1,1,01,A01
201700025637,1,07,000,00,1,0,01,Z01
201700025638,1,07,000,00,1,1,01,A01
201700025639,2,07,000,00,1,1,01,Z01
201700025640,1,34,000,00,0,1,01,B01
201700025640,2,07,000,00,2,0,12,Z01
201700025641,1,07,000,00,2,3,15,A01
201700025641,1,33,000,00,2,1,17,B01
201700025642,1,01,000,00,0,8,05,B01
201700025642,2,07,000,00,2,1,16,A01
201700025643,2,37,050,00,1,3,01,A01
201700025644,2,40,080,00,1,1,01,A01
201700025645,2,01,000,00,1,1,01,A01
201700025646,2,01,000,00,2,4,01,A01
201700025646,0,07,000,00,2,1,00,Z01
201700025647,1,01,000,00,0,8,01,A01
201700025647,1,32,000,00,2,7,01,B01
201700025648,2,07,000,00,1,4,04,A01
201700025649,2,31,000,00,2,1,03,B01
201700025649,2,07,000,00,2,3,15,A01
201700025650,2,10,000,00,1,0,01,A01
201700025651,2,07,000,01,2,2,01,A01
201700025651,2,01,000,00,0,4,01,B01
201700025652,0,07,000,00,0,8,15,B01
201700025652,1,07,000,00,2,1,01,A01
201700025653,1,07,000,00,1,1,01,A01
201700025654,2,01,000,00,2,1,01,A01
201700025654,1,07,000,00,2,7,15,Z01
201700025655,2,32,000,00,2,1,05,A01
201700025655,1,07,000,00,0,1,01,B01
201700025656,1,01,000,00,2,1,01,A01
201700025656,2,07,000,00,0,3,15,B01
201700025657,2,30,000,00,2,0,01,A01
201700025657,2,07,000,00,0,1,01,B01
201700025658,1,14,000,00,2,1,16,A01
201700025658,1,01,000,00,0,3,19,B01
201700025659,1,33,000,01,2,2,01,B01
201700025659,1,07,000,00,0,3,15,A01
201700025660,1,30,000,00,1,7,01,A01
201700025661,2,07,000,00,1,8,01,A01
201700025662,1,07,000,00,2,8,01,A01
201700025662,2,01,000,00,0,1,01,B01
201700025662,2,07,000,00,0,1,01,C01
201700025663,1,40,080,00,1,2,01,A01
201700025664,2,32,000,00,2,1,03,B01
201700025664,2,07,000,00,2,8,10,A01
201700025665,1,07,000,05,2,3,16,A01
201700025665,1,07,000,00,0,2,01,B01
201700025666,2,37,010,00,1,7,16,A01
201700025667,2,10,000,00,1,3,16,A01
201700025668,1,07,000,00,0,3,05,A01
201700025668,1,07,000,00,2,2,01,B01
201700025669,2,40,140,00,1,1,01,A01
201700025670,1,07,000,00,1,2,01,A01
201700025671,2,07,000,00,2,1,01,B01
201700025671,2,07,000,14,0,8,01,A01
201700025672,1,07,000,00,1,3,01,A01
201700025673,2,07,000,00,2,7,17,Z01
201700025673,2,01,000,00,0,8,01,A01
201700025674,2,07,000,00,2,2,10,A01
201700025674,2,31,000,00,0,8,01,B01
201700025675,2,40,150,00,1,2,01,A01
201700025676,1,40,120,00,2,1,01,A01
201700025676,1,01,000,00,0,4,19,B01
201700025677,1,40,150,00,1,1,01,A01
201700025678,2,07,000,00,2,2,01,B01
201700025678,2,07,000,00,2,2,14,A01
201700025679,1,07,000,00,2,2,16,A01
201700025679,1,07,000,00,0,2,01,B01
201700025680,2,03,000,00,2,1,01,A01
201700025680,1,15,000,00,0,6,01,B01
201700025681,1,07,000,00,2,1,01,A01
201700025681,1,07,000,00,0,2,01,B01
201700025682,1,10,000,00,2,1,02,A01
201700025682,1,07,000,00,0,4,01,B01
201700025683,2,07,000,00,1,3,15,A01
201700025684,2,02,000,00,1,1,01,A01
201700025685,2,07,000,00,1,1,15,A01
201700025686,1,07,000,00,2,1,01,A01
201700025686,0,07,000,00,0,2,01,B01
201700025687,1,31,000,00,1,3,01,A01
201700025688,2,30,000,00,2,1,01,B01
201700025688,2,07,000,00,2,2,15,A01
201700025689,2,07,000,00,0,7,01,B01
201700025689,2,07,000,09,2,1,01,A01
201700025690,2,07,000,00,0,8,01,A01
201700025690,1,07,000,00,2,2,01,B01
201700025691,1,07,000,00,0,2,15,A01
201700025691,2,01,000,00,2,1,01,B01
201700025692,2,07,000,00,2,1,15,A01
201700025692,1,30,000,00,0,3,16,B01
201700025693,1,07,000,00,2,1,01,A01
201700025693,1,07,000,00,0,8,01,B01
201700025694,2,07,000,00,1,1,16,A01
201700025695,2,02,000,01,1,1,01,A01
201700025696,1,02,000,00,2,1,01,A01
201700025696,1,07,000,00,2,1,01,B01
201700025697,1,07,000,00,0,1,15,A01
201700025697,2,31,000,00,2,1,03,B01
201700025698,1,33,000,00,1,1,01,A01
201700025699,1,07,000,00,2,1,01,B01
201700025699,2,07,000,00,0,1,15,A01
201700025700,1,30,000,00,2,2,01,A01
201700025700,1,07,000,00,0,7,01,B01
201700025701,1,07,000,00,9,1,00,Z01
201700025701,1,01,000,00,2,1,01,Y01
201700025702,1,07,000,00,1,1,01,A01
201700025703,1,30,000,00,0,1,01,B01
201700025703,1,07,000,08,2,1,01,A01
201700025704,1,07,000,00,2,1,13,A01
201700025704,2,07,000,00,2,1,01,B01
201700025705,1,07,000,15,2,1,13,A01
201700025705,1,07,000,00,0,1,23,B01
201700025706,2,33,000,00,0,3,01,B01
201700025706,1,07,000,00,2,2,01,A01
201700025707,2,14,000,00,1,1,16,A01
201700025708,1,07,000,00,1,1,01,A01
201700025709,2,07,000,00,1,2,01,A01
201700025710,1,07,000,00,0,4,23,D01
201700025710,1,07,000,00,2,4,23,C01
201700025710,1,07,000,00,2,4,23,B01
201700025710,1,10,000,00,2,1,02,A01
201700025711,0,07,000,00,0,8,19,A01
201700025711,2,33,000,00,2,2,17,B01
201700025712,2,07,000,00,0,4,23,A01
201700025712,2,03,000,00,0,4,23,B01
201700025712,2,10,000,00,2,1,01,Z01
201700025713,2,07,000,00,2,5,15,A01
201700025713,2,33,000,00,2,8,01,B01
201700025714,2,07,000,00,2,1,15,B01
201700025714,2,33,000,00,2,1,01,A01
201700025715,1,10,000,00,2,7,16,A01
201700025715,1,33,000,00,2,8,01,B01
201700025716,2,07,000,00,1,1,01,A01
201700025717,1,07,000,00,1,1,01,A01
201700025718,1,33,000,00,2,1,01,B01
201700025718,1,07,000,00,2,3,15,A01
201700025719,1,07,000,00,4,8,01,A01
201700025719,2,40,010,00,2,1,01,B01
201700025720,1,07,000,00,2,1,13,A01
201700025720,2,07,000,00,0,1,01,B01
201700025721,2,07,000,00,1,1,01,A01
201700025722,2,02,000,00,2,7,01,B01
201700025722,2,07,000,00,2,1,01,A01
201700025723,2,10,000,00,1,7,01,A01
201700025724,1,07,000,00,2,1,15,A01
201700025724,1,33,000,00,0,1,01,B01
201700025725,2,33,000,00,1,1,01,A01
201700025726,1,01,000,00,0,0,01,A01
201700025726,1,07,000,00,2,1,01,B01
201700025727,0,34,000,14,2,0,17,A01
201700025727,0,07,000,00,0,3,01,B01
201700025728,1,10,000,00,1,1,01,A01
201700025729,2,37,010,00,1,2,01,A01
201700025730,1,07,000,00,1,2,01,A01
201700025731,1,07,000,01,0,8,01,A01
201700025732,1,33,000,00,2,1,17,A01
201700025732,1,07,000,00,2,3,10,B01
201700025733,2,07,000,00,1,3,01,A01
201700025734,1,34,000,00,2,5,01,B01
201700025734,0,07,000,00,0,0,00,Z01
201700025735,1,07,000,00,2,3,15,A01
201700025735,1,33,000,00,2,2,17,B01
201700025736,2,07,000,00,2,6,16,B01
201700025736,2,07,000,00,2,2,16,A01
201700025737,2,33,000,00,2,1,01,B01
201700025737,2,01,000,00,0,1,05,A01
201700025738,1,07,000,00,2,3,01,A01
201700025738,1,07,000,00,0,7,01,B01
201700025739,2,07,000,00,1,1,01,A01
201700025740,2,07,000,00,2,1,01,B01
201700025740,2,07,000,00,2,1,15,A01
201700025741,2,07,000,01,2,1,01,A01
201700025742,1,40,200,00,2,1,01,A01
201700025742,2,07,000,00,0,6,15,B01
201700025743,1,07,000,09,0,1,01,A01
201700025744,2,33,000,00,2,8,15,B01
201700025744,2,07,000,00,2,1,01,A01
201700025745,1,01,000,00,0,1,01,B01
201700025745,2,07,000,00,2,3,01,A01
201700025746,2,07,000,00,0,3,16,B01
201700025746,2,01,000,00,2,1,01,A01
201700025747,2,07,000,08,1,2,01,A01
201700025748,2,30,000,00,2,1,01,B01
201700025748,2,07,000,00,2,3,01,A01
201700025749,2,07,000,00,2,1,15,B01
201700025749,1,32,000,00,2,0,01,A01
201700025750,1,07,000,00,1,1,01,B01
201700025750,2,07,000,00,2,1,01,A01
201700025751,2,07,000,00,2,1,01,A01
201700025751,2,07,000,00,0,8,15,B01
201700025752,2,07,000,00,2,1,01,A01
201700025752,2,07,000,08,0,8,01,B01
201700025753,1,01,000,00,1,1,16,Z01
201700025754,1,30,000,00,0,1,01,B01
201700025754,2,07,000,00,2,1,01,A01
201700025755,2,07,000,00,2,8,01,B01
201700025755,2,02,000,00,2,1,01,A01
201700025756,1,33,000,00,2,1,01,A01
201700025756,1,07,000,00,2,4,01,C01
201700025756,1,02,000,00,2,5,01,B01
201700025757,2,07,000,00,1,1,01,A01
201700025758,2,30,000,00,2,1,01,A01
201700025758,2,07,000,00,2,1,01,B01
201700025759,2,01,000,00,0,2,01,B01
201700025759,1,07,000,00,2,1,15,A01
201700025760,1,40,060,00,2,1,01,B01
201700025760,1,07,000,00,4,7,01,A01
201700025761,2,07,000,00,2,1,01,A01
201700025761,2,07,000,03,0,4,01,B01
201700025762,1,33,000,07,0,0,01,A01
201700025763,2,07,000,00,0,3,01,B01
201700025763,0,07,000,00,2,1,01,A01
201700025764,2,07,000,00,2,1,01,B01
201700025764,1,07,000,00,2,1,01,A01
201700025765,1,07,000,00,0,7,01,A01
201700025765,2,15,000,00,2,1,01,B01
201700025766,1,07,000,00,1,1,01,A01
201700025767,1,07,000,00,2,4,01,B01
201700025767,1,07,000,00,2,1,01,A01
201700025767,1,07,000,00,0,4,01,C01
201700025768,1,31,000,00,2,1,01,B01
201700025768,1,30,000,00,2,4,17,Z01
201700025769,2,01,000,00,2,1,01,B01
201700025769,1,07,000,00,2,3,15,A01
201700025770,2,07,000,00,2,1,01,A01
201700025770,2,07,000,00,2,4,01,B01
201700025770,2,07,000,00,2,3,01,C01
201700025771,2,30,000,01,0,1,01,A01
201700025772,2,07,000,00,0,7,15,A01
201700025772,1,07,000,00,2,2,01,B01
201700025773,2,99,000,01,2,1,01,A01
201700025773,0,07,000,00,0,8,23,B01
201700025774,1,07,000,00,2,1,15,A01
201700025774,2,33,000,00,2,1,01,B01
201700025775,2,07,000,00,1,1,01,Z01
201700025776,2,02,000,00,2,1,01,A01
201700025776,2,07,000,00,0,4,23,B01
201700025777,1,40,000,00,1,1,01,A01
201700025778,2,15,000,00,2,2,01,A01
201700025778,2,01,000,00,0,4,01,B01
201700025779,1,14,000,00,2,1,15,A01
201700025779,1,37,001,00,0,7,01,B01
201700025780,2,07,000,00,2,0,01,Z01
201700025780,2,07,000,00,0,8,15,A01
201700025781,1,07,000,00,1,1,01,A01
201700025782,2,34,000,00,0,1,01,B01
201700025782,2,07,000,00,2,3,15,A01
201700025783,2,07,000,00,2,1,01,B01
201700025783,2,10,000,00,0,8,01,A01
201700025784,2,07,000,00,0,5,01,A01
201700025784,1,07,000,00,2,1,15,B01
201700025785,1,07,000,00,1,2,01,A01
201700025786,2,07,000,00,2,2,15,A01
201700025786,2,07,000,00,2,8,01,B01
201700025787,1,07,000,00,1,2,15,A01
201700025788,1,07,000,00,1,2,01,A01
201700025788,1,07,000,00,2,2,18,B01
201700025789,2,31,000,00,2,2,07,A01
201700025789,2,07,000,00,2,2,16,B01
201700025790,1,10,000,01,2,4,21,A01
201700025790,1,40,150,00,2,1,01,B01
201700025790,1,01,000,00,0,9,23,C01
201700025790,1,07,000,00,2,4,23,D01
201700025790,1,07,000,00,1,4,23,E01
201700025790,1,07,000,00,2,4,23,F01
201700025791,2,07,000,00,0,8,16,B01
201700025791,1,07,000,00,2,2,01,Z01
201700025792,1,07,000,00,1,3,01,A01
201700025793,2,07,000,00,2,1,01,B01
201700025793,2,07,000,00,2,7,01,A01
201700025794,1,07,000,00,1,3,01,A01
201700025795,1,07,000,02,1,1,10,A01
201700025796,2,07,000,00,1,1,15,A01
201700025797,1,07,000,01,1,7,01,Z01
201700025798,1,07,000,00,2,3,01,A01
201700025798,2,07,000,00,0,7,15,B01
201700025799,1,30,000,01,0,1,13,A01
201700025800,2,30,000,00,2,1,01,B01
201700025800,2,07,000,00,2,3,01,A01
201700025801,1,07,000,00,2,1,01,B01
201700025801,1,01,000,00,2,1,01,A01
201700025802,2,37,020,00,1,2,01,A01
201700025803,2,01,000,00,2,2,01,B01
201700025803,2,07,000,00,2,1,01,Z01
201700025804,2,07,000,06,2,1,01,A01
201700025804,2,01,000,00,0,4,01,B01
201700025805,2,37,020,00,2,1,07,B01
201700025805,2,07,000,00,0,8,10,A01
201700025806,1,07,000,00,1,1,01,A01
201700025807,1,07,000,00,2,1,01,C01
201700025807,2,10,000,00,2,1,01,A01
201700025807,1,07,000,00,2,1,01,B01
201700025808,1,34,000,00,1,1,07,A01
201700025809,2,10,000,00,2,1,01,A01
201700025809,2,07,000,00,2,4,01,B01
201700025810,2,32,000,08,0,1,01,A01
201700025811,2,01,000,00,0,1,01,B01
201700025811,1,07,000,00,2,2,15,A01
201700025812,2,31,000,00,0,4,01,B01
201700025812,2,07,000,00,2,1,01,A01
201700025813,1,07,000,12,0,3,01,A01
201700025814,1,07,000,00,1,1,01,A01
201700025815,2,01,000,00,2,9,01,C01
201700025815,2,30,000,00,2,1,01,B01
201700025815,2,07,000,00,2,3,15,A01
201700025816,1,10,000,00,2,8,01,B01
201700025816,1,37,000,00,2,1,01,C01
201700025816,1,07,000,00,2,1,17,A01
201700025817,2,07,000,00,1,2,01,A01
201700025818,1,33,000,09,0,1,01,A01
201700025819,2,07,000,00,2,1,15,A01
201700025819,1,02,000,00,2,1,01,B01
201700025820,1,07,000,00,1,2,16,Z01
201700025821,1,07,000,00,2,2,16,A01
201700025821,1,01,000,00,0,1,18,B01
201700025822,0,30,000,00,2,1,01,A01
201700025822,0,07,000,00,0,6,01,B01
201700025823,1,07,000,00,1,3,01,A01
201700025824,0,07,000,00,0,6,16,A01
201700025824,1,33,000,00,2,7,16,B01
201700025825,0,02,000,00,2,3,02,A01
201700025825,1,07,000,00,2,3,01,B01
201700025826,2,07,000,00,1,1,01,A01
201700025827,1,07,000,00,1,2,16,A01
201700025828,1,07,000,06,0,5,01,A01
201700025828,1,07,000,00,2,0,00,Z01
201700025829,1,01,000,00,2,0,01,A01
201700025829,1,07,000,00,2,2,19,B01
201700025830,1,07,000,00,2,2,01,Z01
201700025830,1,07,000,00,0,8,15,B01
201700025831,1,07,000,01,1,6,24,A01
201700025832,2,07,000,01,0,1,01,A01
201700025833,2,07,000,00,2,1,01,A01
201700025833,2,30,000,00,2,0,16,Z01
201700025834,1,07,000,00,2,1,01,B01
201700025834,1,07,000,00,2,7,15,A01
201700025835,1,07,000,00,2,1,00,Z01
201700025835,1,07,000,00,2,4,01,A01
201700025836,2,02,000,00,2,1,07,A01
201700025836,1,07,000,00,0,7,15,B01
201700025837,1,07,000,00,0,3,01,A01
201700025837,1,07,000,00,2,1,01,B01
201700025838,1,07,000,00,2,3,01,B01
201700025838,1,07,000,00,2,1,11,A01
201700025839,0,07,000,08,0,7,19,A01
201700025839,2,07,000,00,2,1,01,B01
201700025840,2,07,000,00,1,1,01,A01
201700025841,1,33,000,00,2,1,01,B01
201700025841,1,07,000,00,2,3,15,A01
201700025842,1,07,000,00,1,1,01,Z01
201700025843,1,07,000,00,2,6,01,B01
201700025843,1,07,000,00,2,7,01,A01
201700025844,2,37,010,00,1,8,01,A01
201700025845,1,02,000,00,2,1,13,A01
201700025845,2,07,000,00,0,3,01,B01
201700025846,2,40,050,00,1,1,01,A01
201700025847,1,07,000,00,2,0,01,Z01
201700025847,1,01,000,00,0,9,19,A01
201700025848,1,40,000,00,1,1,01,A01
201700025849,2,07,000,00,2,1,01,B01
201700025849,2,10,000,00,0,2,01,A01
201700025850,1,07,000,08,0,3,01,A01
201700025851,2,01,000,00,2,1,01,B01
201700025851,2,07,000,00,2,2,16,A01
201700025852,2,07,000,00,0,1,15,A01
201700025852,1,07,000,00,2,1,01,B01
201700025853,2,40,100,00,1,1,01,A01
201700025854,2,01,000,00,0,9,19,B01
201700025854,2,07,000,00,2,1,01,A01
201700025855,1,33,000,00,2,1,01,B01
201700025855,0,10,000,00,0,7,15,A01
201700025856,1,10,000,00,2,1,01,Z01
201700025856,1,07,000,00,2,4,01,B01
201700025857,2,07,000,00,1,2,01,A01
201700025858,2,10,000,00,1,0,01,A01
201700025859,0,01,000,00,0,5,01,B01
201700025859,0,07,000,00,2,5,01,A01
201700025860,1,07,000,00,1,7,01,A01
201700025861,1,07,000,12,0,3,01,A01
201700025862,1,33,000,00,2,7,01,A01
201700025862,1,07,000,00,2,3,01,B01
201700025863,1,07,000,06,2,9,01,A01
201700025863,1,07,000,00,2,1,01,B01
201700025864,1,10,000,00,1,2,01,A01
201700025865,1,07,000,00,2,2,01,A01
201700025865,1,07,000,00,2,1,14,Z01
201700025866,1,07,000,00,2,1,02,Z01
201700025866,1,07,000,00,2,4,02,A01
201700025867,0,07,000,00,0,7,10,A01
201700025867,0,33,000,00,2,1,01,B01
201700025868,2,07,000,00,1,1,01,A01
201700025869,2,37,010,00,1,2,07,A01
201700025870,1,07,000,00,0,2,01,A01
201700025870,2,01,000,00,2,1,01,B01
201700025871,2,07,000,00,2,3,01,B01
201700025871,1,10,000,00,2,1,01,A01
201700025872,2,07,000,12,0,3,01,A01
201700025873,1,07,000,00,2,1,01,B01
201700025873,1,07,000,00,0,3,01,A01
201700025874,1,07,000,00,2,1,15,Z01
201700025874,1,07,000,00,2,3,01,B01
201700025875,1,31,000,00,2,1,01,B01
201700025875,2,10,000,00,0,7,15,A01
201700025876,1,33,000,00,2,1,01,B01
201700025876,0,07,000,00,2,3,15,A01
201700025877,1,07,000,14,0,9,01,A01
201700025878,2,07,000,00,2,3,15,B01
201700025878,1,07,000,00,2,2,01,A01
201700025879,2,07,000,00,1,1,15,A01
201700025880,1,07,000,00,1,1,01,A01
201700025881,1,07,000,03,0,1,13,A01
201700025882,1,07,000,00,4,8,15,A01
201700025882,1,40,070,00,0,7,01,B01
201700025883,1,07,000,01,0,4,01,B01
201700025883,1,07,000,00,1,1,01,Z01
201700025884,2,07,000,00,1,2,01,A01
201700025885,2,10,000,00,0,1,15,A01
201700025885,1,33,000,00,2,1,01,B01
201700025886,1,32,000,00,2,1,15,B01
201700025886,1,07,000,00,2,1,01,A01
201700025887,2,31,000,02,0,1,01,A01
201700025888,2,07,000,00,0,8,01,B01
201700025888,1,30,000,00,2,1,01,A01
201700025889,1,32,000,01,2,1,21,A01
201700025889,1,10,000,00,0,1,10,B01
201700025889,1,07,000,00,0,8,01,C01
201700025890,1,07,000,00,2,4,01,C01
201700025890,1,31,000,00,2,3,16,B01
201700025890,1,07,000,00,2,3,00,A01
201700025891,1,07,000,00,2,9,01,A01
201700025891,1,01,000,00,2,1,01,C01
201700025891,1,07,000,00,2,1,01,B01
201700025892,1,07,000,00,0,6,10,A01
201700025892,1,33,000,00,2,1,01,B01
201700025893,2,02,000,00,2,7,17,A01
201700025893,2,07,000,00,0,8,01,B01
201700025894,0,33,000,14,0,7,01,A01
201700025895,1,40,080,00,1,1,01,A01
201700025896,2,02,000,00,1,1,05,A01
201700025896,1,07,000,00,2,1,15,B01
201700025897,2,07,000,00,1,1,01,A01
201700025898,1,07,000,00,2,1,01,A01
201700025898,2,02,000,00,0,9,01,B01
201700025899,2,01,000,01,0,1,01,A01
201700025900,1,33,000,04,0,1,01,A01
201700025901,1,07,000,00,1,3,15,A01