Num_Acc,senc,catv,occutc,obs,obsm,choc,manv,num_veh
201700026266,2,07,000,00,2,3,15,B01
201700026267,1,07,000,00,2,7,15,A01
201700026267,2,07,000,00,2,1,01,B01
201700026268,0,07,000,00,1,8,21,B01
201700026269,1,30,000,00,0,7,01,A01
201700026270,0,07,000,00,2,1,02,A01
201700026270,0,07,000,00,2,4,02,B01
201700026271,1,32,000,00,0,7,01,A01
201700026272,0,33,000,00,2,4,13,A01
201700026272,0,07,000,00,2,3,01,B01
201700026273,1,07,000,00,2,3,15,A01
201700026273,1,32,000,00,2,7,01,B01
201700026274,2,30,000,00,0,8,01,A01
201700026275,1,33,000,00,2,1,01,B01
201700026275,1,07,000,00,2,3,15,A01
201700026276,2,07,000,00,2,3,19,A01
201700026276,1,30,000,00,2,7,01,B01
201700026277,1,07,000,00,2,3,10,A01
201700026277,1,07,000,00,2,1,01,B01
201700026278,1,07,000,00,1,4,04,A01
201700026279,2,34,000,00,2,1,01,B01
201700026279,2,07,000,00,2,8,15,A01
201700026280,2,07,000,00,2,5,01,B01
201700026280,2,30,000,00,2,8,01,A01
201700026281,1,07,000,06,0,9,00,A01
201700026282,1,01,000,00,0,0,00,A01
201700026283,1,07,000,00,1,4,04,A01
201700026284,1,07,000,00,1,2,17,A01
201700026285,1,07,000,00,1,7,01,B01
201700026286,2,07,000,00,2,1,15,A01
201700026286,2,31,000,00,2,1,01,B01
201700026287,2,07,000,00,2,8,10,A01
201700026287,2,34,000,00,2,1,01,B01
201700026288,1,07,000,00,2,3,09,A01
201700026288,1,34,000,00,9,7,21,B01
201700026289,1,07,000,00,2,1,01,B01
201700026289,2,07,000,00,2,1,17,A01
201700026290,2,07,000,00,1,0,16,A01
201700026291,2,07,000,00,1,3,01,B01
201700026292,2,33,000,00,2,1,01,B01
201700026292,1,10,000,00,2,0,00,Z01
201700026293,1,32,000,00,1,1,01,A01
201700026294,1,07,000,00,1,1,01,A01
201700026295,2,07,000,00,2,3,11,A01
201700026295,2,07,000,00,2,0,01,B01
201700026296,2,07,000,00,2,1,01,A01
201700026296,2,07,000,00,2,4,01,B01
201700026297,2,07,000,00,2,3,15,A01
201700026297,1,31,000,00,2,8,01,B01
201700026298,1,07,000,00,2,2,15,A01
201700026298,2,31,000,00,2,1,01,B01
201700026299,1,13,000,00,2,8,10,A01
201700026299,1,33,000,00,2,1,01,B01
201700026300,2,33,000,00,2,3,01,A01
201700026300,1,07,000,00,2,7,15,B01
201700026301,2,07,000,00,1,8,01,A01
201700026302,1,07,000,00,2,1,01,A01
201700026302,1,07,000,00,2,4,01,B01
201700026303,1,07,000,00,2,1,15,A01
201700026303,2,33,000,00,2,1,01,B01
201700026304,1,07,000,00,2,3,15,B01
201700026304,1,34,000,00,2,1,09,A01
201700026305,1,07,000,00,2,8,01,A01
201700026305,2,07,000,00,2,2,01,B01
201700026306,2,07,000,00,2,7,01,A01
201700026306,2,07,000,00,2,1,01,B01
201700026307,1,07,000,00,9,4,01,B01
201700026307,1,33,000,00,2,1,01,A01
201700026308,1,10,000,00,2,7,15,A01
201700026308,2,33,000,00,2,1,01,B01
201700026309,1,07,000,00,1,1,01,A01
201700026310,2,07,000,00,2,2,01,B01
201700026310,2,14,000,00,2,3,11,A01
201700026311,1,33,000,12,0,1,14,A01
201700026312,1,07,000,00,2,1,01,B01
201700026312,1,01,000,00,2,1,01,A01
201700026313,2,07,000,00,2,8,15,A01
201700026313,2,32,000,00,2,1,17,B01
201700026314,1,01,000,00,1,1,01,A01
201700026315,2,07,000,00,2,4,01,C01
201700026315,2,07,000,00,2,5,01,B01
201700026315,2,33,000,00,2,1,01,A01
201700026316,1,07,000,01,0,4,00,B01
201700026316,1,07,000,04,0,1,01,A01
201700026317,2,07,000,00,2,2,15,A01
201700026317,1,33,000,00,2,1,01,B01
201700026318,2,07,000,00,2,8,10,A01
201700026318,2,30,000,00,2,1,01,B01
201700026319,1,31,000,00,2,1,01,B01
201700026319,2,07,000,00,2,4,15,A01
201700026320,1,07,000,00,2,1,13,A01
201700026320,2,07,000,01,2,3,23,B01
201700026321,2,07,000,00,2,4,23,B01
201700026321,2,07,000,00,2,4,23,C01
201700026321,2,07,000,00,2,1,01,A01
201700026322,1,10,000,00,0,1,01,A01
201700026323,2,33,000,00,0,7,00,A01
201700026324,2,10,000,00,2,1,09,A01
201700026324,2,01,000,00,2,7,01,B01
201700026325,1,31,000,00,1,5,01,A01
201700026326,1,33,000,04,0,1,01,A01
201700026327,1,33,000,00,2,1,01,B01
201700026327,2,07,000,00,2,8,15,A01
201700026328,1,10,000,00,1,3,01,B01
201700026329,1,07,000,00,1,8,21,A01
201700026330,1,07,000,00,1,1,01,A01
201700026331,1,01,000,00,2,1,01,A01
201700026331,1,07,000,00,2,5,16,B01
201700026332,2,07,000,00,1,3,01,A01
201700026333,1,07,000,00,2,3,15,A01
201700026333,2,31,000,00,2,1,02,B01
201700026334,2,07,000,00,1,1,01,A01
201700026335,2,07,000,00,2,1,02,A01
201700026335,1,07,000,00,2,4,02,C01
201700026335,2,07,000,00,2,4,23,B01
201700026336,2,33,000,00,2,1,01,B01
201700026336,1,07,000,00,2,3,15,A01
201700026337,2,31,000,12,0,1,15,A01
201700026338,2,31,000,00,2,1,01,B01
201700026338,1,07,000,00,2,5,15,A01
201700026339,1,30,000,00,2,7,05,Z01
201700026339,2,07,000,00,2,3,01,A01
201700026340,1,07,000,00,2,1,01,A01
201700026340,1,33,000,00,2,3,01,B01
201700026341,1,33,000,01,0,1,01,A01
201700026342,1,07,000,04,0,2,16,A01
201700026343,1,07,000,00,2,1,21,A01
201700026343,1,07,000,00,2,5,01,B01
201700026344,1,34,000,00,1,1,01,Z01
201700026345,2,07,000,00,1,1,01,A01
201700026346,1,30,000,00,9,7,01,A01
201700026347,1,30,000,00,2,2,01,A01
201700026347,1,07,000,00,2,0,00,B01
201700026348,1,13,000,00,1,1,01,A01
201700026349,1,32,000,00,2,1,01,A01
201700026349,1,10,000,00,2,7,15,B01
201700026350,1,02,000,00,2,1,01,B01
201700026350,1,07,000,00,2,1,15,A01
201700026351,1,07,000,08,0,3,14,A01
201700026352,1,07,000,00,0,1,00,A01
201700026352,0,07,000,00,0,1,13,B01
201700026353,2,07,000,00,2,1,01,B01
201700026353,1,07,000,00,2,1,13,A01
201700026354,2,07,000,00,2,1,01,B01
201700026354,1,07,000,00,2,1,05,A01
201700026355,1,07,000,00,2,1,00,C01
201700026355,1,07,000,00,2,1,13,A01
201700026355,1,07,000,00,2,1,01,B01
201700026356,2,07,000,00,2,1,01,B01
201700026356,1,07,000,00,2,1,13,A01
201700026357,1,33,000,00,1,1,01,A01
201700026358,1,07,000,00,2,2,15,A01
201700026358,2,30,000,00,2,1,01,C01
201700026358,2,30,000,00,2,1,01,B01
201700026359,1,07,000,00,2,6,10,A01
201700026359,1,32,000,00,2,1,01,B01
201700026360,1,07,000,00,2,1,01,B01
201700026360,1,07,000,00,2,4,15,A01
201700026361,1,07,000,00,2,3,15,B01
201700026361,2,34,000,00,2,1,01,A01
201700026362,1,07,000,00,2,6,10,A01
201700026362,1,33,000,00,2,1,01,B01
201700026363,1,07,000,00,2,1,01,A01
201700026363,1,07,000,00,2,4,23,B01
201700026364,1,07,000,00,2,1,01,C01
201700026364,2,17,000,00,2,3,01,B01
201700026364,1,07,000,00,2,1,13,A01
201700026365,1,07,000,00,2,1,13,A01
201700026365,2,07,000,00,2,1,01,B01
201700026366,1,07,000,00,2,3,15,A01
201700026366,1,30,000,00,2,7,17,B01
201700026367,1,07,000,15,0,1,00,A01
201700026368,1,33,000,00,2,1,01,A01
201700026369,1,07,000,00,1,1,01,A01
201700026370,0,33,000,00,1,1,01,A01
201700026371,1,31,000,00,2,2,15,A01
201700026371,1,33,000,00,2,1,01,B01
201700026372,1,07,000,00,2,3,23,B01
201700026372,1,33,000,00,2,1,00,A01
201700026373,2,38,000,00,2,1,01,B01
201700026373,1,07,000,00,2,1,13,A01
201700026374,1,07,000,00,1,2,02,A01
201700026375,0,07,000,00,1,1,01,A01
201700026376,1,07,000,01,0,1,19,A01
201700026377,1,07,000,00,2,1,01,B01
201700026377,2,01,000,00,2,1,13,A01
201700026378,1,07,000,00,1,1,01,A01
201700026379,2,33,000,00,0,0,00,A01
201700026380,1,02,000,00,2,4,09,B01
201700026380,1,07,000,00,2,2,21,A01
201700026381,2,31,000,00,2,1,01,B01
201700026381,1,07,000,00,2,2,15,A01
201700026382,1,07,000,00,2,4,23,B01
201700026382,1,10,000,00,2,1,02,A01
201700026383,1,07,000,00,0,9,13,A01
201700026384,1,10,000,08,0,1,14,A01
201700026385,1,33,000,01,0,1,15,A01
201700026385,1,15,000,01,0,1,15,B01
201700026386,1,07,000,00,1,2,21,A01
201700026387,2,07,000,00,1,3,01,A01
201700026388,2,07,000,00,1,1,15,A01
201700026389,1,07,000,00,2,1,20,A01
201700026389,2,01,000,00,2,8,21,B01
201700026390,2,10,000,16,2,1,14,A01
201700026390,2,31,000,00,2,0,01,B01
201700026391,2,07,000,00,2,3,13,A01
201700026391,2,07,000,00,2,3,01,B01
201700026392,1,07,000,00,1,4,23,B01
201700026392,1,07,000,00,2,1,01,A01
201700026393,1,07,000,00,1,2,02,A01
201700026394,1,07,000,00,1,1,01,A01
201700026395,1,07,000,00,1,1,16,A01
201700026396,0,01,000,00,2,0,01,A01
201700026396,0,07,000,00,2,1,01,B01
201700026397,0,07,000,00,1,1,01,A01
201700026398,0,07,000,00,2,1,15,A01
201700026398,2,02,000,00,2,4,01,B01
201700026399,0,07,000,00,2,1,01,A01
201700026399,0,01,000,00,2,7,01,B01
201700026400,2,07,000,00,2,4,02,C01
201700026400,2,07,000,00,2,1,02,A01
201700026400,2,07,000,00,2,4,02,D01
201700026400,2,07,000,00,2,4,02,B01
201700026401,0,07,000,00,2,1,01,B01
201700026401,0,07,000,00,2,7,15,A01
201700026402,2,07,000,00,2,9,01,B01
201700026402,2,07,000,00,2,7,12,A01
201700026403,0,07,000,00,2,1,02,B01
201700026403,0,07,000,00,2,4,01,A01
201700026404,2,10,000,00,2,7,14,A01
201700026404,2,07,000,00,2,8,01,B01
201700026405,1,30,000,00,2,8,01,B01
201700026405,2,07,000,00,2,1,15,A01
201700026406,0,01,000,00,2,1,01,B01
201700026406,0,07,000,00,2,8,22,A01
201700026407,2,01,000,00,2,8,01,B01
201700026407,2,37,001,00,2,7,17,A01
201700026408,0,02,000,00,2,1,17,A01
201700026408,0,07,000,00,2,8,15,B01
201700026409,1,07,000,00,2,4,01,B01
201700026409,1,07,000,00,2,1,02,A01
201700026410,0,07,000,00,1,1,01,A01
201700026411,1,15,000,00,2,4,23,B01
201700026411,1,33,000,00,2,2,00,A01
201700026412,1,07,000,00,2,5,12,A01
201700026412,1,33,000,00,2,1,03,B01
201700026413,0,07,000,00,1,1,01,A01
201700026414,1,07,000,00,2,1,02,A01
201700026414,1,07,000,00,2,4,01,B01
201700026415,0,07,000,00,1,1,01,A01
201700026416,1,07,000,03,0,1,01,A01
201700026417,2,07,000,00,2,4,01,B01
201700026417,2,07,000,00,2,1,02,A01
201700026418,2,07,000,00,2,4,02,C01
201700026418,2,07,000,00,2,4,02,B01
201700026418,2,07,000,00,2,1,02,A01
201700026419,2,30,000,00,2,1,02,A01
201700026419,2,07,000,00,2,4,01,B01
201700026420,0,07,000,00,2,0,01,A01
201700026420,0,07,000,00,2,1,01,B01
201700026421,0,07,000,00,2,5,01,B01
201700026421,0,07,000,00,2,1,02,A01
201700026422,0,07,000,00,2,0,15,A01
201700026422,0,02,000,00,2,0,01,B01
201700026423,0,37,001,00,1,2,01,A01
201700026424,0,02,000,00,0,0,21,A01
201700026425,0,07,000,00,1,1,21,A01
201700026426,0,07,000,00,1,3,01,A01
201700026427,1,07,000,03,0,0,09,A01
201700026428,0,02,000,11,0,1,01,A01
201700026429,1,02,000,00,0,0,00,A01
201700026430,2,10,000,00,2,1,01,A01
201700026430,2,07,000,00,2,4,01,C01
201700026430,2,07,000,00,2,8,01,B01
201700026431,0,07,000,00,2,8,01,B01
201700026431,0,02,000,00,2,1,01,A01
201700026432,1,07,000,00,2,1,02,A01
201700026432,1,07,000,00,2,4,02,B01
201700026432,1,07,000,00,2,4,02,C01
201700026433,1,07,000,00,2,3,16,A01
201700026433,1,07,000,00,2,4,02,B01
201700026434,0,02,000,00,2,1,01,B01
201700026434,0,07,000,00,2,7,15,A01
201700026435,0,07,000,00,0,0,00,A01
201700026436,1,07,000,00,2,8,21,A01
201700026436,1,33,000,00,2,7,17,B01
201700026436,1,07,000,00,2,3,00,C01
201700026437,1,33,000,00,2,1,01,B01
201700026437,1,07,000,00,2,2,14,A01
201700026438,1,07,000,13,0,0,01,A01
201700026439,0,02,000,00,2,7,00,A01
201700026439,0,07,000,00,2,3,01,B01
201700026440,0,07,000,00,1,1,01,A01
201700026441,0,01,000,00,2,0,01,A01
201700026441,0,10,000,00,2,1,01,B01
201700026442,0,07,000,00,2,2,01,A01
201700026442,0,07,000,00,2,3,15,B01
201700026443,0,07,000,01,0,9,00,A01
201700026444,0,07,000,00,2,7,15,A01
201700026444,0,07,000,00,2,1,01,B01
201700026444,0,07,000,00,2,5,23,C01
201700026445,2,07,000,00,2,3,13,A01
201700026445,2,07,000,00,2,3,01,B01
201700026446,2,07,000,00,2,1,00,B01
201700026446,2,07,000,00,2,1,01,C01
201700026446,2,07,000,00,2,4,23,A01
201700026447,1,07,000,01,2,1,01,A01
201700026447,1,01,000,00,2,1,01,C01
201700026448,1,07,000,00,2,0,00,B01
201700026448,1,07,000,00,2,0,00,A01
201700026449,2,07,000,00,2,1,01,B01
201700026449,1,10,000,00,2,2,15,A01
201700026450,0,01,000,00,2,0,00,B01
201700026450,0,07,000,00,2,6,16,A01
201700026451,2,07,000,00,2,4,01,C01
201700026451,2,07,000,00,2,4,01,B01
201700026451,2,07,000,00,2,1,01,A01
201700026452,0,07,000,00,2,1,15,A01
201700026452,1,02,000,00,2,8,16,B01
201700026453,0,01,000,00,2,7,00,B01
201700026453,0,10,000,00,2,1,00,A01
201700026454,0,07,000,00,2,1,01,A01
201700026454,0,07,000,00,2,4,01,B01
201700026454,0,07,000,00,2,4,01,C01
201700026455,0,07,000,00,2,8,00,B01
201700026455,0,07,000,00,2,1,01,A01
201700026456,0,01,000,00,2,0,01,B01
201700026456,0,07,000,00,2,1,01,A01
201700026457,0,07,000,14,0,1,01,A01
201700026458,2,15,000,00,2,0,01,A01
201700026458,2,31,000,00,2,1,09,B01
201700026459,0,07,000,01,0,1,00,A01
201700026460,0,07,000,00,2,1,09,A01
201700026460,2,01,000,00,2,1,01,B01
201700026461,1,07,000,00,0,0,01,A01
201700026462,0,07,000,00,2,4,00,B01
201700026462,0,07,000,00,2,1,01,A01
201700026463,0,07,000,00,2,1,15,A01
201700026463,0,07,000,00,2,1,01,B01
201700026464,2,07,000,00,2,6,01,B01
201700026464,2,07,000,00,2,5,23,C01
201700026464,2,07,000,00,2,1,00,A01
201700026465,2,10,000,00,2,1,02,A01
201700026465,2,07,000,00,2,4,02,B01
201700026466,2,10,000,00,2,7,12,A01
201700026466,0,01,000,00,2,1,01,B01
201700026467,0,02,000,00,1,1,01,A01
201700026468,1,07,000,00,2,2,12,A01
201700026468,1,07,000,00,2,8,09,B01
201700026469,0,07,000,00,2,1,02,A01
201700026469,0,07,000,00,2,4,23,B01
201700026470,1,07,000,00,2,6,23,B01
201700026470,1,34,000,00,2,1,01,A01
201700026471,0,07,000,00,2,8,15,A01
201700026471,0,10,000,00,2,2,01,B01
201700026472,1,14,000,00,2,1,13,A01
201700026472,1,15,000,00,2,6,01,B01
201700026473,0,33,000,12,0,1,00,A01
201700026474,2,07,000,00,2,1,09,A01
201700026474,2,07,000,00,2,4,01,B01
201700026475,2,07,000,00,2,4,01,B01
201700026475,2,07,000,00,2,1,01,A01
201700026476,0,01,000,00,2,2,09,B01
201700026476,0,10,000,00,2,8,09,A01
201700026477,0,07,000,00,2,7,23,A01
201700026477,0,02,000,00,2,1,18,B01
201700026478,0,07,000,00,2,3,01,B01
201700026478,0,10,000,00,2,1,01,A01
201700026479,0,02,000,00,1,0,00,A01
201700026480,0,07,000,00,2,6,16,B01
201700026480,0,30,000,00,2,1,01,A01
201700026481,0,33,000,00,2,1,01,B01
201700026481,0,07,000,00,2,8,09,A01
201700026482,0,07,000,00,2,5,23,B01
201700026482,0,07,000,00,2,1,01,A01
201700026483,0,07,000,00,1,2,09,A01
201700026484,0,14,000,00,2,7,16,A01
201700026484,0,01,000,00,2,3,16,B01
201700026485,0,07,000,00,2,3,15,A01
201700026485,0,01,000,00,2,1,01,B01
201700026486,1,07,000,00,1,2,00,A01
201700026487,1,07,000,00,2,1,01,A01
201700026487,1,07,000,00,2,4,01,B01
201700026488,0,07,000,00,1,1,01,A01
201700026489,1,07,000,00,2,1,01,A01
201700026489,1,07,000,00,2,4,01,B01
201700026490,0,01,000,00,2,1,01,A01
201700026490,0,07,000,00,2,6,15,B01
201700026491,0,07,000,06,0,1,01,A01
201700026492,2,07,000,00,2,4,04,A01
201700026492,2,14,000,00,2,1,01,B01
201700026493,2,07,000,00,2,1,01,A01
201700026493,2,07,000,00,2,3,01,C01
201700026493,2,07,000,00,2,4,01,B01
201700026494,0,07,000,00,2,1,05,A01
201700026494,0,07,000,00,2,1,01,B01
201700026495,0,31,000,11,0,0,00,A01
201700026496,1,07,000,00,2,1,09,A01
201700026496,1,33,000,00,2,6,01,B01
201700026497,0,07,000,00,1,1,01,A01
201700026498,0,07,000,00,2,2,00,B01
201700026498,0,01,000,00,2,0,00,A01
201700026499,0,07,000,00,2,2,15,A01
201700026499,0,01,000,00,2,1,00,B01
201700026500,0,07,000,00,2,1,01,B01
201700026500,0,07,000,00,2,1,01,A01
201700026501,0,30,000,00,2,1,01,B01
201700026501,0,07,000,00,2,1,15,A01
201700026502,0,07,000,00,2,1,00,B01
201700026502,0,07,000,00,2,5,00,A01
201700026503,1,07,000,05,0,0,00,A01
201700026504,0,07,000,00,2,1,01,B01
201700026504,0,07,000,00,2,6,19,A01
201700026505,2,07,000,03,0,9,00,A01
201700026506,1,15,000,03,0,9,00,A01
201700026507,0,30,000,00,2,7,00,B01
201700026507,0,07,000,00,2,8,00,A01
201700026508,0,07,000,00,2,2,00,A01
201700026508,0,10,000,00,2,3,01,B01
201700026509,0,07,000,00,2,1,00,C01
201700026509,0,14,000,00,2,3,01,B01
201700026509,0,07,000,00,2,3,13,A01
201700026510,0,07,000,00,2,3,01,B01
201700026510,0,07,000,00,2,1,09,A01
201700026511,0,07,000,00,2,2,01,B01
201700026511,0,07,000,00,2,6,20,A01
201700026512,0,07,000,00,0,0,00,A01
201700026512,0,07,000,00,2,4,02,B01
201700026513,0,07,000,00,2,3,00,B01
201700026513,0,33,000,00,2,3,00,A01
201700026514,0,07,000,06,0,1,00,A01
201700026515,0,01,000,12,0,0,01,A01
201700026516,0,07,000,00,1,2,01,A01
201700026517,0,01,000,00,0,0,01,A01
201700026518,0,31,000,00,2,1,01,B01
201700026518,0,07,000,00,2,7,15,A01
201700026519,2,01,000,00,2,0,00,B01
201700026519,2,10,000,00,2,5,00,A01
201700026520,0,07,000,00,2,0,01,A01
201700026520,0,07,000,00,2,1,15,B01
201700026521,1,10,000,00,2,1,02,C01
201700026521,1,07,000,00,2,1,02,A01
201700026521,1,07,000,00,2,4,02,B01
201700026522,2,14,000,00,2,1,01,A01
201700026522,2,07,000,00,2,4,00,B01
201700026523,2,07,000,03,2,8,13,A01
201700026523,2,15,000,00,2,3,01,B01
201700026524,0,07,000,00,2,7,20,A01
201700026524,0,37,001,00,2,2,00,B01
201700026525,1,07,000,09,0,1,01,A01
201700026526,0,07,000,00,2,1,02,A01
201700026526,0,07,000,00,2,4,02,B01
201700026527,1,10,000,13,0,0,00,A01
201700026528,1,07,000,00,2,5,15,A01
201700026528,1,33,000,00,2,1,01,B01
201700026529,1,07,000,00,2,8,01,B01
201700026529,1,07,000,00,2,2,00,A01
201700026530,0,02,000,00,2,1,01,B01
201700026530,0,07,000,00,2,1,15,A01
201700026531,0,07,000,00,2,3,15,B01
201700026531,0,01,000,00,2,1,01,A01
201700026532,0,01,000,00,1,1,00,A01
201700026533,0,07,000,00,2,1,01,A01
201700026533,0,37,003,00,2,0,01,B01
201700026534,0,07,000,10,0,1,01,A01
201700026535,2,07,000,00,2,1,02,A01
201700026535,2,10,000,00,2,4,01,B01
201700026535,2,07,000,00,2,4,02,C01
201700026536,0,07,000,00,2,3,01,B01
201700026536,0,07,000,00,2,0,15,A01
201700026537,0,07,000,00,2,7,01,B01
201700026537,0,33,000,00,2,3,18,A01
201700026538,0,07,000,00,2,7,01,B01
201700026538,0,01,000,00,2,3,01,A01
201700026539,0,10,000,00,2,4,04,A01
201700026539,0,01,000,00,2,1,00,B01
201700026540,1,07,000,00,2,4,02,B01
201700026540,1,07,000,00,2,1,01,A01
201700026541,2,07,000,13,0,0,18,A01
201700026542,0,33,000,13,0,0,01,A01
201700026543,0,07,000,00,2,3,02,B01
201700026543,0,33,000,00,2,2,12,A01
201700026544,0,02,000,00,0,0,01,A01
201700026545,0,07,000,00,2,0,00,A01
201700026545,0,01,000,00,2,1,00,B01
201700026546,0,07,000,00,2,1,02,A01
201700026546,0,07,000,00,2,4,01,B01
201700026547,0,01,000,00,5,1,01,A01
201700026548,0,01,000,00,2,1,01,A01
201700026548,0,07,000,00,2,3,01,B01
201700026549,0,07,000,00,2,1,09,A01
201700026549,0,02,000,00,2,7,01,B01
201700026550,1,07,000,09,0,1,01,A01
201700026551,0,07,000,00,2,3,09,B01
201700026551,0,01,000,00,2,1,14,A01
201700026552,0,07,000,00,2,0,17,A01
201700026552,0,07,000,00,2,3,15,B01
201700026553,0,07,000,07,0,1,13,A01
201700026554,0,33,000,00,0,0,21,A01
201700026555,1,07,000,00,2,8,09,A01
201700026555,1,15,000,00,2,5,01,B01
201700026556,2,15,000,03,0,9,01,A01
201700026557,0,07,000,00,2,2,15,A01
201700026557,0,07,000,00,2,1,01,B01
201700026558,0,01,000,01,0,1,01,B01
201700026558,0,07,000,00,2,8,22,A01
201700026559,0,10,000,00,2,4,16,A01
201700026559,0,01,000,00,2,1,01,B01
201700026560,2,07,000,00,2,1,02,A01
201700026560,2,07,000,00,2,4,02,B01
201700026561,0,02,000,00,0,0,01,A01
201700026562,2,07,000,00,2,1,01,B01
201700026562,1,07,000,00,2,1,05,A01
201700026562,2,07,000,00,2,9,01,C01
201700026563,1,07,000,00,2,1,02,A01
201700026563,1,07,000,00,2,4,01,B01
201700026563,1,07,000,00,2,4,01,C01
201700026564,1,10,000,00,2,2,17,A01
201700026564,1,07,000,00,2,6,01,B01
201700026565,0,07,000,00,1,1,09,A01
201700026566,1,07,000,06,2,9,09,A01
201700026566,1,07,000,00,2,1,01,B01
201700026567,0,10,000,00,2,5,15,B01
201700026567,0,33,000,00,2,1,01,A01
201700026568,0,07,000,08,0,0,01,A01
201700026569,0,07,000,00,2,3,15,A01
201700026569,0,33,000,00,2,1,01,B01
201700026570,1,07,000,13,0,1,21,A01
201700026571,0,07,000,10,0,1,00,A01
201700026572,1,07,000,00,2,1,02,B01
201700026572,1,07,000,00,2,4,00,C01
201700026572,1,07,000,00,2,4,02,D01
201700026572,1,07,000,00,2,4,00,E01
201700026572,1,07,000,00,2,4,01,A01
201700026573,1,07,000,00,1,1,09,A01
201700026574,0,07,000,00,0,0,00,Z01
201700026574,0,01,000,00,2,0,01,B01
201700026575,0,07,000,00,1,1,01,A01
201700026576,2,07,000,00,2,4,01,B01
201700026576,2,07,000,00,2,1,01,A01
201700026577,0,31,000,00,1,1,17,A01
201700026578,0,07,000,00,2,2,15,A01
201700026578,0,02,000,00,2,1,01,B01
201700026579,0,01,000,00,2,1,01,B01
201700026579,0,07,000,00,2,1,01,A01
201700026580,0,07,000,00,2,8,01,B01
201700026580,0,02,000,00,2,7,12,A01
201700026581,0,07,000,00,1,0,00,Z01
201700026582,0,31,000,00,2,7,01,B01
201700026582,0,07,000,00,2,1,09,A01
201700026583,0,02,000,00,2,1,01,A01
201700026583,0,07,000,00,2,5,15,B01
201700026584,0,07,000,00,2,1,15,A01
201700026584,0,01,000,00,2,1,01,B01
201700026585,0,01,000,00,1,1,00,A01
201700026586,2,07,000,03,0,9,00,A01
201700026587,0,07,000,00,2,1,00,B01
201700026587,0,07,000,00,2,1,00,A01
201700026588,1,07,000,00,0,9,00,A01
201700026589,0,02,000,00,2,1,01,A01
201700026589,0,07,000,00,2,7,01,B01
201700026590,0,07,000,00,1,1,01,A01
201700026591,0,07,000,00,0,8,15,A01
201700026591,0,01,000,00,2,0,01,B01
201700026592,0,07,000,02,0,0,00,A01
201700026593,2,07,000,00,2,4,02,B01
201700026593,2,07,000,00,2,4,02,C01
201700026593,2,07,000,00,2,1,02,A01
201700026594,0,01,000,12,0,0,01,A01
201700026595,2,07,000,13,0,1,14,A01
201700026596,0,07,000,07,0,1,01,A01
201700026597,0,33,000,00,2,1,01,B01
201700026597,0,07,000,00,2,2,15,A01
201700026598,0,10,000,13,0,9,01,A01
201700026599,1,15,000,00,2,5,09,A01
201700026599,1,07,000,00,2,5,09,B01
201700026599,1,07,000,00,2,7,00,C01
201700026600,0,01,000,00,2,7,01,A01
201700026600,0,07,000,00,2,3,18,B01
201700026601,1,10,000,00,2,1,02,A01
201700026601,1,07,000,00,2,4,23,B01
201700026602,2,10,000,00,2,0,01,B01
201700026602,2,07,000,00,2,0,09,A01
201700026603,1,07,000,00,2,5,01,B01
201700026603,0,02,000,00,2,3,09,A01
201700026604,2,07,000,00,2,1,01,B01
201700026604,1,02,000,00,2,1,13,A01
201700026605,2,07,000,00,2,1,02,A01
201700026605,2,07,000,00,2,4,02,B01
201700026606,2,10,000,00,2,4,02,C01
201700026606,2,07,000,00,2,1,02,E01
201700026606,2,07,000,00,2,1,02,B01
201700026606,2,07,000,00,2,0,02,D01
201700026606,2,07,000,00,2,4,02,A01
201700026607,0,01,000,00,2,8,01,B01
201700026607,0,07,000,00,2,1,16,A01
201700026608,1,33,000,00,2,1,01,B01
201700026608,1,07,000,00,2,2,16,A01
201700026609,1,07,000,00,2,4,02,B01
201700026609,1,07,000,00,2,1,02,A01
201700026610,0,01,000,00,2,3,18,A01
201700026610,0,07,000,00,2,7,23,B01
201700026611,0,07,000,00,2,2,01,B01
201700026611,0,07,000,00,2,3,00,A01
201700026612,0,33,000,12,0,0,01,A01
201700026613,0,01,000,00,2,4,02,B01
201700026613,0,07,000,00,2,1,02,A01
201700026614,0,07,000,00,2,1,02,A01
201700026614,0,07,000,00,2,1,02,B01
201700026615,0,07,000,00,1,1,01,A01
201700026616,0,07,000,00,2,4,01,B01
201700026616,0,07,000,00,2,1,02,A01
201700026617,0,07,000,00,2,4,01,B01
201700026617,0,07,000,00,2,1,02,A01
201700026618,1,07,000,00,2,1,02,A01
201700026618,1,07,000,00,2,4,23,B01
201700026619,0,07,000,00,1,1,01,A01
201700026620,0,37,002,00,1,7,01,A01
201700026621,0,07,000,00,2,1,02,C01
201700026621,0,07,000,00,2,1,02,A01
201700026621,0,07,000,00,2,4,01,B01
201700026622,0,01,000,00,2,9,02,B01
201700026622,0,14,000,00,2,7,02,A01
201700026623,0,07,000,00,2,0,00,B01
201700026623,0,07,000,00,2,6,01,A01
201700026624,2,07,000,00,1,0,00,A01
201700026625,0,37,001,00,2,2,01,B01
201700026625,0,10,000,00,2,8,15,A01
201700026626,0,30,000,00,2,1,01,A01
201700026626,0,07,000,00,2,4,23,B01
201700026627,0,07,000,00,,4,23,B01
201700026627,0,31,000,00,2,1,01,A01