Num_Acc,senc,catv,occutc,obs,obsm,choc,manv,num_veh
201700029686,1,07,000,00,2,2,01,C01
201700029687,0,02,000,16,0,7,01,A01
201700029688,0,30,000,00,2,1,01,B01
201700029688,0,07,000,00,2,2,09,A01
201700029689,0,07,000,00,1,0,09,A01
201700029690,0,02,000,00,2,1,01,A01
201700029690,0,07,000,00,2,2,01,B01
201700029691,1,33,000,00,0,7,01,A01
201700029692,0,07,000,00,2,1,02,A01
201700029692,0,07,000,00,2,4,02,B01
201700029692,0,10,000,00,2,4,02,D01
201700029692,0,07,000,00,2,4,02,C01
201700029692,0,07,000,00,2,4,02,E01
201700029693,0,07,000,13,0,1,01,A01
201700029694,0,20,000,00,1,5,01,A01
201700029695,0,07,000,00,2,2,15,B01
201700029695,0,02,000,00,2,1,18,A01
201700029696,0,07,000,08,0,1,01,A01
201700029697,0,07,000,00,2,4,02,B01
201700029697,0,07,000,00,2,1,02,A01
201700029698,0,30,000,01,0,1,14,A01
201700029699,0,02,000,00,0,8,02,A01
201700029700,0,07,000,00,2,4,23,C01
201700029700,0,07,000,00,2,4,23,D01
201700029700,0,07,000,00,2,4,23,B01
201700029700,0,07,000,00,2,1,01,A01
201700029701,0,07,000,00,2,4,01,B01
201700029701,0,07,000,00,2,1,01,A01
201700029702,2,07,000,06,0,1,09,A01
201700029703,0,07,000,01,1,1,16,A01
201700029704,0,07,000,00,2,1,01,A01
201700029704,0,07,000,00,2,4,23,B01
201700029705,0,01,000,00,2,1,01,B01
201700029705,0,07,000,00,2,1,00,A01
201700029706,0,07,000,00,2,4,02,C01
201700029706,0,07,000,00,2,4,02,B01
201700029706,0,07,000,00,2,1,02,A01
201700029707,0,10,000,00,1,3,15,A01
201700029708,0,07,000,09,0,2,14,A01
201700029709,0,07,000,00,1,2,01,A01
201700029710,0,01,000,00,2,2,01,A01
201700029710,0,07,000,00,2,1,01,B01
201700029711,2,07,000,00,2,4,01,A01
201700029711,2,07,000,00,2,1,02,B01
201700029712,0,07,000,00,2,1,15,A01
201700029712,0,33,000,00,2,1,01,B01
201700029713,0,07,000,00,1,3,01,A01
201700029714,0,01,000,00,0,0,01,A01
201700029715,0,07,000,06,0,1,01,A01
201700029716,0,07,000,00,2,1,01,A01
201700029716,0,07,000,00,2,7,01,B01
201700029717,0,07,000,00,2,3,15,A01
201700029717,0,01,000,00,2,1,17,B01
201700029718,0,07,000,00,2,1,05,B01
201700029718,0,07,000,00,2,3,13,A01
201700029719,0,02,000,16,0,1,01,A01
201700029720,0,30,000,16,0,7,16,A01
201700029721,0,07,000,00,2,5,01,B01
201700029721,0,07,000,15,2,1,13,A01
201700029722,0,07,000,00,2,7,17,A01
201700029722,0,01,000,00,2,8,01,B01
201700029723,0,02,000,00,2,2,17,B01
201700029723,0,07,000,00,2,3,15,A01
201700029724,2,02,000,00,2,1,01,B01
201700029724,1,07,000,00,2,7,15,A01
201700029725,0,30,000,00,2,1,01,A01
201700029725,0,07,000,00,2,4,01,B01
201700029726,0,07,000,00,2,6,09,A01
201700029726,0,02,000,00,2,1,01,B01
201700029727,0,02,000,00,2,1,02,A01
201700029727,0,07,000,00,2,4,23,B01
201700029728,0,07,000,00,2,3,13,A01
201700029728,0,07,000,00,2,8,01,B01
201700029729,0,07,000,00,2,1,02,A01
201700029729,0,02,000,00,2,1,02,B01
201700029729,0,07,000,00,2,4,02,C01
201700029730,0,31,000,00,0,7,16,A01
201700029731,0,01,000,00,1,1,01,A01
201700029732,0,07,000,00,2,4,15,B01
201700029732,0,07,000,00,2,1,02,A01
201700029733,0,33,000,00,0,7,01,A01
201700029734,0,07,000,00,2,3,00,B01
201700029734,0,30,000,00,2,1,01,A01
201700029735,0,07,000,00,1,7,01,A01
201700029736,0,07,000,00,1,7,01,A01
201700029737,0,37,000,00,1,2,01,A01
201700029738,0,07,000,00,2,3,16,A01
201700029738,0,01,000,00,2,1,15,B01
201700029739,0,07,000,00,2,8,09,A01
201700029739,0,33,000,00,2,1,01,B01
201700029740,0,07,000,00,2,1,01,A01
201700029740,0,01,000,00,2,4,01,B01
201700029741,2,07,000,00,2,1,16,A01
201700029741,2,33,000,00,2,4,23,B01
201700029742,0,30,000,06,0,1,14,A01
201700029743,0,01,000,00,2,1,01,B01
201700029743,0,07,000,00,2,2,15,A01
201700029744,0,07,000,01,0,1,14,A01
201700029745,0,01,000,00,2,1,01,A01
201700029745,0,01,000,00,2,7,01,B01
201700029746,0,07,000,00,1,2,01,A01
201700029747,0,30,000,08,0,1,14,A01
201700029748,2,07,000,00,2,2,16,Z01
201700029748,0,01,000,00,2,1,19,A01
201700029749,0,02,000,00,0,7,16,A01
201700029750,0,07,000,00,2,1,01,B01
201700029750,0,01,000,00,2,2,01,A01
201700029751,0,07,000,00,2,3,09,A01
201700029751,0,02,000,00,2,2,01,B01
201700029752,2,02,000,12,0,8,01,A01
201700029753,1,07,000,00,1,3,01,A01
201700029753,1,07,000,00,2,2,01,B01
201700029754,0,07,000,00,2,3,19,B01
201700029754,0,07,000,00,2,2,01,A01
201700029755,0,07,000,00,2,8,01,B01
201700029755,0,07,000,00,2,3,13,A01
201700029756,2,07,000,00,1,1,16,A01
201700029757,1,07,000,00,2,8,10,A01
201700029757,2,07,000,00,2,1,01,B01
201700029758,2,07,000,08,0,3,13,A01
201700029759,0,01,000,00,1,2,01,A01
201700029760,1,07,000,00,2,1,01,B01
201700029760,2,07,000,00,2,8,15,A01
201700029761,0,33,000,00,2,1,01,B01
201700029761,0,07,000,00,2,1,15,A01
201700029762,0,02,000,00,2,1,09,B01
201700029762,0,07,000,00,2,2,15,A01
201700029763,0,10,000,00,2,3,01,B01
201700029763,0,10,000,00,2,8,10,A01
201700029764,0,02,000,00,2,1,01,B01
201700029764,0,07,000,00,2,3,15,A01
201700029765,0,07,000,00,2,4,23,B01
201700029765,0,07,000,00,2,1,01,A01
201700029766,0,33,000,00,2,1,01,B01
201700029766,0,07,000,00,2,5,15,A01
201700029767,2,02,000,00,2,1,01,A01
201700029767,2,07,000,00,2,5,20,B01
201700029768,0,07,000,00,2,2,16,A01
201700029768,0,02,000,00,2,8,16,B01
201700029769,2,02,000,00,2,7,01,A01
201700029769,0,07,000,00,2,1,19,Z01
201700029770,0,07,000,00,2,3,15,B01
201700029770,0,30,000,00,2,1,01,A01
201700029771,0,07,000,08,0,3,13,A01
201700029772,0,07,000,11,0,1,01,A01
201700029773,1,07,000,13,0,7,14,A01
201700029774,0,07,000,00,0,2,14,A01
201700029775,0,07,000,00,2,4,23,B01
201700029775,0,10,000,00,2,1,01,A01
201700029776,0,14,000,00,2,1,01,B01
201700029776,0,07,000,00,2,1,13,A01
201700029776,0,07,000,00,2,1,01,C01
201700029777,0,07,000,08,0,1,01,A01
201700029778,2,02,000,00,2,2,01,B01
201700029778,2,07,000,00,2,8,11,A01
201700029779,0,02,000,00,2,1,01,B01
201700029779,0,02,000,00,2,0,09,A01
201700029780,0,07,000,00,1,4,04,A01
201700029781,1,33,000,04,0,1,13,A01
201700029782,2,01,000,00,2,3,01,B01
201700029782,1,07,000,00,2,3,15,A01
201700029783,1,07,000,00,0,4,02,C01
201700029783,1,07,000,00,2,4,02,B01
201700029783,1,07,000,00,2,1,02,A01
201700029784,,07,000,08,0,1,13,A01
201700029785,2,07,000,00,2,4,15,B01
201700029785,2,07,000,00,2,1,02,A01
201700029786,1,07,000,00,1,0,21,A01
201700029787,1,07,000,00,1,0,19,A01
201700029788,1,30,000,00,0,2,17,B01
201700029788,1,10,000,00,0,0,01,A01
201700029789,0,07,000,08,0,2,21,A01
201700029790,2,07,000,14,2,1,23,B01
201700029790,2,07,000,00,1,1,01,A01
201700029791,1,07,000,00,1,1,01,A01
201700029792,1,07,000,16,0,1,13,A01
201700029793,2,07,000,00,2,1,01,B01
201700029793,2,07,000,00,2,4,10,A01
201700029794,1,07,000,00,9,1,09,A01
201700029794,1,01,000,00,2,7,01,B01
201700029795,0,02,000,16,0,0,14,A01
201700029796,2,30,000,00,0,0,01,A01
201700029797,1,07,000,00,1,2,01,A01
201700029798,1,07,000,00,1,1,01,B01
201700029799,2,10,000,00,1,1,01,A01
201700029800,1,07,000,00,1,3,00,A01
201700029801,2,33,000,00,2,1,02,A01
201700029801,2,07,000,00,2,8,10,B01
201700029802,1,07,000,00,1,0,00,A01
201700029803,1,07,000,08,2,7,01,B01
201700029803,1,07,000,00,2,1,09,A01
201700029804,1,30,000,00,2,3,02,B01
201700029804,1,07,000,00,2,3,15,A01
201700029805,2,07,000,00,2,3,13,A01
201700029805,1,07,000,00,2,0,00,B01
201700029806,1,07,000,00,2,4,01,B01
201700029806,1,07,000,00,2,1,02,A01
201700029807,1,30,000,00,2,0,01,A01
201700029807,1,30,000,00,2,7,19,B01
201700029808,1,07,000,00,2,8,19,A01
201700029808,1,07,000,00,2,1,01,B01
201700029809,0,02,000,00,2,1,01,B01
201700029809,0,07,000,00,2,3,15,A01
201700029810,1,07,000,00,1,4,04,A01
201700029811,1,07,000,09,0,2,01,A01
201700029812,2,07,000,00,2,2,19,A01
201700029812,2,07,000,00,2,3,01,B01
201700029813,1,07,000,00,2,8,23,A01
201700029813,1,01,000,00,2,1,17,B01
201700029814,1,07,000,00,2,6,23,B01
201700029814,1,10,000,00,2,2,02,A01
201700029815,1,07,000,06,0,2,00,A01
201700029816,2,33,000,00,2,4,23,B01
201700029816,2,07,000,00,2,1,02,A01
201700029817,2,07,000,16,1,4,20,A01
201700029818,1,10,000,00,1,3,01,A01
201700029819,,07,000,00,1,7,01,A01
201700029820,1,02,000,00,0,2,01,A01
201700029821,2,07,000,09,0,1,01,A01
201700029822,1,07,000,00,2,2,15,A01
201700029822,1,31,000,00,2,5,01,B01
201700029823,2,02,000,00,2,1,01,B01
201700029823,1,07,000,00,2,3,15,A01
201700029824,1,34,000,01,0,7,21,A01
201700029825,2,07,000,06,0,8,01,A01
201700029826,1,10,000,00,2,4,02,B01
201700029826,1,10,000,00,2,1,02,A01
201700029827,2,33,000,00,2,7,17,A01
201700029827,2,07,000,00,2,8,15,B01
201700029828,2,31,000,00,2,1,00,B01
201700029828,1,07,000,00,2,2,20,A01
201700029829,2,07,000,00,1,2,00,A01
201700029830,1,07,000,08,0,1,13,A01
201700029831,0,07,000,00,0,1,15,A01
201700029831,0,07,000,00,0,7,01,B01
201700029832,2,07,000,00,2,1,13,A01
201700029832,1,07,000,00,2,1,01,C01
201700029832,1,31,000,00,2,1,01,B01
201700029833,1,31,000,00,2,4,02,B01
201700029833,1,31,000,00,2,1,02,A01
201700029834,1,30,000,00,2,1,01,B01
201700029834,1,07,000,00,2,6,10,A01
201700029835,0,01,000,01,0,2,02,B01
201700029835,0,10,000,00,2,5,23,A01
201700029836,2,31,000,00,0,8,15,A01
201700029837,1,07,000,08,0,2,13,A01
201700029838,1,07,000,00,1,1,01,A01
201700029839,1,07,000,00,1,2,00,A01
201700029840,2,07,000,03,2,1,01,B01
201700029840,0,07,000,00,2,1,23,C01
201700029840,0,07,000,00,2,1,19,A01
201700029841,1,07,000,00,1,3,01,A01
201700029842,1,03,000,00,1,1,01,A01
201700029843,,07,000,00,1,0,00,A01
201700029844,1,07,000,00,1,3,01,A01
201700029845,1,07,000,13,0,2,01,A01
201700029846,1,07,000,00,2,1,00,B01
201700029846,1,07,000,00,2,0,00,A01
201700029847,1,07,000,00,2,0,01,B01
201700029847,1,07,000,00,2,0,15,A01
201700029848,1,07,000,00,2,0,00,A01
201700029848,1,07,000,00,2,0,00,B01
201700029849,1,07,000,04,0,1,09,A01
201700029850,1,07,000,00,2,1,00,A01
201700029850,2,30,000,00,2,1,00,B01
201700029851,1,07,000,00,2,1,01,A01
201700029851,1,01,000,00,2,1,05,B01
201700029852,,07,000,00,2,1,01,A01
201700029852,,02,000,00,2,1,13,B01
201700029853,0,07,000,00,2,4,01,A01
201700029853,0,07,000,00,2,1,02,B01
201700029854,2,07,000,00,2,7,17,A01
201700029854,2,33,000,00,2,8,01,B01
201700029855,1,37,000,00,1,1,01,A01
201700029856,1,07,000,00,1,1,01,A01
201700029857,1,07,000,00,2,4,02,B01
201700029857,1,07,000,00,2,4,02,C01
201700029857,1,07,000,00,2,1,02,A01
201700029858,1,07,000,00,2,1,01,B01
201700029858,2,07,000,00,2,5,15,A01
201700029859,1,07,000,00,2,3,19,B01
201700029859,1,07,000,00,2,1,01,A01
201700029860,1,07,000,00,2,1,01,A01
201700029860,2,07,000,00,2,7,15,B01
201700029861,1,07,000,00,2,8,10,A01
201700029861,1,07,000,00,2,1,01,B01
201700029862,1,10,000,00,2,4,23,A01
201700029862,1,07,000,00,2,1,02,B01
201700029863,1,37,000,00,1,2,01,A01
201700029864,1,07,000,03,0,1,14,A01
201700029865,1,33,000,00,2,4,16,B01
201700029865,1,07,000,00,2,2,16,A01
201700029866,1,07,000,04,0,1,01,A01
201700029867,1,07,000,06,0,1,01,A01
201700029868,,07,000,00,1,3,01,A01
201700029869,1,10,000,00,1,3,21,A01
201700029870,2,07,000,00,2,3,15,B01
201700029870,1,31,000,00,2,1,21,A01
201700029871,2,30,000,00,2,1,01,B01
201700029871,1,07,000,00,2,7,15,A01
201700029872,2,02,000,00,2,2,01,B01
201700029872,1,07,000,00,2,7,19,A01
201700029873,1,07,000,00,1,2,01,A01
201700029874,2,31,000,01,0,1,14,A01
201700029875,1,07,000,00,1,0,00,A01
201700029876,1,33,000,13,0,1,13,A01
201700029877,2,07,000,00,1,1,01,A01
201700029878,2,07,000,00,2,4,01,A01
201700029878,2,14,000,00,2,2,21,B01
201700029879,1,07,000,00,2,8,20,B01
201700029879,1,07,000,00,2,2,01,A01
201700029880,2,07,000,00,1,2,01,A01
201700029881,2,07,000,09,1,1,16,A01
201700029882,0,33,000,00,2,4,19,A01
201700029882,0,07,000,00,2,1,19,Z01
201700029883,1,07,000,00,1,1,02,A01
201700029884,1,07,000,00,1,1,01,A01
201700029885,0,02,000,00,2,1,21,B01
201700029885,1,07,000,00,2,3,15,A01
201700029886,2,02,000,00,2,1,00,A01
201700029886,1,30,000,00,2,1,13,B01
201700029887,1,07,000,08,0,3,14,A01
201700029888,2,33,000,00,2,1,01,A01
201700029888,2,07,000,00,0,6,15,B01
201700029889,2,07,000,00,2,1,01,B01
201700029889,2,31,000,00,2,8,01,A01
201700029890,1,07,000,00,2,3,19,A01
201700029890,1,07,000,00,2,1,01,B01
201700029891,2,01,000,01,0,1,02,B01
201700029891,2,07,000,00,2,3,22,A01
201700029892,1,33,000,00,2,0,09,A01
201700029892,2,07,000,00,2,3,15,B01
201700029893,1,07,000,00,1,1,23,A01
201700029893,1,07,000,00,2,2,23,B01
201700029894,2,07,000,00,2,1,05,A01
201700029894,1,07,000,00,2,1,01,B01
201700029895,2,07,000,00,2,3,15,B01
201700029895,2,31,000,00,2,1,17,A01
201700029896,2,02,000,00,2,1,01,B01
201700029896,1,07,000,00,2,1,15,A01
201700029896,2,02,000,00,2,1,01,C01
201700029897,1,07,000,00,1,3,01,A01
201700029898,1,07,000,00,1,1,01,A01
201700029899,0,10,000,00,2,3,15,B01
201700029899,2,07,000,00,2,2,01,A01
201700029900,2,10,000,08,0,2,02,A01
201700029901,0,07,000,00,2,2,01,A01
201700029901,0,01,000,00,2,1,01,B01
201700029902,2,07,000,00,1,2,00,A01
201700029903,0,07,000,00,2,1,02,A01
201700029903,0,07,000,00,2,4,02,B01
201700029904,1,07,000,00,2,1,02,A01
201700029904,1,07,000,00,2,4,02,B01
201700029904,1,07,000,00,0,4,02,C01
201700029905,1,07,000,00,1,1,15,A01
201700029906,0,07,000,00,4,2,01,A01
201700029906,0,40,001,00,2,2,01,B01
201700029907,2,02,000,00,2,1,01,A01
201700029907,1,07,000,00,2,0,17,Z01
201700029908,1,07,000,00,2,4,02,A01
201700029908,1,07,000,00,0,0,00,Z01
201700029908,1,07,000,00,2,8,01,B01
201700029909,1,17,000,00,2,2,12,A01
201700029909,1,07,000,00,2,6,01,B01
201700029910,0,07,000,00,2,7,00,B01
201700029910,2,07,000,01,0,2,02,A01
201700029911,0,07,000,00,1,3,01,A01
201700029912,1,07,000,00,1,0,00,A01
201700029913,1,07,000,00,2,7,00,B01
201700029913,1,01,000,00,2,1,00,A01
201700029914,1,07,000,00,2,1,01,A01
201700029914,1,07,000,00,2,1,01,B01
201700029915,1,02,000,00,2,1,01,A01
201700029915,1,07,000,00,2,1,01,B01
201700029916,0,01,000,00,2,0,00,B01
201700029916,0,07,000,00,0,3,00,A01
201700029917,0,07,000,00,2,0,00,B01
201700029917,0,07,000,00,2,1,15,A01
201700029918,1,07,000,09,0,1,00,B01
201700029918,1,07,000,00,2,2,19,A01
201700029919,0,07,000,00,2,1,15,A01
201700029919,0,30,000,00,2,7,01,B01
201700029920,0,07,000,00,1,2,01,A01
201700029921,1,07,000,02,0,1,01,A01
201700029922,2,07,000,00,2,1,01,B01
201700029922,1,07,000,00,2,2,15,A01
201700029923,0,07,000,00,2,8,00,B01
201700029923,0,07,000,00,2,2,00,A01
201700029924,0,07,000,00,1,0,00,A01
201700029925,0,07,000,00,2,0,00,B01
201700029925,0,07,000,00,2,0,00,A01
201700029926,0,07,000,00,1,3,21,A01
201700029927,2,40,002,00,1,1,01,A01
201700029928,0,07,000,00,0,1,02,B01
201700029928,0,07,000,00,2,1,02,A01
201700029928,0,07,000,00,0,4,02,C01
201700029929,0,01,000,00,2,8,19,B01
201700029929,0,07,000,00,2,1,15,A01
201700029930,0,07,000,00,2,4,02,B01
201700029930,0,07,000,00,2,1,02,A01
201700029931,1,10,000,00,2,1,02,A01
201700029931,1,07,000,00,2,1,02,C01
201700029931,1,07,000,00,2,4,00,B01
201700029932,1,07,000,00,2,0,00,C01
201700029932,1,07,000,00,2,3,01,B01
201700029932,1,07,000,01,2,2,01,A01
201700029933,2,01,000,00,2,1,19,B01
201700029933,0,07,000,00,2,2,01,A01
201700029934,0,07,000,06,2,7,00,A01
201700029934,0,07,000,00,2,1,01,B01
201700029935,2,07,000,00,2,4,23,B01
201700029935,1,07,000,00,2,1,01,A01
201700029936,0,07,000,00,2,4,00,B01
201700029936,0,07,000,00,2,1,15,A01
201700029937,1,07,000,00,1,1,01,A01
201700029938,0,40,000,00,2,1,00,B01
201700029938,1,07,000,00,4,7,00,A01
201700029939,2,07,000,00,2,4,02,B01
201700029939,2,07,000,00,2,4,02,C01
201700029939,2,07,000,00,2,1,02,A01
201700029940,0,07,000,00,2,1,00,A01
201700029940,1,33,000,00,2,8,00,B01
201700029941,0,02,000,00,2,1,00,B01
201700029941,0,07,000,00,2,3,15,A01
201700029942,0,07,000,00,2,3,15,A01
201700029942,0,33,000,00,2,2,00,B01
201700029943,1,07,000,00,2,4,02,A01
201700029943,1,07,000,00,2,1,02,B01
201700029944,0,07,000,00,2,1,01,C01
201700029944,1,07,000,00,2,2,01,B01
201700029944,0,34,000,00,0,0,00,Z01
201700029944,0,33,000,00,2,1,05,A01
201700029945,0,07,000,00,2,2,15,A01
201700029945,0,07,000,15,2,3,01,B01
201700029946,2,07,000,00,1,2,01,A01
201700029947,0,07,000,08,0,0,00,A01
201700029948,1,07,000,00,2,4,00,T01
201700029948,2,07,000,01,2,5,01,A01
201700029948,0,07,000,00,2,1,01,B01
201700029949,2,07,000,00,1,1,01,A01
201700029950,0,02,000,00,2,1,01,B01
201700029950,0,07,000,00,2,3,10,A01
201700029951,1,07,000,00,1,0,00,A01
201700029952,2,07,000,00,2,8,15,B01
201700029952,2,33,000,00,2,2,17,A01
201700029953,1,31,000,00,2,8,01,B01
201700029953,1,07,000,00,2,1,15,A01
201700029954,2,07,000,00,0,4,02,B01
201700029954,2,07,000,00,0,1,02,A01
201700029955,1,07,000,00,2,2,15,B01
201700029955,2,02,000,00,2,8,08,A01
201700029956,2,07,000,00,0,1,02,B01
201700029956,2,07,000,00,0,4,02,A01
201700029957,1,02,000,00,2,2,17,B01
201700029957,1,07,000,00,2,3,10,A01
201700029958,2,15,000,00,2,4,00,B01
201700029958,2,14,000,00,2,1,01,A01
201700029959,0,07,000,00,2,1,15,A01
201700029959,0,31,000,00,2,1,01,B01
201700029960,0,07,000,00,2,1,15,B01
201700029960,0,30,000,00,2,1,01,A01
201700029961,1,07,000,00,2,5,15,B01
201700029961,2,31,000,00,2,1,01,A01
201700029962,2,07,000,11,0,3,01,A01
201700029963,1,07,000,00,1,0,00,A01
201700029964,1,01,000,00,2,1,00,B01
201700029964,2,07,000,00,9,7,00,A01
201700029965,0,07,000,00,2,1,02,A01
201700029965,0,07,000,00,2,4,02,B01
201700029966,2,07,000,00,1,3,00,A01
201700029967,2,07,000,00,0,5,15,A01
201700029967,1,01,000,00,2,1,01,B01
201700029968,0,07,000,00,1,1,15,A01
201700029969,2,07,000,00,2,1,00,A01
201700029969,1,07,000,00,2,3,00,B01
201700029970,0,01,000,00,2,1,01,B01
201700029970,1,07,000,00,2,2,15,A01
201700029971,0,07,000,00,2,1,00,A01
201700029971,0,07,000,08,2,4,02,B01
201700029972,2,37,000,00,4,8,00,A01
201700029972,2,40,000,00,2,1,19,B01
201700029973,0,30,000,00,2,2,15,B01
201700029973,2,07,000,00,2,2,01,A01
201700029974,0,02,000,11,0,0,00,A01
201700029975,0,07,000,00,2,8,00,A01
201700029975,2,07,000,00,2,2,01,B01
201700029976,0,07,000,00,2,1,00,A01
201700029976,0,07,000,00,2,8,00,B01
201700029977,0,07,000,00,2,2,01,B01
201700029977,0,30,000,00,2,8,00,A01
201700029978,0,30,000,00,1,1,01,A01
201700029979,1,02,000,00,2,1,01,B01
201700029979,0,10,000,00,2,2,12,A01
201700029980,2,07,000,01,0,6,20,B01
201700029980,2,07,000,00,2,2,01,A01
201700029981,0,07,000,00,2,4,02,B01
201700029981,0,07,000,00,2,4,02,C01
201700029981,0,07,000,00,2,1,02,A01
201700029982,2,07,000,01,0,2,00,A01
201700029983,1,07,000,00,2,1,19,A01
201700029983,1,07,000,00,2,7,01,B01
201700029984,1,07,000,00,1,1,00,A01
201700029984,1,07,000,00,0,0,00,B01
201700029985,0,07,000,00,2,1,02,A01
201700029985,0,33,000,00,2,4,02,B01
201700029986,0,07,000,00,1,3,00,A01
201700029987,0,07,000,00,2,3,15,A01
201700029987,0,30,000,00,2,8,01,B01
201700029988,0,07,000,00,2,1,02,A01
201700029988,0,07,000,00,2,4,23,B01
201700029989,1,07,000,00,0,1,02,A01
201700029989,1,07,000,00,0,4,00,B01
201700029990,1,07,000,14,0,3,02,A01
201700029991,1,07,000,00,1,2,00,A01
201700029992,2,07,000,00,2,1,01,A01
201700029992,2,07,000,00,2,5,15,B01
201700029993,0,07,000,00,1,5,02,A01
201700029994,0,07,000,00,2,4,02,C01
201700029994,0,07,000,00,2,4,02,B01
201700029994,0,07,000,00,2,1,02,A01
201700029994,0,07,000,00,2,4,02,D01
201700029995,0,07,000,00,1,1,01,A01
201700029996,2,07,000,00,2,4,23,B01
201700029996,0,07,000,00,2,4,23,C01
201700029996,2,07,000,00,2,1,02,A01
201700029997,0,33,000,00,2,2,01,B01
201700029997,0,07,000,00,2,2,00,A01
201700029998,0,33,000,00,1,1,01,A01
201700029999,2,30,000,00,0,0,01,A01
201700030000,0,07,000,00,1,2,02,A01
201700030001,1,07,000,00,9,1,17,A01
201700030001,1,01,000,00,0,0,00,B01
201700030002,0,07,000,00,1,1,15,A01
201700030003,0,07,000,00,1,2,01,A01
201700030004,0,14,000,00,2,2,01,A01
201700030004,0,07,000,00,2,6,01,B01
201700030005,1,07,000,00,2,1,02,A01
201700030005,1,07,000,00,2,4,02,B01
201700030006,1,07,000,00,1,2,01,A01
201700030007,1,07,000,00,2,3,01,A01
201700030007,1,07,000,00,2,2,01,B01
201700030008,2,14,000,16,0,8,16,A01
201700030009,1,17,000,00,2,2,12,A01
201700030009,1,07,000,00,2,8,00,B01
201700030010,1,07,000,00,1,0,00,A01
201700030011,1,07,000,00,2,1,15,A01
201700030011,1,33,000,00,2,7,01,B01
201700030012,2,30,000,00,2,2,01,B01
201700030012,1,07,000,00,2,6,19,A01
201700030013,0,07,000,00,2,1,13,A01
201700030013,0,07,000,00,2,1,01,B01
201700030014,2,07,000,00,1,0,00,A01
201700030015,0,07,000,00,1,4,04,A01
201700030016,0,02,000,01,0,1,01,B01
201700030016,0,07,000,01,0,3,09,A01
201700030017,0,07,000,01,0,3,00,A01
201700030018,2,07,000,00,1,2,01,A01
201700030019,0,07,000,00,2,3,02,B01
201700030019,0,30,000,00,0,0,00,A01
201700030020,1,10,000,00,1,2,01,A01
201700030021,1,07,000,00,2,4,02,B01
201700030021,1,07,000,00,2,1,02,A01
201700030022,0,07,000,00,0,4,01,B01
201700030022,0,07,000,00,2,1,02,A01
201700030023,0,30,000,00,2,1,16,A01
201700030023,0,07,000,00,2,2,16,B01
201700030024,2,07,000,00,0,3,13,A01
201700030024,1,33,000,00,0,7,14,B01
201700030025,1,07,000,14,0,0,01,A01
201700030026,1,07,000,00,2,1,02,A01
201700030026,1,07,000,00,2,4,23,C01
201700030026,1,07,000,00,2,4,02,B01
201700030027,0,02,000,00,2,1,01,A01
201700030027,0,07,000,00,2,6,15,B01
201700030028,0,10,000,06,0,2,02,A01
201700030029,1,07,000,00,1,3,01,A01
201700030030,0,07,000,00,2,4,02,B01
201700030030,0,07,000,00,2,1,02,A01
201700030031,0,37,001,00,2,3,01,B01
201700030031,0,07,000,00,2,7,16,A01
201700030032,0,07,000,00,2,7,15,A01
201700030032,0,01,000,00,2,0,01,B01
201700030033,,01,000,,,,,B02
201700030033,0,07,000,00,2,5,15,A01
201700030034,1,07,000,00,2,1,02,A01
201700030034,1,07,000,00,2,4,23,B01
201700030035,1,33,000,00,0,3,17,A01
201700030036,0,30,000,00,0,1,02,B01
201700030036,0,07,000,00,0,2,15,A01
201700030037,1,07,000,00,1,0,16,A01
201700030038,1,10,000,00,1,7,16,A01
201700030039,0,31,000,00,2,7,17,B01
201700030039,1,07,000,00,2,3,15,A01
201700030040,1,07,000,00,2,5,09,A01
201700030040,1,31,000,00,2,1,01,B01
201700030041,1,07,000,00,2,1,01,B01
201700030041,1,07,000,00,2,1,15,A01
201700030042,2,07,000,00,0,4,23,B01
201700030042,2,07,000,00,2,1,02,A01
201700030043,1,07,000,00,2,1,14,A01
201700030043,2,07,000,00,2,1,01,B01
201700030044,1,07,000,01,0,2,01,A01
201700030045,1,07,000,00,2,1,15,A01
201700030045,2,02,000,00,2,3,01,B01
201700030046,1,07,000,00,2,1,01,B01
201700030046,1,07,000,00,2,2,01,A01
201700030047,0,07,000,00,2,2,01,B01
201700030047,0,07,000,00,2,8,11,A01
201700030048,1,07,000,00,2,1,15,A01
201700030048,2,07,000,00,2,3,01,B01
201700030049,1,07,000,12,0,3,16,A01
201700030050,1,01,000,01,0,6,19,A01
201700030051,1,07,000,00,2,2,00,A01
201700030051,1,01,000,00,2,7,00,B01
201700030052,1,40,001,00,2,1,19,B01
201700030052,2,07,000,00,4,6,19,A01
201700030053,1,07,000,16,0,9,15,A01
201700030054,1,07,000,00,2,1,01,B01
201700030054,2,07,000,00,2,3,15,A01
201700030055,1,07,000,00,1,2,19,A01
201700030056,1,01,000,00,2,1,01,B01
201700030056,2,10,000,00,2,3,09,A01
201700030057,0,31,000,00,2,1,21,A01
201700030057,0,07,000,00,2,6,16,B01
201700030058,1,31,000,16,0,7,14,A01
201700030059,2,07,000,00,2,3,15,A01
201700030059,1,07,000,00,2,8,01,B01
201700030060,2,30,000,00,2,1,01,A01
201700030060,2,07,000,00,2,5,15,B01
201700030061,1,07,000,00,2,1,19,A01
201700030061,1,07,000,00,2,6,01,B01