Num_Acc,senc,catv,occutc,obs,obsm,choc,manv,num_veh
201700030824,1,07,000,00,2,4,01,B01
201700030825,2,33,000,00,2,4,02,B01
201700030825,2,07,000,00,2,1,01,A01
201700030826,0,07,000,00,9,0,01,A01
201700030827,1,30,000,00,2,7,01,B01
201700030827,1,07,000,00,2,1,19,A01
201700030828,2,07,000,07,0,3,14,A01
201700030829,2,10,000,00,1,7,01,A01
201700030830,0,07,000,00,2,2,01,A01
201700030830,0,10,000,00,2,4,20,B01
201700030831,0,07,000,02,0,1,14,A01
201700030832,2,07,000,00,2,0,00,A01
201700030832,1,01,000,00,2,0,00,B01
201700030833,2,07,000,00,2,1,02,A01
201700030833,2,30,000,00,2,4,16,B01
201700030834,1,07,000,00,2,1,02,A01
201700030834,1,07,000,00,2,4,16,B01
201700030835,1,07,000,00,2,1,02,A01
201700030835,1,07,000,00,2,4,02,B01
201700030835,1,07,000,00,2,4,02,C01
201700030835,1,07,000,00,2,4,02,D01
201700030836,0,07,000,00,2,0,01,B01
201700030836,0,07,000,00,2,8,01,A01
201700030837,0,03,000,00,2,1,15,A01
201700030837,0,33,000,00,2,1,01,B01
201700030838,0,07,000,00,2,8,22,A01
201700030838,2,01,000,00,9,2,01,B01
201700030839,2,07,000,00,2,3,19,A01
201700030839,2,37,001,00,2,2,01,B01
201700030840,1,07,000,00,1,2,01,A01
201700030841,1,07,000,00,2,2,13,A01
201700030841,2,15,000,00,2,1,01,B01
201700030842,2,07,000,00,1,1,01,A01
201700030843,1,30,000,00,2,6,01,B01
201700030843,1,30,000,00,2,2,02,A01
201700030844,0,07,000,00,1,4,20,A01
201700030845,2,33,000,00,0,0,01,A01
201700030846,1,07,000,00,2,4,01,B01
201700030846,1,07,000,00,2,1,02,A01
201700030847,1,07,000,07,0,1,14,A01
201700030848,2,01,000,00,2,1,01,A01
201700030848,2,07,000,00,2,8,01,B01
201700030849,1,07,000,00,2,1,01,A01
201700030849,1,31,000,00,2,4,16,B01
201700030850,0,10,000,00,1,1,01,A01
201700030851,0,03,000,06,0,1,00,A01
201700030852,1,07,000,00,2,4,02,A01
201700030852,1,07,000,00,2,1,02,B01
201700030852,1,07,000,00,2,1,02,D01
201700030852,1,07,000,00,2,4,02,C01
201700030853,1,07,000,00,2,3,01,B01
201700030853,2,10,000,00,2,1,15,A01
201700030854,2,33,000,00,0,0,00,A01
201700030855,2,07,000,15,0,1,01,A01
201700030856,1,03,000,16,0,9,01,A01
201700030857,0,02,000,01,1,0,00,A01
201700030857,0,37,001,00,2,2,24,B01
201700030858,1,02,000,00,2,2,17,B01
201700030858,1,07,000,00,2,3,15,A01
201700030859,0,07,000,00,0,0,22,A01
201700030859,1,01,000,00,2,1,01,B01
201700030860,2,07,000,15,0,1,16,A01
201700030861,2,07,000,00,1,1,01,A01
201700030862,1,07,000,00,2,3,01,B01
201700030862,2,07,000,00,2,1,15,A01
201700030863,1,07,000,00,2,3,01,B01
201700030863,2,07,000,00,2,1,15,A01
201700030864,0,07,000,08,0,1,14,A01
201700030865,1,30,000,00,0,0,01,A01
201700030866,0,07,000,00,2,3,01,B01
201700030866,0,02,000,00,2,1,05,A01
201700030867,0,02,000,16,0,0,01,A01
201700030868,1,07,000,00,2,4,01,B01
201700030868,1,02,000,00,2,1,02,A01
201700030869,1,07,000,00,2,1,01,A01
201700030869,2,01,000,00,2,1,01,B01
201700030870,1,10,000,00,2,1,02,A01
201700030870,1,07,000,00,2,4,01,B01
201700030871,2,07,000,00,2,8,20,B01
201700030871,2,07,000,00,2,3,01,A01
201700030872,0,99,000,00,1,4,04,A01
201700030873,1,07,000,00,2,4,02,B01
201700030873,1,07,000,00,2,1,02,A01
201700030873,1,07,000,00,2,4,02,C01
201700030874,0,07,000,00,1,1,01,A01
201700030875,0,07,000,00,1,3,01,A01
201700030876,2,33,000,00,2,0,01,B01
201700030876,0,07,000,00,2,3,16,A01
201700030877,0,10,000,00,1,1,01,A01
201700030878,0,07,000,00,1,1,01,A01
201700030879,0,30,000,16,0,0,01,A01
201700030880,0,07,000,00,2,2,01,B01
201700030880,0,07,000,00,2,1,09,A01
201700030881,1,07,000,07,0,0,01,A01
201700030882,0,07,000,07,0,0,01,A01
201700030883,2,07,000,16,0,0,01,A01
201700030884,0,01,000,12,0,7,01,A01
201700030885,0,01,000,00,2,1,02,A01
201700030885,0,07,000,00,2,4,02,B01
201700030886,2,07,000,16,0,2,01,A01
201700030887,1,07,000,16,0,0,01,A01
201700030888,2,07,000,14,0,1,01,A01
201700030889,1,07,000,00,2,2,01,B01
201700030889,0,02,000,00,2,0,16,A01
201700030890,2,07,000,00,2,3,01,B01
201700030890,1,07,000,00,2,5,06,A01
201700030891,2,02,000,00,2,1,01,A01
201700030891,2,07,000,00,2,7,16,B01
201700030892,1,07,000,00,2,1,09,A01
201700030892,1,01,000,00,2,5,01,B01
201700030893,2,02,000,00,0,0,01,A01
201700030894,2,30,000,00,2,1,02,A01
201700030894,2,07,000,00,2,4,01,B01
201700030895,1,07,000,00,2,4,16,B01
201700030895,1,07,000,00,2,4,02,A01
201700030896,2,07,000,00,2,1,17,A01
201700030896,2,01,000,00,2,8,15,B01
201700030897,1,07,000,00,2,8,10,Z01
201700030897,1,30,000,00,2,1,17,B01
201700030898,2,33,000,00,2,1,02,A01
201700030898,2,07,000,00,2,4,01,B01
201700030899,1,07,000,00,1,4,04,A01
201700030900,1,07,000,00,2,3,13,A01
201700030900,2,07,000,00,2,3,01,B01
201700030901,2,37,001,00,2,2,01,B01
201700030901,2,07,000,00,2,3,15,A01
201700030902,1,33,000,00,2,1,02,A01
201700030902,1,07,000,00,2,4,01,B01
201700030903,0,03,000,01,0,2,14,A01
201700030904,1,07,000,00,2,4,01,B01
201700030904,1,02,000,00,2,1,02,A01
201700030905,1,10,000,00,0,0,01,A01
201700030906,1,07,000,00,1,7,01,A01
201700030907,2,07,000,00,2,4,01,C01
201700030907,2,07,000,00,2,4,01,B01
201700030907,2,07,000,00,2,4,01,D01
201700030907,2,07,000,00,2,1,02,A01
201700030908,2,07,000,00,2,7,01,B01
201700030908,2,01,000,00,2,1,16,A01
201700030909,1,02,000,00,0,0,01,A01
201700030910,0,07,000,01,0,1,20,A01
201700030911,2,07,000,00,2,2,01,A01
201700030911,2,07,000,00,2,3,01,B01
201700030912,2,33,000,00,0,0,01,A01
201700030913,1,07,000,04,0,3,13,A01
201700030914,2,07,000,00,2,3,13,A01
201700030914,1,10,000,00,2,3,01,B01
201700030914,1,07,000,00,2,8,01,C01
201700030915,1,30,000,08,0,1,01,A01
201700030916,2,10,000,00,2,1,01,B01
201700030916,2,07,000,14,2,5,01,A01
201700030917,1,07,000,04,0,2,01,A01
201700030918,1,07,000,12,0,2,15,A01
201700030919,1,07,000,13,0,1,01,A01
201700030920,1,07,000,08,0,1,14,A01
201700030921,2,07,000,01,0,3,13,A01
201700030922,2,07,000,00,1,3,15,A01
201700030923,2,07,000,07,0,1,09,A01
201700030924,2,07,000,00,2,3,09,A01
201700030924,1,32,000,00,2,2,01,B01
201700030925,1,07,000,00,1,1,01,A01
201700030926,1,07,000,16,0,9,14,A01
201700030927,2,37,001,00,1,7,01,A01
201700030928,2,07,000,00,1,1,01,A01
201700030929,1,01,000,00,2,1,01,B01
201700030929,1,07,000,00,2,3,19,A01
201700030930,2,02,000,00,2,7,01,B01
201700030930,2,07,000,00,2,3,09,A01
201700030931,2,07,000,00,1,1,01,A01
201700030932,1,01,000,00,2,1,01,B01
201700030932,1,07,000,00,2,2,16,A01
201700030933,2,07,000,00,2,1,19,A01
201700030933,2,33,000,00,2,8,01,B01
201700030934,1,07,000,14,0,3,13,A01
201700030935,1,30,000,00,0,8,01,A01
201700030936,2,07,000,16,0,9,04,A01
201700030937,1,02,000,07,0,1,13,A01
201700030938,1,07,000,03,0,1,07,A01
201700030939,1,07,000,00,2,1,02,A01
201700030939,1,37,001,00,2,4,01,B01
201700030940,1,30,000,00,0,0,01,A01
201700030941,1,07,000,03,0,1,01,A01
201700030942,0,07,000,00,1,5,04,A01
201700030943,2,30,000,00,2,4,02,A01
201700030944,0,07,000,16,0,0,01,A01
201700030945,2,07,000,13,0,1,14,A01
201700030946,0,01,000,00,2,5,19,B01
201700030946,1,07,000,00,2,2,01,A01
201700030947,2,01,000,01,0,1,16,A01
201700030948,1,07,000,02,0,2,14,A01
201700030949,2,31,000,00,2,1,17,B01
201700030949,2,07,000,00,2,8,15,A01
201700030950,2,30,000,00,1,1,01,A01
201700030951,0,33,000,16,0,0,01,A01
201700030952,1,07,000,08,0,1,13,A01
201700030953,2,07,000,00,2,4,02,C01
201700030953,2,07,000,00,2,1,01,A01
201700030953,2,07,000,00,2,4,02,B01
201700030954,2,30,000,00,0,0,01,A01
201700030955,2,07,000,06,0,1,05,A01
201700030956,2,07,000,11,0,1,13,A01
201700030957,1,07,000,00,2,7,15,A01
201700030957,2,30,000,00,2,1,01,B01
201700030958,1,07,000,00,1,1,01,A01
201700030959,2,01,000,00,2,7,01,B01
201700030959,1,10,000,00,2,3,09,A01
201700030960,0,07,000,00,2,3,20,A01
201700030960,0,30,000,00,2,7,01,B01
201700030961,0,01,000,16,0,0,00,A01
201700030962,1,02,000,00,1,1,01,A01
201700030963,1,07,000,00,2,8,15,A01
201700030963,1,30,000,00,2,2,17,B01
201700030964,2,07,000,00,2,1,01,A01
201700030964,2,07,000,00,2,4,02,B01
201700030965,1,07,000,00,1,3,01,A01
201700030966,1,33,000,00,2,2,02,A01
201700030966,1,07,000,00,2,6,01,B01
201700030967,1,07,000,00,2,1,01,A01
201700030967,2,38,001,00,2,3,16,C01
201700030967,1,07,000,00,2,4,01,B01
201700030968,1,38,001,00,2,1,16,B01
201700030968,2,07,000,00,2,1,13,A01
201700030969,2,07,000,00,2,5,01,B01
201700030969,2,10,000,00,2,3,02,A01
201700030970,1,10,000,00,1,1,01,A01
201700030971,2,01,000,00,2,3,19,B01
201700030971,1,07,000,00,2,7,01,A01
201700030972,1,07,000,00,2,1,02,A01
201700030972,1,07,000,00,2,4,15,B01
201700030973,2,07,000,00,2,1,01,B01
201700030973,1,07,000,00,2,1,16,A01
201700030974,1,07,000,00,1,1,15,A01
201700030975,2,01,000,00,2,1,16,B01
201700030975,1,37,001,00,2,8,01,A01
201700030976,1,01,000,00,2,7,01,B01
201700030976,1,07,000,00,2,1,09,A01
201700030977,1,33,000,00,2,5,01,B01
201700030977,1,07,000,00,2,3,02,A01
201700030978,1,07,000,00,1,1,01,A01
201700030979,1,07,000,02,0,2,14,A01
201700030980,2,10,000,00,2,1,02,Z01
201700030980,2,07,000,00,2,4,01,B01
201700030981,2,07,000,00,2,1,01,B01
201700030981,1,07,000,00,2,1,13,A01
201700030982,2,07,000,00,1,1,01,A01
201700030983,2,31,000,00,2,1,01,B01
201700030983,2,07,000,00,2,8,09,A01
201700030984,1,33,000,00,2,4,02,B01
201700030984,1,07,000,00,2,4,02,C01
201700030984,1,07,000,00,2,1,01,A01
201700030985,1,07,000,00,1,1,01,A01
201700030986,2,07,000,01,0,2,14,A01
201700030987,2,07,000,00,2,4,01,C01
201700030987,2,07,000,00,2,1,02,A01
201700030987,2,07,000,00,2,4,02,B01
201700030988,2,07,000,00,2,8,15,A01
201700030988,2,30,000,00,2,2,17,B01
201700030989,2,07,000,00,1,1,01,A01
201700030990,1,07,000,00,1,7,01,A01
201700030991,2,07,000,00,1,7,01,Z01
201700030992,1,30,000,00,0,0,01,A01
201700030993,1,33,000,00,0,0,01,A01
201700030994,2,07,000,04,0,3,13,A01
201700030995,2,07,000,00,2,1,01,B01
201700030995,0,07,000,00,2,0,01,A01
201700030996,2,07,000,00,2,1,01,C01
201700030996,2,07,000,00,2,7,01,B01
201700030996,2,07,000,00,2,8,13,A01
201700030997,2,07,000,00,2,4,02,B01
201700030997,2,07,000,00,2,1,02,A01
201700030998,1,07,000,00,2,0,00,A01
201700030998,1,07,000,00,2,0,00,B01
201700030999,1,07,000,16,0,0,01,A01
201700031000,2,07,000,00,2,4,02,B01
201700031000,2,07,000,00,2,4,02,C01
201700031000,2,07,000,00,2,1,02,A01
201700031001,2,07,000,00,2,4,02,B01
201700031001,2,02,000,00,2,1,02,A01
201700031002,1,07,000,00,2,3,13,A01
201700031002,2,07,000,00,2,8,01,B01
201700031003,2,33,000,00,2,1,13,A01
201700031003,1,07,000,00,2,2,01,B01
201700031004,1,07,000,00,2,1,01,B01
201700031004,2,07,000,00,2,1,13,A01
201700031005,1,07,000,00,9,2,01,A01
201700031005,1,99,000,00,0,4,01,B01
201700031006,2,01,000,00,1,1,01,A01
201700031007,1,07,000,00,1,2,01,A01
201700031008,1,02,000,06,0,1,01,A01
201700031009,1,07,000,06,0,1,01,A01
201700031010,1,07,000,00,2,2,15,A01
201700031010,2,02,000,00,2,1,01,B01
201700031011,2,07,000,14,2,1,02,A01
201700031011,2,10,000,14,2,4,02,B01
201700031011,2,07,000,00,0,4,15,C01
201700031012,2,07,000,00,0,1,01,A01
201700031013,1,33,000,16,0,7,21,A01
201700031013,2,07,000,00,0,0,15,B01
201700031014,1,07,000,00,2,8,11,A01
201700031014,1,33,000,00,2,2,17,B01
201700031015,1,07,000,00,2,2,15,A01
201700031015,2,33,000,00,2,1,01,B01
201700031016,2,02,000,14,0,0,05,A01
201700031017,1,33,000,00,2,1,13,A01
201700031017,1,07,000,00,2,1,01,B01
201700031018,1,07,000,00,2,3,15,A01
201700031018,1,33,000,00,2,1,17,B01
201700031019,2,33,000,00,0,3,01,A01
201700031020,1,07,000,00,2,1,17,A01
201700031020,2,07,000,00,2,3,01,B01
201700031021,1,02,000,00,0,7,01,A01
201700031022,1,07,000,00,2,3,13,A01
201700031022,2,10,000,00,2,3,01,B01
201700031023,1,07,000,08,0,3,01,A01
201700031024,1,07,000,00,2,3,17,A01
201700031024,2,02,000,00,2,1,01,B01
201700031025,2,07,000,02,0,1,01,A01
201700031026,1,07,000,00,1,1,16,A01
201700031027,1,07,000,00,1,2,01,A01
201700031028,1,07,000,00,1,2,01,A01
201700031029,1,07,000,00,2,4,02,B01
201700031029,1,07,000,00,2,4,02,D01
201700031029,1,07,000,00,2,4,00,C01
201700031029,1,07,000,00,2,1,00,A01
201700031030,2,07,000,00,2,1,13,A01
201700031030,2,07,000,00,2,1,23,B01
201700031031,1,07,000,00,1,2,15,A01
201700031032,1,07,000,00,1,2,02,A01
201700031033,1,01,000,00,2,1,01,B01
201700031033,1,01,000,00,2,1,01,C01
201700031033,2,07,000,00,2,2,15,A01
201700031034,1,07,000,00,2,5,15,A01
201700031034,2,07,000,00,2,2,01,B01
201700031035,1,07,000,00,2,8,01,A01
201700031035,2,07,000,00,2,1,01,B01
201700031036,2,07,000,00,2,2,16,B01
201700031036,2,02,000,00,2,1,01,A01
201700031037,1,33,000,00,2,4,02,B01
201700031037,1,07,000,00,2,1,02,A01
201700031037,1,07,000,00,2,4,02,C01
201700031038,2,02,000,00,2,1,02,B01
201700031038,2,07,000,00,2,7,15,A01
201700031039,1,31,000,00,2,1,21,A01
201700031039,1,07,000,00,2,5,23,B01
201700031040,2,07,000,00,1,1,16,A01
201700031041,2,07,000,00,2,1,13,A01
201700031041,2,07,000,00,2,1,01,B01
201700031042,1,07,000,00,2,8,15,A01
201700031042,2,07,000,00,2,1,01,B01
201700031043,2,07,000,00,2,3,01,B01
201700031043,2,07,000,00,2,2,15,A01
201700031044,1,01,000,00,1,1,02,A01
201700031045,2,07,000,00,1,1,01,A01
201700031046,2,32,000,00,2,8,13,B01
201700031046,2,10,000,00,2,7,01,A01
201700031047,2,01,000,00,2,1,01,A01
201700031047,1,07,000,00,2,2,15,B01
201700031048,1,30,000,00,2,1,17,A01
201700031048,1,07,000,00,9,3,15,B01
201700031049,2,01,000,00,2,1,01,B01
201700031049,1,07,000,00,2,2,15,A01
201700031050,1,13,000,00,2,4,01,C01
201700031050,1,07,000,00,2,1,01,A01
201700031050,1,07,000,00,2,4,01,B01
201700031051,1,07,000,00,2,1,01,B01
201700031051,1,01,000,00,2,7,19,A01
201700031052,2,37,001,00,1,1,07,A01
201700031053,2,30,000,00,2,1,17,A01
201700031053,2,07,000,00,2,6,15,B01
201700031054,2,07,000,00,2,1,01,A01
201700031054,0,07,000,00,2,1,01,B01
201700031055,1,07,000,00,2,4,23,A01
201700031055,1,01,000,00,2,1,01,B01
201700031056,0,07,000,00,2,3,15,A01
201700031056,0,34,000,00,2,8,01,B01
201700031057,2,30,000,00,2,1,02,A01
201700031057,2,07,000,00,2,4,23,B01
201700031058,2,07,000,00,2,2,17,A01
201700031058,2,01,000,00,2,4,01,B01
201700031059,1,07,000,00,2,4,16,B01
201700031059,1,07,000,00,2,2,02,A01
201700031060,2,30,000,00,1,1,20,A01
201700031061,2,01,000,00,2,1,19,A01
201700031061,1,07,000,00,2,1,01,B01
201700031062,2,07,000,00,2,4,13,A01
201700031062,2,31,000,00,2,1,02,B01
201700031063,2,07,000,00,2,3,11,A01
201700031063,2,02,000,00,2,7,01,B01
201700031064,1,07,000,00,1,1,16,A01
201700031065,1,07,000,00,2,7,15,A01
201700031065,2,07,000,00,2,1,01,B01
201700031066,1,07,000,00,2,2,15,A01
201700031066,2,33,000,00,2,1,01,B01
201700031067,1,07,000,00,2,1,01,C01
201700031067,2,33,000,00,2,1,01,B01
201700031067,1,07,000,00,2,1,15,A01
201700031068,2,07,000,00,2,3,15,B01
201700031068,2,30,000,00,2,1,17,A01
201700031069,1,07,000,00,2,3,15,A01
201700031069,2,01,000,00,2,0,01,B01
201700031070,1,07,000,00,2,1,05,A01
201700031070,2,07,000,00,2,1,01,B01
201700031071,1,07,000,13,0,2,01,A01
201700031072,1,07,000,13,0,2,01,A01
201700031073,1,07,000,13,0,3,01,A01
201700031074,2,33,000,13,0,8,01,A01
201700031075,1,07,000,00,2,3,16,A01
201700031075,1,07,000,00,0,3,01,B01
201700031076,0,07,000,13,0,1,14,A01
201700031077,0,07,000,15,0,2,01,A01
201700031078,0,07,000,00,1,2,01,A01
201700031079,0,02,000,00,2,7,05,A01
201700031079,0,07,000,00,2,2,13,B01
201700031080,1,07,000,00,2,2,15,A01
201700031080,2,07,000,00,2,1,01,B01
201700031081,0,07,000,00,2,0,00,A01
201700031081,0,02,000,00,2,8,15,B01
201700031082,1,02,000,13,0,8,14,A01
201700031083,1,07,000,02,0,1,13,A01
201700031084,1,02,000,00,0,8,01,A01
201700031085,1,07,000,00,2,3,17,A01
201700031085,1,07,000,00,2,4,15,B01
201700031086,1,07,000,13,0,0,00,A01
201700031087,1,02,000,03,0,7,01,A01
201700031088,0,07,000,00,2,1,09,A01
201700031088,0,07,000,00,2,1,00,B01
201700031089,0,02,000,00,2,1,05,A01
201700031089,0,07,000,00,2,3,01,B01
201700031090,0,07,000,02,0,1,00,A01
201700031091,0,03,000,00,2,2,01,A01
201700031091,0,07,000,00,2,8,19,B01
201700031092,2,07,000,00,0,6,23,B01
201700031092,2,07,000,00,0,1,00,A01
201700031093,2,07,000,00,9,1,01,C01
201700031093,2,10,000,00,2,8,01,B01
201700031093,1,30,000,00,2,1,15,A01
201700031094,2,17,000,13,0,3,01,A01
201700031095,0,14,000,13,0,7,14,A01
201700031096,0,14,000,13,0,7,01,A01
201700031097,1,10,000,00,1,1,01,A01
201700031098,1,33,000,02,0,9,00,A01
201700031099,2,07,000,13,0,3,01,A01
201700031100,2,07,000,00,1,1,01,A01
201700031101,2,01,000,13,0,0,14,A01
201700031102,2,02,000,10,0,1,15,A01
201700031103,1,33,000,00,2,1,01,A01
201700031103,1,07,000,00,0,8,19,B01
201700031104,1,07,000,00,2,1,01,B01
201700031104,2,21,000,00,2,2,15,A01
201700031105,1,07,000,06,0,2,01,A01
201700031106,2,36,000,13,0,1,13,A01
201700031107,2,33,000,13,0,1,01,A01
201700031108,2,10,000,00,2,1,15,B01
201700031108,1,07,000,00,2,1,01,A01
201700031109,2,07,000,08,0,8,13,A01
201700031110,1,07,000,06,0,1,19,A01
201700031111,2,07,000,00,2,3,05,B01
201700031111,1,07,000,00,2,3,21,A01
201700031112,2,07,000,00,2,2,16,A01
201700031112,1,01,000,00,2,6,01,B01
201700031113,0,10,000,00,1,5,04,A01
201700031114,2,07,000,00,2,1,01,B01
201700031114,1,07,000,00,2,7,01,A01
201700031115,2,33,000,00,2,1,01,B01
201700031115,2,07,000,00,2,3,15,A01
201700031116,1,07,000,00,2,1,01,A01
201700031116,2,02,000,00,2,7,15,B01
201700031117,0,07,000,00,2,2,01,A01
201700031117,0,01,000,00,2,1,19,B01
201700031118,0,07,000,00,2,3,15,A01
201700031118,0,02,000,00,2,8,17,B01
201700031119,1,07,000,00,1,0,01,A01
201700031120,1,07,000,00,2,3,02,A01
201700031120,1,01,000,00,2,4,14,B01
201700031121,2,07,000,00,2,7,15,A01
201700031121,1,01,000,00,2,1,01,B01
201700031122,2,07,000,00,2,8,09,A01
201700031122,2,01,000,00,2,7,01,B01
201700031123,1,07,000,00,2,2,01,B01
201700031123,1,07,000,00,2,2,01,A01
201700031124,1,30,000,16,0,1,01,A01
201700031125,1,07,000,00,1,8,01,A01
201700031126,0,07,000,00,2,7,09,A01
201700031126,1,30,000,00,2,8,19,B01
201700031127,0,07,000,00,1,2,01,Z01
201700031128,1,07,000,00,1,1,00,Z01
201700031129,2,07,000,00,2,7,15,A01
201700031129,1,07,000,00,2,2,01,B01
201700031130,1,37,002,01,2,3,01,B01
201700031130,2,07,000,00,2,1,13,A01
201700031131,2,07,000,00,2,2,02,A01
201700031131,2,33,000,00,2,1,02,B01
201700031132,1,07,000,04,2,3,15,A01
201700031132,1,33,000,00,2,1,01,B01
201700031133,2,07,000,00,2,3,15,A01
201700031133,1,33,000,00,2,1,01,B01
201700031134,2,07,000,00,1,2,19,A01
201700031135,2,07,000,00,2,1,15,A01
201700031135,1,07,000,00,2,1,01,B01
201700031136,1,07,000,00,2,3,01,B01
201700031136,2,07,000,00,2,3,13,A01
201700031137,0,07,000,00,1,3,13,A01
201700031138,2,07,000,00,1,1,01,A01
201700031139,1,07,000,00,9,3,02,B01
201700031139,1,01,000,00,2,1,15,A01
201700031140,2,07,000,00,1,3,02,A01
201700031141,1,31,000,00,1,1,01,A01
201700031142,1,17,000,00,2,1,01,A01
201700031142,2,07,000,00,2,3,15,B01
201700031143,2,07,000,00,1,3,01,A01
201700031144,1,07,000,00,2,1,13,A01
201700031144,2,07,000,00,2,1,00,B01
201700031145,1,07,000,02,0,1,14,A01
201700031146,1,07,000,00,9,2,02,X01
201700031146,1,01,000,00,2,4,02,A01
201700031147,2,07,000,00,1,2,01,A01
201700031148,1,33,000,12,0,7,14,A01
201700031149,1,07,000,00,2,6,15,A01
201700031149,1,33,000,00,2,1,21,B01
201700031150,1,07,000,00,1,1,00,A01
201700031151,2,31,000,00,2,1,00,B01
201700031151,1,07,000,00,2,1,15,A01
201700031152,1,07,000,00,1,1,15,A01
201700031153,1,07,000,00,0,2,02,A01
201700031154,1,07,000,05,0,1,02,A01
201700031155,2,07,000,00,9,3,15,A01
201700031155,2,01,000,00,2,1,01,B01
201700031156,1,01,000,00,2,7,01,B01
201700031156,1,07,000,00,2,3,10,Z01
201700031157,1,07,000,00,1,3,01,A01
201700031158,1,02,000,00,2,1,01,B01
201700031158,2,07,000,00,2,1,09,A01
201700031159,1,07,000,00,1,1,01,A01
201700031160,1,01,000,00,2,7,19,B01
201700031160,1,07,000,00,2,3,01,A01
201700031161,2,07,000,00,1,1,01,A01
201700031162,1,07,000,00,1,1,16,A01
201700031163,2,07,000,00,2,4,23,B01
201700031163,2,07,000,00,2,4,23,C01
201700031163,2,07,000,00,2,0,23,D01
201700031163,2,07,000,00,2,1,02,A01
201700031164,2,07,000,00,1,1,01,A01
201700031165,1,07,000,00,2,3,10,A01
201700031165,1,07,000,00,2,2,17,B01
201700031166,1,07,000,00,1,2,00,A01
201700031167,1,07,000,00,1,2,01,A01
201700031168,2,07,000,00,2,3,15,A01
201700031168,1,33,000,00,2,3,01,B01
201700031169,1,07,000,00,1,2,02,A01
201700031170,1,07,000,00,1,2,17,A01
201700031171,1,07,000,00,1,8,02,A01
201700031172,1,07,000,00,1,2,00,A01
201700031173,1,37,000,00,2,3,21,B01
201700031173,2,07,000,00,2,6,15,A01
201700031174,1,07,000,00,1,0,00,A01
201700031175,2,07,000,00,2,1,13,A01
201700031175,1,07,000,00,2,2,21,B01
201700031176,2,07,000,00,2,4,23,C01
201700031176,2,31,000,00,2,4,23,D01
201700031176,2,07,000,00,2,4,23,E01
201700031176,2,07,000,00,2,4,23,F02
201700031176,2,07,000,00,2,1,02,A01
201700031176,2,07,000,00,2,4,23,B01
201700031177,1,01,000,00,0,0,00,B01
201700031177,1,07,000,00,9,3,16,A01
201700031178,1,07,000,00,1,2,16,A01
201700031179,1,07,000,00,2,3,15,A01
201700031179,1,07,000,00,2,1,01,B01
201700031180,1,07,000,00,1,1,01,A01
201700031181,1,07,000,00,2,6,23,B01
201700031181,1,07,000,00,2,2,13,A01
201700031182,1,02,000,00,1,2,02,A01
201700031183,1,07,000,00,1,2,01,A01
201700031184,1,07,000,00,2,3,01,B01
201700031184,1,13,000,00,2,8,15,A01
201700031185,1,07,000,00,2,1,15,A01
201700031185,2,07,000,00,2,3,01,B01
201700031186,1,07,000,00,2,1,02,A01
201700031186,1,07,000,00,2,4,01,B01
201700031187,1,07,000,00,2,1,05,A01
201700031187,2,10,000,00,2,1,01,B01
201700031188,1,07,000,00,1,6,01,A01
201700031189,1,07,000,00,2,1,02,A01
201700031189,1,07,000,00,2,4,23,B01
201700031189,1,07,000,00,2,4,02,C01
201700031190,1,07,000,00,1,3,15,A01
201700031191,1,07,000,00,2,6,18,A01
201700031191,1,17,000,00,2,2,15,B01
201700031192,2,07,000,00,1,3,01,A01
201700031193,1,07,000,00,2,4,02,B01
201700031193,1,37,000,00,2,1,01,A01
201700031194,1,07,000,08,0,1,01,A01
201700031195,1,07,000,00,1,6,01,A01
201700031196,1,02,000,00,2,1,01,A01
201700031196,1,02,000,00,2,7,01,B01
201700031197,1,07,000,00,2,2,15,A01
201700031197,2,33,000,00,2,2,01,B01
201700031198,1,10,000,00,2,1,09,A01
201700031198,1,10,000,00,2,1,01,B01
201700031199,1,07,000,00,2,6,15,B01
201700031199,1,33,000,00,2,1,17,A01
201700031200,1,07,000,00,1,3,12,A01
201700031201,1,07,000,00,2,3,16,A01
201700031201,1,02,000,00,2,1,01,B01
201700031202,2,07,000,00,1,1,15,A01
201700031203,1,07,000,02,0,3,14,A01
201700031204,1,03,000,00,1,2,01,A01
201700031205,1,14,000,00,2,3,15,A01
201700031205,2,31,000,00,2,3,01,B01
201700031206,1,10,000,00,2,4,23,B01
201700031206,1,10,000,00,2,1,02,A01
201700031207,1,07,000,00,1,1,15,A01
201700031208,2,01,000,00,2,1,08,B01
201700031208,1,07,000,00,2,3,15,A01
201700031209,1,10,000,00,2,1,01,B01
201700031209,1,07,000,00,2,3,09,A01
201700031210,1,07,000,00,2,1,02,A01
201700031210,1,07,000,00,2,4,01,B01
201700031211,1,07,000,00,2,8,09,A01
201700031211,1,33,000,00,2,2,01,B01
201700031212,2,07,000,00,2,2,15,B01
201700031212,1,07,000,00,2,2,01,A01
201700031213,2,02,000,00,2,1,01,A01
201700031213,1,10,000,00,2,3,15,B01
201700031214,1,07,000,00,2,1,15,A01
201700031214,2,33,000,00,2,1,01,B01
201700031215,1,33,000,00,2,3,01,B01
201700031215,1,07,000,00,2,3,10,A01
201700031216,1,07,000,00,2,1,15,A01
201700031216,2,10,000,00,2,3,01,B01
201700031217,1,02,000,00,2,8,19,A01