Num_Acc,senc,catv,occutc,obs,obsm,choc,manv,num_veh
201700031218,1,07,000,02,0,1,13,A01
201700031219,1,01,000,00,2,0,01,B01
201700031219,1,07,000,00,9,3,09,A01
201700031220,1,07,000,00,2,6,09,A01
201700031220,1,07,000,00,2,3,01,B01
201700031221,1,07,000,00,2,6,23,B01
201700031221,1,07,000,00,2,1,02,A01
201700031222,1,07,000,00,2,1,19,A01
201700031222,1,07,000,00,2,8,01,B01
201700031223,1,07,000,00,2,8,09,A01
201700031223,1,33,000,00,2,1,01,B01
201700031224,2,07,000,00,2,1,13,A01
201700031224,1,07,000,00,2,3,01,B01
201700031225,1,31,000,01,0,2,14,A01
201700031226,1,07,000,00,2,1,15,B01
201700031226,2,31,000,00,2,1,09,A01
201700031227,2,07,000,00,1,1,01,A01
201700031228,1,07,000,00,1,1,01,A01
201700031229,1,07,000,00,2,5,11,B01
201700031229,1,33,000,00,2,1,14,A01
201700031230,1,01,000,00,1,1,05,A01
201700031231,1,07,000,00,2,5,15,A01
201700031231,2,02,000,00,2,1,01,B01
201700031232,1,07,000,00,2,1,01,B01
201700031232,2,07,000,00,2,1,15,A01
201700031233,1,01,000,00,2,1,01,B01
201700031233,1,07,000,00,9,1,09,A01
201700031234,1,07,000,00,1,3,01,A01
201700031235,1,07,000,03,2,1,01,C01
201700031235,1,07,000,00,2,1,13,A01
201700031235,2,15,000,03,2,1,01,B01
201700031236,1,07,000,00,2,7,01,A01
201700031236,1,02,000,00,2,1,09,B01
201700031237,1,01,000,00,2,1,05,A01
201700031237,2,07,000,00,2,2,23,B01
201700031238,1,07,000,00,1,7,01,A01
201700031239,1,37,001,00,1,2,00,A01
201700031240,1,01,000,00,2,7,19,B01
201700031240,1,10,000,00,9,1,16,A01
201700031241,1,07,000,00,1,1,16,A01
201700031242,2,07,000,00,9,5,15,A01
201700031242,1,01,000,00,2,1,01,B01
201700031243,1,07,000,00,2,3,09,A01
201700031243,1,33,000,00,2,4,02,B01
201700031244,1,07,000,00,2,1,02,A01
201700031244,1,33,000,00,2,4,02,B01
201700031245,1,07,000,00,1,2,01,A01
201700031246,1,07,000,00,1,3,01,A01
201700031247,1,07,000,00,1,7,21,A01
201700031248,2,10,000,00,2,3,09,A01
201700031248,1,13,000,00,2,2,01,B01
201700031249,1,07,000,00,2,3,13,A01
201700031249,1,07,000,00,2,7,01,B01
201700031250,1,07,000,00,2,4,02,B01
201700031250,1,07,000,00,2,1,02,A01
201700031251,2,15,000,00,2,1,01,B01
201700031251,1,07,000,00,2,8,09,A01
201700031252,1,07,000,00,1,2,01,A01
201700031253,2,07,000,00,1,3,01,A01
201700031254,2,07,000,00,1,3,01,A01
201700031255,2,07,000,00,2,8,01,B01
201700031255,2,07,000,00,2,1,16,A01
201700031256,1,07,000,00,9,0,16,A01
201700031256,1,36,000,08,0,2,17,B01
201700031256,2,07,000,00,9,0,00,C01
201700031257,1,07,000,00,2,3,16,A01
201700031257,1,02,000,00,2,1,01,B01
201700031258,2,02,000,00,2,1,00,B01
201700031258,1,07,000,00,2,5,19,A01
201700031259,2,07,000,00,2,3,15,B01
201700031259,1,33,000,00,2,1,01,A01
201700031260,1,07,000,00,2,4,02,C01
201700031260,1,07,000,00,2,1,02,A01
201700031260,1,07,000,00,2,1,02,B01
201700031261,1,07,000,00,2,1,01,B01
201700031261,2,02,000,00,2,1,13,A01
201700031262,1,07,000,00,1,1,01,A01
201700031263,2,01,000,01,0,1,24,A01
201700031263,2,17,000,01,9,4,24,B01
201700031264,2,07,000,00,1,1,01,A01
201700031265,2,07,000,08,0,7,14,A01
201700031266,2,01,000,00,1,1,01,A01
201700031267,1,07,000,00,1,1,01,A01
201700031268,1,07,000,00,2,4,02,A01
201700031268,1,01,000,00,2,1,02,B01
201700031269,2,33,000,00,2,1,20,B01
201700031269,2,07,000,00,2,4,20,A01
201700031270,1,07,000,00,2,1,01,A01
201700031270,1,01,000,00,2,1,01,B01
201700031271,2,07,000,00,2,1,13,B01
201700031271,1,17,000,00,2,1,21,A01
201700031272,2,07,000,00,1,2,00,A01
201700031273,1,07,000,08,0,0,01,A01
201700031274,2,07,000,00,1,1,01,A01
201700031275,1,10,000,00,1,1,01,A01
201700031276,1,07,000,00,1,1,00,A01
201700031277,1,07,000,00,1,3,00,A01
201700031278,1,07,000,00,2,1,01,B01
201700031278,2,07,000,00,2,1,17,A01
201700031279,2,07,000,00,2,1,01,B01
201700031279,1,07,000,00,2,3,00,A01
201700031280,1,07,000,00,1,2,01,A01
201700031281,2,07,000,04,0,2,14,A01
201700031282,1,30,000,00,2,1,01,B01
201700031282,1,07,000,00,2,3,09,A01
201700031283,1,07,000,00,1,1,16,A01
201700031284,1,07,000,00,2,1,17,A01
201700031284,1,10,000,00,2,1,01,B01
201700031285,1,07,000,00,2,1,09,A01
201700031285,2,01,000,00,2,2,00,B01
201700031286,1,07,000,00,1,1,01,A01
201700031287,1,07,000,00,1,0,15,A01
201700031288,2,01,000,00,2,7,19,B01
201700031288,1,07,000,00,9,2,16,A01
201700031289,1,01,000,00,2,1,01,B01
201700031289,2,07,000,00,2,3,09,A01
201700031290,1,07,000,00,1,3,00,A01
201700031291,1,07,000,00,1,1,00,A01
201700031292,1,07,000,00,1,3,16,A01
201700031293,1,07,000,00,2,6,00,A01
201700031293,1,33,000,00,2,1,00,B01
201700031294,1,01,000,00,2,3,13,A01
201700031294,1,07,000,00,9,2,00,B01
201700031295,1,07,000,00,9,2,16,A01
201700031295,1,01,000,00,2,4,00,B01
201700031296,1,07,000,00,9,3,09,A01
201700031296,2,01,000,00,2,2,00,B01
201700031297,2,02,000,00,2,3,15,B01
201700031297,2,07,000,00,9,7,17,A01
201700031298,1,10,000,00,2,4,00,B01
201700031298,1,30,000,14,0,1,01,A01
201700031299,1,07,000,00,1,0,00,A01
201700031300,1,33,000,00,2,1,01,B01
201700031300,2,07,000,00,2,5,10,A01
201700031301,1,10,000,01,0,1,15,A01
201700031301,1,07,000,00,2,3,24,B01
201700031302,1,07,000,00,1,2,01,A01
201700031303,2,07,000,00,1,1,01,A01
201700031304,1,01,000,00,2,4,00,B01
201700031304,2,07,000,00,9,1,09,A01
201700031305,1,07,000,06,0,1,13,A01
201700031306,1,07,000,00,9,2,01,A01
201700031306,1,01,000,00,2,8,19,B01
201700031307,2,07,000,00,2,3,01,B01
201700031307,1,07,000,00,2,7,15,A01
201700031308,2,07,000,00,0,9,14,A01
201700031309,2,33,000,00,2,8,01,A01
201700031309,2,07,000,00,0,0,15,B01
201700031310,2,02,000,00,2,1,18,B01
201700031310,2,07,000,00,2,7,16,A01
201700031311,1,02,000,13,0,2,14,A01
201700031312,1,33,000,00,2,1,17,B01
201700031312,1,07,000,00,2,6,00,A01
201700031313,1,10,000,02,0,1,13,A01
201700031314,1,07,000,00,1,1,07,A01
201700031315,1,07,000,02,0,1,14,A01
201700031316,1,07,000,02,0,1,14,A01
201700031317,2,01,000,00,2,1,01,B01
201700031317,1,07,000,00,9,7,15,A01
201700031318,1,37,000,00,1,7,01,A01
201700031319,2,33,000,00,2,1,17,B01
201700031319,2,07,000,00,2,3,10,A01
201700031320,1,07,000,00,1,6,13,A01
201700031321,1,07,000,02,0,1,13,A01
201700031322,2,30,000,00,2,1,01,B01
201700031322,1,07,000,00,2,7,15,A01
201700031323,1,30,000,00,2,1,01,B01
201700031323,2,07,000,00,2,2,15,A01
201700031324,1,07,000,00,1,3,01,A01
201700031325,1,07,000,00,9,1,01,A01
201700031325,2,01,000,00,2,7,19,B01
201700031326,1,07,000,00,2,3,01,B01
201700031326,2,01,000,00,2,7,15,A01
201700031327,1,33,000,00,2,1,17,A01
201700031327,1,07,000,00,2,4,01,B01
201700031328,1,07,000,00,2,1,09,A01
201700031328,1,07,000,00,2,7,00,B01
201700031329,2,01,000,00,2,1,00,B01
201700031329,1,10,000,00,9,1,09,A01
201700031330,2,07,000,00,2,7,01,C01
201700031330,2,07,000,00,2,3,01,B01
201700031330,1,07,000,00,2,3,13,A01
201700031331,1,07,000,00,1,1,01,A01
201700031332,1,07,000,00,2,1,01,A01
201700031332,1,07,000,00,2,4,01,B01
201700031333,1,07,000,00,1,1,15,A01
201700031334,1,10,000,10,0,2,14,A01
201700031335,2,07,000,00,1,2,01,A01
201700031336,1,07,000,00,9,3,15,B01
201700031336,1,01,000,00,2,1,00,A01
201700031337,1,10,000,00,1,1,01,A01
201700031338,2,07,000,00,1,2,01,A01
201700031339,1,10,000,00,1,1,01,A01
201700031340,1,07,000,06,0,2,14,A01
201700031341,1,07,000,00,1,2,01,A01
201700031342,1,07,000,00,9,2,00,A01
201700031342,1,01,000,00,2,1,19,B01
201700031343,1,07,000,01,0,3,24,B01
201700031343,1,07,000,00,1,1,01,A01
201700031344,2,07,000,04,0,3,13,A01
201700031345,1,07,000,00,1,1,16,A01
201700031346,2,07,000,03,0,1,01,A01
201700031347,1,07,000,13,0,2,21,A01
201700031348,2,17,000,00,2,7,05,A01
201700031348,1,07,000,00,2,1,01,B01
201700031349,1,07,000,08,0,1,01,A01
201700031350,1,07,000,00,1,3,01,A01
201700031351,2,07,000,08,0,3,00,A01
201700031352,2,07,000,02,0,9,00,A01
201700031353,1,33,000,12,0,1,01,A01
201700031354,1,33,000,15,0,1,01,A01
201700031355,1,01,000,00,0,0,01,A01
201700031356,2,02,000,13,0,1,01,A01
201700031357,1,33,000,16,0,7,15,A01
201700031358,2,07,000,05,0,2,01,A01
201700031359,2,07,000,01,0,1,00,A01
201700031360,2,07,000,00,2,3,01,A01
201700031360,1,01,000,00,2,6,15,B01
201700031361,0,07,000,00,2,3,10,A01
201700031361,0,30,000,00,2,2,01,B01
201700031362,1,07,000,00,2,3,01,B01
201700031362,2,10,000,00,2,2,15,A01
201700031363,2,10,000,08,9,1,13,A01
201700031363,1,01,000,00,2,1,01,B01
201700031364,0,07,000,13,0,1,01,A01
201700031365,1,03,000,15,0,5,16,A01
201700031366,1,10,000,13,0,1,01,A01
201700031367,2,07,000,00,2,1,02,C01
201700031367,2,07,000,00,2,4,02,A01
201700031367,2,07,000,00,2,1,02,D01
201700031367,2,07,000,00,2,1,02,B01
201700031368,2,07,000,03,2,1,02,B01
201700031368,2,07,000,00,0,4,02,A01
201700031368,2,07,000,00,2,3,02,C01
201700031369,1,07,000,00,0,4,21,C01
201700031369,1,07,000,00,0,4,02,E01
201700031369,1,07,000,00,2,4,02,B01
201700031369,1,07,000,00,2,0,00,A01
201700031369,1,07,000,00,2,1,02,D01
201700031370,1,07,000,00,2,1,02,A01
201700031370,1,17,000,00,0,4,02,B01
201700031371,1,07,000,00,0,9,01,A01
201700031372,2,07,000,00,2,3,13,A01
201700031372,1,10,000,00,2,3,01,B01
201700031373,2,07,000,00,2,3,05,A01
201700031373,1,07,000,00,2,3,05,B01
201700031374,1,07,000,15,0,1,01,A01
201700031375,1,07,000,02,0,8,01,A01
201700031376,2,07,000,00,2,3,13,A01
201700031376,1,10,000,05,2,3,01,B01
201700031377,1,07,000,00,2,3,15,A01
201700031377,1,30,000,00,2,1,01,B01
201700031378,0,33,000,00,2,1,13,A01
201700031378,0,07,000,00,2,1,01,B01
201700031379,1,33,000,00,2,1,01,A01
201700031379,1,07,000,00,2,8,15,B01
201700031380,1,07,000,00,2,3,15,A01
201700031380,2,07,000,00,2,1,01,B01
201700031381,2,07,000,00,2,3,19,A01
201700031381,1,07,000,00,2,2,01,B01
201700031382,1,07,000,00,1,3,01,A01
201700031383,1,01,000,00,0,0,00,B01
201700031383,1,07,000,00,0,0,00,A01
201700031384,1,07,000,00,1,1,00,A01
201700031385,1,07,000,00,1,1,00,A01
201700031386,1,07,000,00,2,7,00,A01
201700031386,1,07,000,00,2,1,00,B01
201700031387,1,07,000,00,1,0,00,A01
201700031388,1,02,000,00,0,0,00,A01
201700031389,1,07,000,00,2,6,04,A01
201700031389,1,07,000,00,2,3,01,B01
201700031390,1,07,000,00,0,9,02,A01
201700031391,0,37,000,00,1,0,00,A01
201700031392,1,07,000,00,1,1,02,A01
201700031393,1,10,000,00,2,1,02,A01
201700031393,1,07,000,00,2,4,02,B01
201700031394,1,07,000,00,2,3,01,B01
201700031394,1,02,000,00,2,2,01,A01
201700031395,1,07,000,00,1,0,15,A01
201700031396,1,07,000,00,2,8,15,A01
201700031396,1,02,000,00,2,2,13,B01
201700031396,2,07,000,00,2,0,24,C01
201700031397,1,07,000,01,0,0,00,A01
201700031397,1,07,000,00,2,7,00,B01
201700031398,1,07,000,00,0,0,00,B01
201700031398,1,99,000,00,0,0,00,A01
201700031399,1,07,000,00,2,0,00,A01
201700031399,1,07,000,00,2,0,00,B01
201700031400,1,07,000,00,1,0,00,A01
201700031401,1,07,000,00,1,0,00,A01
201700031402,1,07,000,00,0,0,00,A01
201700031402,1,07,000,00,0,0,00,B01
201700031403,1,07,000,01,0,0,00,A01
201700031404,1,07,000,00,2,4,02,B01
201700031404,1,07,000,00,2,1,02,A01
201700031405,1,07,000,00,0,0,00,B01
201700031405,1,07,000,00,2,0,02,A01
201700031406,1,07,000,00,2,4,02,B01
201700031406,1,07,000,00,2,1,02,A01
201700031407,1,02,000,16,0,0,00,A01
201700031408,1,07,000,01,0,0,20,A01
201700031409,1,01,000,00,0,0,01,A01
201700031410,0,07,000,00,2,4,02,B01
201700031410,1,07,000,00,2,1,02,A01
201700031411,1,10,000,00,2,1,02,A01
201700031411,1,07,000,00,2,4,02,B01
201700031412,1,07,000,00,2,2,15,A01
201700031412,1,01,000,00,2,0,00,B01
201700031413,1,02,000,00,0,8,00,A01
201700031413,1,07,000,00,0,0,00,Z01
201700031414,1,02,000,00,0,0,00,A01
201700031415,1,10,000,00,2,0,00,B01
201700031415,1,07,000,00,2,0,00,A01
201700031416,1,07,000,00,2,4,02,B01
201700031416,1,10,000,00,2,1,02,A01
201700031417,1,10,000,00,1,7,01,A01
201700031418,1,02,000,00,2,1,02,A01
201700031418,1,07,000,00,2,4,00,B01
201700031419,1,01,000,00,0,0,00,A01
201700031420,1,02,000,00,2,7,09,A01
201700031420,1,10,000,00,2,3,01,B01
201700031421,2,31,000,01,2,1,17,A01
201700031421,1,07,000,01,2,1,15,B01
201700031422,1,34,000,16,0,0,21,A01
201700031423,1,01,000,06,0,1,01,A01
201700031424,2,31,000,00,2,2,09,A01
201700031424,1,07,000,00,2,3,15,B01
201700031425,1,31,000,00,2,3,15,B01
201700031425,2,07,000,00,2,3,16,A01
201700031426,2,33,000,00,2,1,01,B01
201700031426,1,37,000,00,2,2,15,A01
201700031427,1,07,000,00,2,1,02,A01
201700031427,1,07,000,00,9,4,02,B01
201700031428,1,01,000,00,2,4,01,B01
201700031428,1,07,000,00,2,1,09,A01
201700031429,1,14,000,00,1,1,16,A01
201700031430,1,07,000,00,2,1,15,B01
201700031430,1,01,000,00,2,1,01,A01
201700031431,1,07,000,01,0,4,02,A01
201700031432,1,34,000,00,2,1,02,A01
201700031432,1,07,000,00,2,4,23,B01
201700031433,1,07,000,00,2,8,15,B01
201700031433,1,07,000,00,2,1,17,A01
201700031434,1,07,000,00,2,0,09,Z01
201700031434,1,33,000,00,2,0,09,A01
201700031435,1,31,000,00,2,1,14,A01
201700031435,1,07,000,00,2,5,00,B01
201700031436,1,07,000,00,2,1,02,A01
201700031436,1,07,000,00,2,4,02,B01
201700031437,1,07,000,00,1,0,01,A01
201700031438,1,07,000,00,2,3,13,A01
201700031438,2,07,000,00,2,2,01,B01
201700031439,1,01,000,00,1,7,07,A01
201700031440,1,07,000,00,2,1,08,A01
201700031440,1,10,000,00,2,1,07,B01
201700031441,1,10,000,00,2,1,07,A01
201700031441,1,07,000,00,2,3,08,B01
201700031442,1,07,000,00,2,1,08,A01
201700031442,1,07,000,00,2,1,08,B01
201700031443,1,07,000,00,2,8,15,B01
201700031443,1,33,000,00,2,1,01,A01
201700031444,1,07,000,00,2,2,16,A01
201700031444,1,36,000,00,2,3,01,B01
201700031445,1,07,000,00,2,1,07,A01
201700031445,1,07,000,00,2,4,07,B01
201700031446,1,07,000,00,2,2,01,A01
201700031446,1,07,000,00,2,4,04,B01
201700031447,1,07,000,00,1,1,01,A01
201700031448,1,13,000,00,2,1,15,A01
201700031448,1,07,000,00,2,8,19,B01
201700031449,1,03,000,00,0,9,00,A01
201700031450,1,99,000,00,0,7,07,A01
201700031451,1,33,000,00,9,9,01,A01
201700031452,1,07,000,00,2,1,01,B01
201700031452,1,07,000,00,2,4,04,A01
201700031453,1,33,000,11,0,6,07,A01
201700031454,1,07,000,00,2,8,01,B01
201700031454,1,31,000,00,2,1,01,A01
201700031455,1,07,000,00,1,1,07,A01
201700031456,1,07,000,00,2,5,16,B01
201700031456,1,01,000,00,2,1,01,A01
201700031457,1,07,000,00,2,1,02,A01
201700031457,1,07,000,00,2,4,01,B01
201700031458,1,07,000,00,2,5,23,B01
201700031458,1,01,000,00,2,3,01,A01
201700031459,1,07,000,00,2,1,02,A01
201700031459,1,07,000,00,2,4,16,B01
201700031460,1,07,000,00,2,4,07,B01
201700031460,1,34,000,00,2,1,07,A01
201700031461,1,07,000,00,2,1,02,A01
201700031461,1,07,000,00,2,4,01,B01
201700031461,1,07,000,00,2,4,01,C01
201700031462,1,01,000,00,0,0,13,B01
201700031462,1,07,000,00,0,0,09,A01
201700031463,1,07,000,00,2,1,02,A01
201700031463,1,01,000,00,9,4,02,B01
201700031464,1,07,000,00,2,1,07,A01
201700031464,1,07,000,00,2,4,07,C01
201700031464,1,07,000,00,2,4,07,B01
201700031464,1,07,000,00,2,4,07,D01
201700031465,1,31,000,00,2,5,17,A01
201700031465,1,07,000,00,2,3,15,B01
201700031466,2,07,000,00,1,4,02,B01
201700031466,2,01,000,00,2,1,02,A01
201700031467,1,07,000,00,1,1,07,A01
201700031468,1,07,000,00,1,2,01,A01
201700031469,2,07,000,00,2,3,13,B01
201700031469,1,14,000,00,2,3,01,A01
201700031470,2,17,000,01,0,1,01,A01
201700031471,0,14,000,12,0,8,16,A01
201700031472,1,07,000,06,0,4,23,C01
201700031472,1,14,000,00,2,1,02,A01
201700031472,1,07,000,00,2,4,02,B01
201700031473,1,17,000,00,2,1,01,A01
201700031473,0,07,000,00,2,8,19,B01
201700031474,2,14,000,00,2,3,01,B01
201700031474,1,38,006,00,2,8,15,A01
201700031475,1,07,000,00,2,7,06,B01
201700031475,2,14,000,00,2,3,01,A01
201700031476,1,14,000,00,2,3,02,A01
201700031476,0,07,000,00,0,2,15,B01
201700031477,0,07,000,00,1,2,01,A01
201700031478,1,34,000,00,2,1,17,A01
201700031478,2,07,000,00,2,3,15,B01
201700031479,0,07,000,00,1,4,04,A01
201700031480,0,07,000,00,1,7,01,A01
201700031481,0,07,000,00,2,1,05,A01
201700031481,0,34,000,00,2,1,01,B01
201700031482,1,07,000,02,0,3,13,A01
201700031483,0,33,000,14,0,1,01,A01
201700031484,1,01,000,00,2,4,02,B01
201700031484,1,07,000,00,2,1,01,A01
201700031485,1,07,000,00,0,4,23,A01
201700031485,1,15,000,00,2,1,01,B01
201700031486,1,07,000,04,0,3,01,A01
201700031487,0,01,000,14,0,1,01,A01
201700031488,0,02,000,00,2,1,01,B01
201700031488,0,07,000,00,2,5,01,A01
201700031489,2,07,000,06,0,2,01,A01
201700031490,1,07,000,05,0,1,01,A01
201700031491,0,07,000,00,2,1,13,A01
201700031491,0,10,000,00,2,3,01,B01
201700031492,0,07,000,00,1,7,00,A01
201700031493,0,07,000,00,1,2,01,A01
201700031494,0,07,000,00,2,1,01,B01
201700031494,0,07,000,00,2,1,13,A01
201700031495,1,07,000,00,1,1,15,A01
201700031496,2,33,000,00,0,0,00,B01
201700031496,1,07,000,00,2,1,19,A01
201700031497,1,34,000,16,9,3,02,A01
201700031498,1,07,000,00,1,1,01,A01
201700031499,1,07,000,00,1,7,01,A01
201700031500,1,02,000,14,0,2,17,B01
201700031500,1,10,000,00,2,1,09,A01
201700031501,1,07,000,00,1,1,01,A01
201700031502,2,07,000,00,1,1,01,A01
201700031503,1,07,000,00,1,2,00,A01
201700031504,2,07,000,00,1,1,15,A01
201700031505,1,07,000,14,1,3,01,A01
201700031506,1,07,000,00,2,1,01,B01
201700031506,1,07,000,00,2,1,19,A01
201700031507,1,07,000,00,2,1,01,B01
201700031507,2,07,000,00,2,8,19,A01
201700031508,1,07,000,00,1,1,01,A01
201700031509,2,17,000,00,2,5,01,B01
201700031509,2,07,000,15,1,3,21,A01
201700031510,2,33,000,16,0,1,01,A01
201700031511,1,07,000,00,1,0,00,A01
201700031512,1,07,000,00,2,8,15,A01
201700031512,1,33,000,00,2,1,17,B01
201700031513,1,33,000,00,2,1,02,A01
201700031513,1,07,000,00,2,6,15,B01
201700031514,1,07,000,00,2,1,15,A01
201700031514,2,07,000,00,2,3,01,B01
201700031515,2,07,000,00,1,1,01,A01
201700031516,1,07,000,00,2,1,01,A01
201700031516,1,07,000,00,2,8,00,B01
201700031517,1,07,000,00,0,0,22,A01
201700031517,1,01,000,01,0,1,02,B01
201700031518,1,34,000,00,2,1,01,B01
201700031518,1,07,000,00,2,0,01,A01
201700031519,2,07,000,03,2,1,00,B01
201700031519,1,07,000,03,2,1,00,A01
201700031520,1,07,000,00,1,1,01,A01
201700031521,1,07,000,00,2,2,02,B01
201700031521,1,34,000,00,2,6,01,A01
201700031522,2,07,000,00,1,1,01,A01
201700031523,1,07,000,00,2,1,19,A01
201700031523,1,07,000,00,2,2,01,B01
201700031524,1,01,000,12,2,4,19,B01
201700031524,1,07,000,00,9,2,01,A01
201700031525,1,07,000,00,2,2,15,B01
201700031525,2,33,000,00,2,1,15,A01
201700031526,1,10,000,06,2,3,19,A01
201700031527,1,03,000,00,2,1,02,A01
201700031527,1,07,000,00,2,4,01,B01
201700031528,2,33,000,00,2,1,17,B01
201700031528,2,07,000,00,2,3,22,A01
201700031529,2,07,000,00,1,2,01,A01
201700031530,1,07,000,00,1,2,01,A01
201700031531,1,31,000,00,2,1,01,B01
201700031531,1,07,000,00,2,8,15,A01
201700031532,2,07,000,00,2,1,02,A01
201700031532,2,02,000,00,2,4,02,B01
201700031533,1,07,000,00,1,3,01,A01
201700031534,1,07,000,00,1,3,01,A01
201700031535,0,37,000,00,1,1,01,A01
201700031536,1,07,000,00,1,3,01,A01
201700031537,1,07,000,15,0,8,14,A01
201700031538,1,99,000,00,0,1,17,A01
201700031539,1,07,000,00,1,3,15,A01
201700031540,1,07,000,00,1,0,00,A01
201700031541,1,36,000,06,0,1,00,A01
201700031542,1,07,000,00,1,1,02,A01
201700031543,1,36,000,08,0,1,01,A01
201700031544,0,07,000,00,1,3,19,A01
201700031545,1,07,000,13,0,9,17,A01
201700031546,1,07,000,00,2,4,23,D01
201700031546,1,07,000,00,2,7,23,C01
201700031546,1,07,000,00,2,1,02,A01
201700031546,1,07,000,00,2,9,23,B01
201700031547,2,07,000,01,1,2,01,A01
201700031548,1,07,000,00,2,3,13,A01
201700031548,1,07,000,00,2,2,17,B01
201700031549,1,01,000,00,2,1,19,A01
201700031549,1,07,000,00,2,2,01,B01
201700031550,1,33,000,00,2,1,01,B01
201700031550,1,07,000,00,2,6,15,A01
201700031551,1,07,000,07,2,3,13,A01
201700031551,1,14,000,00,2,3,01,B01
201700031552,2,07,000,01,0,2,14,A01
201700031553,1,33,000,07,0,1,13,A01
201700031554,1,30,000,00,2,1,00,B01
201700031554,1,07,000,00,2,3,15,A01
201700031555,0,30,000,00,2,7,01,B01
201700031555,0,07,000,00,2,1,01,A01
201700031556,1,33,000,00,0,0,01,A01
201700031557,1,31,000,00,1,1,01,A01
201700031558,0,07,000,00,1,1,01,A01
201700031559,1,07,000,00,1,0,00,A01
201700031560,1,10,000,00,2,2,19,A01
201700031560,2,07,000,00,2,1,01,B01
201700031561,0,07,000,00,1,1,01,A01
201700031562,1,10,000,08,0,3,01,A01
201700031563,0,07,000,00,1,1,01,A01
201700031564,1,07,000,00,1,7,02,A01
201700031565,0,07,000,00,1,1,01,A01
201700031566,1,33,000,00,2,1,17,A01
201700031566,1,33,000,00,2,4,15,B01
201700031567,1,07,000,00,2,5,17,A01
201700031567,1,31,000,00,2,8,01,B01
201700031568,1,07,000,00,2,3,01,A01
201700031568,1,30,000,00,1,0,00,B01
201700031569,2,07,000,00,2,3,01,B01
201700031569,1,07,000,00,2,3,01,A01
201700031570,0,07,000,00,0,4,01,B01
201700031570,0,07,000,00,2,1,01,A01
201700031571,1,35,000,00,1,0,13,A01
201700031572,0,07,000,00,1,1,00,A01
201700031573,0,07,000,00,1,0,00,A01
201700031574,0,30,000,00,1,1,01,A01
201700031575,0,33,000,00,2,4,02,B01
201700031575,0,07,000,00,2,1,01,A01
201700031576,1,01,000,00,2,1,09,A01
201700031576,1,07,000,00,2,2,01,B01
201700031577,1,07,000,00,2,2,01,B01
201700031577,2,31,000,00,2,1,15,A01
201700031578,1,31,000,00,2,1,13,A01
201700031578,2,07,000,00,2,3,01,B01
201700031579,1,07,000,00,1,1,01,A01
201700031580,0,31,000,00,2,1,01,A01
201700031580,0,37,000,00,2,8,01,B01
201700031581,0,07,000,00,2,2,01,B01
201700031581,0,07,000,00,2,1,01,A01
201700031582,1,10,000,08,0,1,14,A01
201700031583,1,07,000,08,0,1,01,A01
201700031584,0,07,000,00,1,1,14,A01
201700031585,1,07,000,00,2,4,16,A01
201700031585,1,07,000,00,2,1,01,B01
201700031586,1,07,000,01,0,1,01,A01
201700031587,0,07,000,00,2,7,10,A01
201700031587,0,33,000,00,2,1,01,B01
201700031588,1,07,000,00,2,1,01,A01
201700031588,1,03,000,00,2,4,02,B01
201700031589,1,07,000,02,0,3,20,A01
201700031590,0,07,000,00,1,2,01,A01
201700031591,2,01,000,00,2,1,01,B01
201700031591,2,07,000,00,2,1,16,A01
201700031592,1,02,000,00,2,1,01,B01
201700031592,1,07,000,00,2,7,20,A01
201700031593,1,07,000,00,1,1,01,A01
201700031594,2,07,000,00,1,1,01,A01
201700031595,2,07,000,00,1,8,01,A01
201700031596,1,03,000,00,2,3,01,C01
201700031596,2,07,000,00,2,8,01,B01
201700031596,2,07,000,00,2,7,17,Z01
201700031597,1,07,000,00,1,1,01,A01
201700031598,2,07,000,00,2,2,24,B01
201700031598,1,07,000,01,0,2,15,A01
201700031599,2,07,000,00,2,8,09,A01
201700031599,2,01,000,00,2,1,00,B01
201700031600,1,07,000,00,1,1,01,Z01
201700031601,2,30,000,01,0,8,14,A01
201700031602,2,07,000,00,2,2,01,B01
201700031602,1,07,000,00,2,1,13,A01
201700031603,2,33,000,00,0,0,14,A01
201700031604,2,07,000,16,0,1,13,A01
201700031605,2,07,000,00,1,0,01,A01
201700031606,2,07,000,00,1,3,15,A01
201700031607,2,07,000,00,1,2,01,Z01
201700031608,1,07,000,00,2,3,13,A01
201700031608,1,02,000,00,2,1,01,B01
201700031609,1,07,000,00,1,7,01,A01
201700031610,2,07,000,00,2,4,01,B01
201700031610,2,33,000,00,2,1,01,A01
201700031611,2,07,000,01,2,3,21,A01
201700031611,2,02,000,00,2,1,07,B01
201700031612,1,02,000,00,2,8,01,B01
201700031612,1,07,000,00,2,2,01,Z01
201700031613,2,10,000,00,2,1,01,A01
201700031613,2,07,000,00,2,4,23,B01
201700031614,1,07,000,00,1,2,01,A01
201700031615,2,31,000,01,0,1,16,A01
201700031616,1,33,000,00,2,1,01,B01
201700031616,1,07,000,00,2,2,20,A01
201700031617,2,02,000,00,1,1,01,A01
201700031618,2,02,000,00,1,1,01,A01
201700031619,2,10,000,00,2,4,20,A01
201700031619,1,07,000,00,2,1,01,C01
201700031619,2,33,000,00,2,0,21,B01
201700031620,1,07,000,00,2,1,13,A01
201700031620,1,07,000,00,2,1,01,B01