Num_Acc,senc,catv,occutc,obs,obsm,choc,manv,num_veh
201700031621,2,07,000,00,2,3,01,B01
201700031621,2,07,000,00,2,2,19,A01
201700031622,1,02,000,00,2,1,02,B01
201700031622,1,07,000,00,2,2,20,A01
201700031623,2,07,000,00,2,1,13,A01
201700031623,1,07,000,00,2,1,01,B01
201700031624,2,01,000,00,2,0,01,B01
201700031624,2,07,000,00,2,1,01,A01
201700031625,2,99,000,03,2,1,00,A01
201700031625,2,07,000,00,2,8,01,B01
201700031626,1,07,000,00,2,8,15,A01
201700031626,1,33,000,06,2,2,21,B01
201700031627,2,07,000,00,1,1,01,A01
201700031628,1,07,000,00,1,1,01,A01
201700031629,1,34,000,00,1,0,00,A01
201700031630,1,01,000,00,0,4,01,B01
201700031630,1,07,000,00,2,3,13,A01
201700031631,2,07,000,02,0,1,14,A01
201700031632,2,34,000,00,2,1,01,B01
201700031632,1,07,000,00,2,2,20,A01
201700031633,2,07,000,00,2,1,23,A01
201700031633,1,02,000,00,2,7,01,B01
201700031634,2,07,000,00,2,1,02,A01
201700031634,2,07,000,00,2,4,02,B01
201700031635,2,14,000,00,2,3,01,B01
201700031635,1,07,000,00,2,1,13,A01
201700031636,1,07,000,00,2,7,01,B01
201700031636,2,01,000,00,2,4,05,A01
201700031637,2,07,000,00,2,1,01,B01
201700031637,1,30,000,00,2,1,13,A01
201700031638,1,07,000,00,1,1,01,A01
201700031639,2,07,000,00,2,2,15,A01
201700031639,1,02,000,00,2,1,01,B01
201700031640,1,07,000,08,1,1,01,A01
201700031641,2,03,000,00,1,4,20,A01
201700031642,1,33,000,00,2,1,17,A01
201700031642,1,07,000,00,2,3,15,B01
201700031643,1,31,000,01,0,2,01,A01
201700031644,1,01,000,00,2,8,01,B01
201700031644,1,07,000,00,2,7,20,A01
201700031645,2,07,000,00,1,8,01,A01
201700031646,2,30,000,00,2,1,01,A01
201700031646,1,14,000,00,2,2,01,B01
201700031647,2,07,000,01,0,1,14,A01
201700031647,1,07,000,00,0,4,24,B01
201700031648,2,07,000,15,2,1,13,A01
201700031648,1,10,000,00,2,1,01,B01
201700031649,0,07,000,00,2,1,13,A01
201700031649,0,07,000,00,2,1,01,B01
201700031650,1,07,000,02,0,1,14,A01
201700031651,0,37,000,00,1,2,00,A01
201700031652,1,07,000,00,2,3,01,B01
201700031652,1,07,000,00,2,2,01,A01
201700031653,1,07,000,00,9,2,00,A01
201700031653,1,01,000,00,2,0,00,B01
201700031654,1,07,000,00,1,2,00,A01
201700031655,0,07,000,00,1,0,00,A01
201700031656,0,07,000,13,0,3,02,A01
201700031657,0,07,000,00,2,3,00,B01
201700031657,0,07,000,00,2,3,00,A01
201700031658,1,33,000,00,2,0,00,A01
201700031659,1,07,000,00,2,8,16,B01
201700031659,2,07,000,00,2,1,01,A01
201700031660,0,07,000,00,2,7,21,A01
201700031661,1,07,000,00,0,9,01,A01
201700031662,1,07,000,02,0,1,01,A01
201700031663,1,15,000,00,0,0,00,Z01
201700031664,1,07,000,00,1,1,02,A01
201700031665,0,07,000,00,2,1,01,B01
201700031665,0,07,000,00,2,5,15,A01
201700031666,0,07,000,00,2,4,23,B01
201700031666,0,07,000,00,2,1,00,A01
201700031667,0,03,000,00,1,0,00,Z01
201700031668,2,07,000,00,1,1,15,A01
201700031669,1,07,000,00,2,1,05,A01
201700031669,2,07,000,00,2,1,01,B01
201700031670,1,07,000,16,0,3,15,A01
201700031670,1,33,000,00,2,7,16,B01
201700031671,1,99,000,16,0,9,02,A01
201700031672,2,37,000,00,9,3,01,C01
201700031672,1,07,000,15,0,2,01,B01
201700031672,2,99,000,06,0,1,01,A01
201700031673,1,07,000,09,0,9,01,A01
201700031674,1,07,000,00,2,3,20,A01
201700031674,0,33,000,00,2,7,01,B01
201700031675,1,10,000,00,2,1,02,A01
201700031675,2,21,000,00,2,3,01,C01
201700031675,1,07,000,00,2,6,02,B01
201700031676,2,07,000,00,1,2,02,A01
201700031677,2,33,000,00,2,1,01,B01
201700031677,1,15,000,00,2,5,15,A01
201700031678,2,07,000,00,2,1,08,B01
201700031678,1,07,000,00,2,1,14,A01
201700031679,1,01,000,00,2,1,15,B01
201700031679,1,07,000,00,2,5,01,A01
201700031680,2,07,000,00,2,1,09,Z01
201700031680,1,31,000,00,2,8,21,A01
201700031681,1,07,000,00,1,1,15,A01
201700031682,1,07,000,00,1,1,01,A01
201700031683,1,07,000,00,2,8,10,A01
201700031683,1,33,000,00,2,3,17,B01
201700031684,1,31,000,00,2,1,19,B01
201700031684,1,07,000,00,2,3,01,A01
201700031685,1,33,000,00,2,8,19,B01
201700031685,1,07,000,00,2,2,19,A01
201700031686,1,07,000,06,2,3,01,B01
201700031686,1,07,000,01,2,3,16,A01
201700031687,1,31,000,00,2,3,02,A01
201700031687,0,07,000,00,2,2,15,Z01
201700031688,1,07,000,00,2,2,05,A01
201700031688,0,07,000,00,2,2,01,B01
201700031689,1,07,000,00,1,1,01,A01
201700031690,2,07,000,00,1,2,01,A01
201700031691,1,07,000,00,1,1,01,A01
201700031692,1,07,000,12,1,2,01,A01
201700031693,2,13,000,00,2,3,19,B01
201700031693,1,31,000,00,2,7,19,A01
201700031694,1,07,000,00,1,1,01,A01
201700031695,2,07,000,00,1,1,01,A01
201700031696,2,07,000,00,2,1,01,A01
201700031696,1,07,000,00,2,1,13,B01
201700031697,1,07,000,00,1,2,01,Z01
201700031698,1,07,000,01,1,0,00,A01
201700031699,1,07,000,00,2,1,15,A01
201700031699,2,32,000,00,2,8,01,B01
201700031700,2,07,000,00,1,1,17,A01
201700031701,1,07,000,00,1,1,01,A01
201700031702,2,07,000,00,1,1,01,A01
201700031703,1,33,000,00,2,1,01,B01
201700031703,2,07,000,00,2,7,15,A01
201700031704,1,07,000,00,1,0,15,A01
201700031705,2,01,000,00,1,1,01,A01
201700031706,1,31,000,00,2,1,01,B01
201700031706,2,07,000,00,2,3,15,A01
201700031707,1,07,000,00,1,1,01,A01
201700031708,1,07,000,00,1,2,02,A01
201700031709,2,07,000,00,1,2,02,A01
201700031710,2,10,000,00,2,2,15,A01
201700031710,1,31,000,00,2,1,19,B01
201700031711,1,07,000,00,2,0,00,Z01
201700031711,1,07,000,00,2,8,24,A01
201700031712,1,07,000,00,1,3,15,A01
201700031713,2,07,000,00,1,2,15,A01
201700031714,1,07,000,00,1,3,01,A01
201700031715,1,07,000,00,1,1,15,A01
201700031716,0,01,000,00,2,0,00,B01
201700031716,0,07,000,00,0,0,00,Z01
201700031717,2,07,000,00,1,1,15,A01
201700031718,1,07,000,00,1,2,01,A01
201700031719,1,07,000,00,1,1,01,A01
201700031720,2,07,000,11,1,3,16,A01
201700031721,1,07,000,01,1,4,04,A01
201700031722,1,07,000,00,2,7,01,B01
201700031722,2,07,000,00,2,1,15,A01
201700031723,2,01,000,00,2,1,19,A01
201700031723,1,07,000,00,2,1,01,B01
201700031724,0,07,000,00,1,1,00,A01
201700031725,1,07,000,00,1,0,00,Z01
201700031726,1,07,000,00,2,4,16,B01
201700031726,0,07,000,00,2,1,02,A01
201700031727,0,07,000,08,0,9,06,A01
201700031727,0,07,000,00,0,0,00,Z01
201700031728,1,07,000,08,0,1,14,A01
201700031729,1,07,000,00,1,1,02,A01
201700031730,1,33,000,12,0,0,00,A01
201700031731,1,07,000,00,1,3,11,A01
201700031732,0,17,000,14,0,0,14,A01
201700031733,2,07,000,00,0,6,00,A01
201700031733,0,01,000,00,2,8,00,B01
201700031734,0,02,000,00,2,1,01,B01
201700031734,0,07,000,00,2,0,10,A01
201700031735,0,30,000,00,0,0,00,B01
201700031735,0,07,000,00,0,0,00,A01
201700031736,1,34,000,00,2,1,01,B01
201700031736,2,07,000,00,2,2,15,A01
201700031737,1,07,000,00,1,1,00,A01
201700031738,1,07,000,00,2,1,01,A01
201700031738,1,07,000,00,2,8,02,B01
201700031739,1,07,000,00,1,0,00,A01
201700031740,1,07,000,01,1,2,00,A01
201700031741,1,07,000,00,2,1,15,A01
201700031741,1,07,000,00,2,1,01,B01
201700031742,1,07,000,00,2,5,00,B01
201700031742,1,33,000,00,2,2,00,A01
201700031743,1,07,000,00,1,2,01,A01
201700031744,1,07,000,00,2,6,01,B01
201700031744,2,07,000,00,2,1,01,C01
201700031744,1,33,000,00,2,7,17,A01
201700031744,1,15,000,00,0,0,23,D01
201700031745,1,07,000,00,0,0,00,B01
201700031745,1,02,000,00,2,1,18,A01
201700031746,2,07,000,00,2,3,00,A01
201700031746,1,07,000,00,2,7,00,B01
201700031747,0,10,000,00,1,4,04,A01
201700031748,1,07,000,00,2,8,00,A01
201700031748,0,07,000,00,0,0,00,B01
201700031749,0,33,000,00,2,1,01,A01
201700031749,0,07,000,00,2,6,01,B01
201700031750,2,07,000,00,2,1,01,A01
201700031750,2,07,000,00,0,5,15,B01
201700031751,1,07,000,00,2,1,02,A01
201700031751,1,07,000,00,9,4,23,B01
201700031752,0,07,000,00,2,0,00,A01
201700031752,0,33,000,00,2,0,00,B01
201700031753,0,07,000,00,2,1,01,A01
201700031753,0,01,000,00,2,5,19,B01
201700031754,1,07,000,00,2,4,23,B01
201700031754,1,07,000,00,2,1,02,A01
201700031755,0,07,000,00,1,0,00,A01
201700031756,1,02,000,00,1,1,02,Z01
201700031757,1,07,000,00,1,0,16,A01
201700031758,1,07,000,00,1,1,01,A01
201700031759,0,33,000,00,2,0,00,B01
201700031759,2,07,000,00,2,0,00,A01
201700031760,1,07,000,00,2,1,17,A01
201700031760,1,07,000,00,2,1,02,B01
201700031761,2,33,000,06,0,0,06,A01
201700031762,2,36,000,00,1,0,00,Z01
201700031763,2,33,000,09,0,9,02,A01
201700031764,1,36,000,00,2,0,00,Z01
201700031764,2,07,000,00,2,1,15,A01
201700031765,1,07,000,00,1,0,00,A01
201700031766,0,07,000,00,1,2,00,A01
201700031767,1,02,000,00,2,1,02,B01
201700031767,1,07,000,00,2,5,10,A01
201700031768,2,07,000,00,2,1,01,A01
201700031768,1,07,000,00,2,4,01,B01
201700031769,1,30,000,14,0,1,21,A01
201700031770,2,07,000,07,2,8,15,A01
201700031770,2,07,000,00,2,1,01,B01
201700031771,2,07,000,00,2,5,15,A01
201700031771,1,99,000,00,2,1,21,B01
201700031772,1,07,000,00,1,1,01,A01
201700031773,1,31,000,00,2,1,00,A01
201700031773,1,01,000,00,2,1,00,B01
201700031774,0,02,000,00,2,1,19,A01
201700031774,0,07,000,00,2,1,01,B01
201700031775,2,07,000,00,2,2,14,Y01
201700031775,1,07,000,00,2,8,21,A01
201700031776,2,07,000,01,0,0,00,A01
201700031777,1,07,000,00,2,8,24,Z01
201700031777,1,01,000,00,0,0,00,B01
201700031778,1,07,000,00,1,1,01,A01
201700031779,2,07,000,00,1,1,21,A01
201700031780,2,15,000,00,2,1,16,B01
201700031780,1,01,000,00,2,1,05,A01
201700031781,1,07,000,00,2,1,02,A01
201700031781,1,07,000,00,2,6,23,B01
201700031781,1,07,000,00,2,4,23,C01
201700031782,2,07,000,00,2,4,23,A01
201700031782,2,07,000,00,2,4,23,B01
201700031783,1,07,000,00,2,6,15,B01
201700031783,1,30,000,00,2,2,15,A01
201700031784,1,07,000,00,2,1,21,B01
201700031784,1,07,000,00,2,2,21,A01
201700031785,0,07,000,06,0,1,15,A01
201700031786,1,37,001,00,2,1,07,B01
201700031786,1,07,000,00,2,5,16,A01
201700031787,2,07,000,00,2,8,14,B01
201700031787,1,07,000,00,2,1,01,A01
201700031788,2,07,000,00,1,1,19,A01
201700031789,2,07,000,01,0,2,15,A01
201700031790,1,07,000,00,1,0,19,A01
201700031791,2,07,000,00,1,1,01,B01
201700031791,1,07,000,00,1,1,01,A01
201700031792,1,07,000,00,2,3,19,A01
201700031792,2,31,000,00,2,6,01,B01
201700031793,1,07,000,00,1,3,01,A01
201700031794,1,10,000,00,2,1,02,A01
201700031794,1,10,000,00,2,6,10,B01
201700031795,1,07,000,00,2,3,01,A01
201700031795,1,01,000,00,2,7,19,B01
201700031796,2,07,000,08,2,1,00,A01
201700031796,2,07,000,08,2,8,01,B01
201700031797,2,33,000,00,2,7,00,B01
201700031797,2,07,000,00,2,2,15,A01
201700031798,2,07,000,00,2,7,15,A01
201700031798,1,33,000,00,2,1,01,B01
201700031799,1,07,000,00,1,3,02,A01
201700031800,1,07,000,00,2,3,15,Z01
201700031800,2,33,000,00,2,7,01,A01
201700031801,2,07,000,00,2,8,02,B01
201700031801,1,07,000,00,2,1,01,A01
201700031802,1,01,000,13,0,0,02,C01
201700031802,1,01,000,13,0,4,02,B01
201700031802,1,10,000,00,2,2,14,A01
201700031803,0,07,000,00,2,1,19,Z01
201700031803,1,07,000,00,2,7,00,A01
201700031804,1,07,000,00,2,1,01,Z01
201700031804,2,30,000,00,2,7,01,A01
201700031805,1,99,000,00,1,2,00,A01
201700031806,2,30,000,00,2,1,17,A01
201700031806,2,07,000,00,9,8,19,B01
201700031807,2,07,000,01,0,2,14,A01
201700031808,1,07,000,00,2,1,19,B01
201700031808,1,07,000,02,2,6,01,A01
201700031809,1,01,000,00,2,4,02,C01
201700031809,1,01,000,00,2,4,02,B01
201700031809,1,07,000,00,2,1,02,A01
201700031810,1,10,000,08,1,1,16,A01
201700031811,1,33,000,08,0,1,13,A01
201700031812,1,10,000,00,2,4,15,A01
201700031812,1,07,000,00,2,4,02,B01
201700031812,1,07,000,00,2,1,02,C01
201700031813,1,07,000,00,1,2,01,A01
201700031814,1,33,000,02,2,7,17,A01
201700031814,1,07,000,00,2,8,17,B01
201700031815,1,07,000,00,1,3,15,A01
201700031816,1,07,000,15,0,3,01,A01
201700031817,2,07,000,00,2,8,01,B01
201700031817,1,07,000,00,2,1,15,A01
201700031818,1,30,000,00,2,4,02,B01
201700031818,1,07,000,00,2,1,02,A01
201700031819,1,07,000,00,2,4,23,D01
201700031819,1,10,000,00,2,5,23,B01
201700031819,1,07,000,00,2,4,23,E01
201700031819,1,07,000,00,2,3,23,C01
201700031819,1,07,000,14,0,9,18,A01
201700031820,1,07,000,00,1,0,16,Z01
201700031821,1,07,000,00,2,3,23,A01
201700031821,1,07,000,00,2,7,01,C01
201700031821,2,07,000,00,2,4,04,B01
201700031822,2,07,000,00,2,8,01,V01
201700031822,1,07,000,00,2,3,19,A01
201700031823,2,33,000,00,2,8,11,B01
201700031823,2,07,000,00,2,3,15,A01
201700031824,0,07,000,00,2,2,15,B01
201700031824,0,07,000,00,2,1,01,A01
201700031825,0,31,000,00,2,1,21,B01
201700031825,0,07,000,00,9,1,15,A01
201700031826,1,07,000,00,1,1,01,A01
201700031827,1,07,000,00,9,1,19,B01
201700031827,1,33,000,00,2,1,19,A01
201700031828,1,07,000,00,2,1,09,A01
201700031828,1,07,000,08,2,3,02,B01
201700031829,1,01,000,00,2,8,02,B01
201700031829,1,13,000,00,9,8,02,A01
201700031830,0,07,000,00,1,1,01,A01
201700031831,2,33,000,00,2,2,17,A01
201700031831,2,07,000,00,2,3,15,B01
201700031832,2,33,000,00,2,1,01,B01
201700031832,2,07,000,00,2,4,15,Z01
201700031833,0,07,000,01,0,8,14,A01
201700031834,1,07,000,01,0,2,01,A01
201700031835,2,34,000,01,2,1,24,B01
201700031835,1,34,000,00,2,1,13,A01
201700031836,1,07,000,00,2,3,02,B01
201700031836,1,07,000,00,2,1,09,A01
201700031837,1,07,000,00,1,1,14,A01
201700031838,1,07,000,00,2,1,02,B01
201700031838,2,07,000,14,0,1,13,A01
201700031839,0,01,000,00,1,1,17,A01
201700031840,2,07,000,00,2,3,01,B01
201700031840,1,07,000,00,2,2,15,A01
201700031841,0,07,000,00,2,3,15,B01
201700031841,0,07,000,00,2,2,01,A01
201700031842,1,07,000,00,1,3,01,A01
201700031843,1,07,000,08,1,1,13,A01
201700031844,1,07,000,00,1,3,01,A01
201700031845,1,07,000,09,2,1,15,A01
201700031845,2,07,000,00,2,1,01,B01
201700031846,1,07,000,00,1,4,04,A01
201700031847,1,07,000,08,2,1,11,A01
201700031847,2,07,000,00,2,1,01,B01
201700031848,1,07,000,00,1,1,01,Z01
201700031849,1,07,000,00,1,1,15,A01
201700031850,1,07,000,00,2,1,01,A01
201700031850,1,07,000,00,2,3,09,B01
201700031851,1,99,000,00,2,1,01,A01
201700031851,1,07,000,15,2,8,01,B01
201700031852,1,07,000,00,2,3,13,A01
201700031852,1,07,000,00,2,8,19,B01
201700031853,1,07,000,00,2,4,23,B01
201700031853,1,07,000,00,2,1,23,A01
201700031854,0,07,000,00,2,3,15,A01
201700031854,0,01,000,00,2,1,17,B01
201700031855,0,01,000,00,2,1,16,B01
201700031855,2,99,000,00,2,0,15,Z01
201700031856,2,33,000,00,2,1,01,B01
201700031856,1,07,000,00,2,0,15,A01
201700031857,2,07,000,00,2,3,15,A01
201700031857,2,33,000,00,2,1,01,B01
201700031858,1,07,000,00,1,2,01,A01
201700031859,1,07,000,00,2,3,01,A01
201700031859,1,07,000,00,2,3,13,B01
201700031860,1,07,000,00,2,1,15,B01
201700031860,2,07,000,00,2,1,09,A01
201700031861,1,07,000,00,1,1,01,A01
201700031862,0,07,000,00,2,8,15,B01
201700031862,0,33,000,14,0,3,13,A01
201700031863,2,07,000,00,2,2,15,A01
201700031863,1,07,000,00,2,1,01,B01
201700031864,1,07,000,00,1,1,16,A01
201700031865,1,07,000,00,1,2,01,A01
201700031866,1,07,000,00,2,2,15,B01
201700031866,1,33,000,00,2,1,01,A01
201700031867,1,07,000,01,0,8,19,A01
201700031868,1,30,000,12,1,1,00,A01
201700031869,2,07,000,00,2,1,01,A01
201700031869,1,07,000,00,2,1,13,B01
201700031870,2,07,000,00,1,2,01,A01
201700031871,1,07,000,00,1,2,02,A01
201700031872,0,07,000,00,1,0,00,Z01
201700031873,1,07,000,00,1,1,01,A01
201700031873,1,07,000,00,2,5,15,B01
201700031874,1,07,000,06,0,0,14,C01
201700031875,1,07,000,00,2,1,01,A01
201700031875,2,07,000,00,2,7,15,B01
201700031876,0,07,000,00,2,8,09,B01
201700031876,0,07,000,00,2,1,01,A01
201700031877,2,07,000,00,1,3,02,A01
201700031878,0,07,000,00,1,1,00,A01
201700031879,2,07,000,00,2,1,00,A01
201700031879,1,07,000,00,2,2,00,B01
201700031880,2,07,000,00,2,7,01,A01
201700031880,1,07,000,00,2,1,01,B01
201700031881,1,07,000,00,2,7,00,A01
201700031881,1,07,000,00,2,1,09,Z01
201700031882,1,07,000,00,2,2,15,C01
201700031882,2,07,000,01,2,2,02,A01
201700031883,1,10,000,00,1,0,00,A01
201700031884,1,07,000,00,1,2,01,A01
201700031885,2,07,000,00,2,1,00,B01
201700031885,2,33,000,00,2,8,00,A01
201700031886,1,07,000,00,2,3,15,A01
201700031886,1,01,000,00,2,2,02,B01
201700031887,1,34,000,00,2,3,01,B01
201700031887,2,07,000,00,2,2,01,A01
201700031888,1,01,000,16,0,0,01,A01
201700031889,0,07,000,00,2,1,01,A01
201700031889,0,07,000,00,2,1,01,B01
201700031890,0,07,000,02,0,2,00,A01
201700031891,1,07,000,08,2,2,14,A01
201700031892,2,07,000,00,1,1,01,A01
201700031893,0,07,000,00,1,8,01,A01
201700031894,0,07,000,00,1,2,16,A01
201700031895,1,07,000,00,1,2,02,A01
201700031896,0,01,000,00,0,0,00,B01
201700031896,0,07,000,00,0,0,00,Z01
201700031897,1,07,000,04,0,1,02,A01
201700031898,1,07,000,00,1,0,00,A01
201700031899,2,33,000,01,0,1,13,A01
201700031900,2,07,000,00,1,1,00,A01
201700031901,1,07,000,00,1,1,13,A01
201700031902,2,36,000,13,0,1,01,A01
201700031903,1,33,000,00,2,1,01,B01
201700031903,2,07,000,00,2,7,15,A01
201700031904,0,07,000,00,1,1,16,A01
201700031905,0,99,000,09,0,1,00,A01
201700031906,1,07,000,00,1,2,01,A01
201700031907,1,33,000,00,2,1,01,A01
201700031907,1,07,000,00,2,8,15,B01
201700031908,1,07,000,00,2,1,01,A01
201700031908,1,07,000,00,2,0,00,B01
201700031909,0,07,000,09,0,1,02,A01
201700031910,1,07,000,08,2,1,01,A01
201700031910,1,07,000,00,2,0,00,B01
201700031911,1,07,000,00,1,2,00,A01
201700031912,1,07,000,09,0,1,14,A01
201700031913,0,07,000,00,2,1,01,C01
201700031913,2,07,000,00,2,3,01,B01
201700031913,1,07,000,00,2,3,00,A01
201700031913,1,13,000,00,0,0,00,Z01
201700031914,1,07,000,00,1,1,02,A01
201700031915,1,07,000,00,1,1,02,A01
201700031916,2,30,000,00,2,2,01,B01
201700031916,1,07,000,00,2,8,01,A01
201700031917,2,07,000,00,1,8,01,Z01
201700031918,2,07,000,00,1,2,01,A01
201700031919,1,07,000,00,1,7,17,A01
201700031920,1,07,000,00,1,3,15,A01
201700031921,1,07,000,00,0,6,17,A01
201700031921,2,01,000,00,2,1,00,B01
201700031922,2,30,000,00,2,1,01,B01
201700031922,2,07,000,00,2,3,15,A01
201700031923,1,99,000,00,1,1,15,A01
201700031924,2,07,000,14,2,0,16,A01
201700031924,1,07,000,00,2,3,01,B01
201700031925,1,33,000,00,2,3,02,A01
201700031925,1,07,000,00,2,7,15,B01
201700031926,1,07,000,00,2,3,09,A01
201700031926,1,01,000,00,2,4,09,B01
201700031927,2,07,000,00,1,1,01,Z01
201700031928,1,07,000,00,2,2,00,B01
201700031928,2,30,000,00,2,1,00,A01
201700031929,1,07,000,01,0,0,00,A01
201700031930,2,07,000,00,2,1,01,B01
201700031930,1,07,000,00,2,7,15,A01
201700031931,2,07,000,00,2,0,00,A01
201700031931,2,07,000,00,2,1,01,B01
201700031932,1,07,000,00,2,7,19,A01
201700031932,2,07,000,00,2,1,01,B01
201700031933,1,02,000,00,2,1,17,A01
201700031933,2,07,000,00,2,1,01,B01
201700031934,1,07,000,00,2,2,19,A01
201700031934,1,07,000,00,2,3,02,B01
201700031935,2,07,000,00,2,3,01,B01
201700031935,1,07,000,13,2,1,01,A01
201700031936,2,33,000,00,2,3,17,A01
201700031936,2,07,000,00,0,6,15,B01
201700031937,2,07,000,00,2,3,01,A01
201700031937,2,07,000,00,2,1,01,B01
201700031938,2,07,000,00,1,3,01,A01
201700031939,2,07,000,00,2,1,00,A01
201700031939,1,01,000,00,2,6,00,B01
201700031940,0,01,000,00,2,8,01,B01
201700031940,2,07,000,00,2,1,01,A01
201700031941,1,07,000,00,2,1,01,A01
201700031941,2,07,000,00,2,8,00,B01
201700031942,1,37,000,01,0,4,00,C01
201700031942,1,02,000,01,2,1,14,A01
201700031942,1,07,000,00,2,3,15,B01
201700031943,2,07,000,00,2,1,01,B01
201700031943,2,07,000,00,2,7,19,A01
201700031944,2,07,000,00,1,1,15,A01
201700031945,1,07,000,00,2,3,15,B01
201700031945,1,33,000,08,2,8,17,A01
201700031946,2,07,000,00,2,1,01,A01
201700031946,2,07,000,00,2,1,09,Z01
201700031947,1,07,000,00,2,3,01,B01
201700031947,1,01,000,00,2,1,01,A01
201700031948,1,33,000,00,2,1,01,B01
201700031948,1,07,000,00,2,3,09,A01
201700031949,1,07,000,08,2,2,19,B01
201700031949,1,07,000,00,2,8,19,A01
201700031950,1,03,000,00,1,1,15,A01
201700031951,1,07,000,00,2,4,01,B01
201700031951,1,07,000,00,2,1,01,A01
201700031952,2,10,000,00,2,8,15,A01
201700031952,2,33,000,00,2,9,17,B01
201700031953,2,07,000,00,2,1,19,A01
201700031953,2,07,000,00,2,7,01,B01
201700031954,2,30,000,00,2,1,13,A01
201700031954,1,07,000,00,2,3,02,B01
201700031955,1,07,000,00,2,1,01,A01
201700031955,1,01,000,00,2,1,01,B01
201700031956,1,07,000,00,2,4,23,C01
201700031956,1,07,000,00,2,4,23,A01
201700031956,1,07,000,00,2,4,23,B01
201700031956,1,14,000,01,0,1,01,D01
201700031957,1,07,000,00,2,6,21,B01
201700031957,2,07,000,00,2,1,21,A01
201700031958,2,07,000,00,2,1,21,A01
201700031958,1,01,000,00,2,8,19,B01
201700031959,2,07,000,00,2,6,02,A01
201700031959,2,31,000,00,2,2,02,B01
201700031960,1,10,000,00,2,1,16,A01
201700031960,2,10,000,00,2,1,01,B01
201700031961,1,07,000,00,2,3,01,B01
201700031961,0,07,000,00,2,1,19,A01
201700031962,2,07,000,00,1,8,15,A01
201700031963,2,01,000,00,2,1,02,B01
201700031963,2,07,000,00,2,2,17,A01
201700031964,1,07,000,00,2,1,01,A01
201700031964,1,07,000,00,2,8,15,B01
201700031965,1,31,000,00,2,1,01,B01
201700031965,1,07,000,00,2,5,01,A01
201700031966,2,07,000,00,1,1,00,Z01
201700031967,1,07,000,00,2,1,01,A01
201700031967,2,07,000,00,2,1,23,C01
201700031967,1,07,000,00,2,5,01,B01
201700031968,2,07,000,00,2,1,21,C01
201700031968,1,07,000,09,2,1,01,A01
201700031968,1,07,000,00,0,7,21,B01
201700031969,2,07,000,00,2,1,17,A01
201700031969,1,07,000,06,2,2,16,B01
201700031970,1,07,000,00,1,2,17,A01
201700031971,2,33,000,00,2,1,01,B01
201700031971,1,07,000,00,2,1,15,A01
201700031972,1,30,000,00,2,8,01,B01
201700031972,1,07,000,00,2,1,19,A01
201700031973,2,07,000,00,1,1,00,A01
201700031974,1,07,000,01,2,1,14,C01
201700031975,2,07,000,00,2,1,01,B01
201700031975,2,01,000,00,2,1,15,A01
201700031976,1,10,000,02,0,1,13,A01
201700031977,1,07,000,00,2,7,01,Z01
201700031977,1,31,000,00,2,1,01,A01
201700031978,1,07,000,00,1,2,01,A01
201700031979,2,10,000,00,2,3,21,B01
201700031979,1,07,000,00,2,8,09,A01
201700031980,1,40,000,00,1,2,01,A01
201700031981,1,07,000,00,1,2,01,A01
201700031982,2,02,000,00,2,1,01,A01
201700031982,2,07,000,00,9,4,23,B01
201700031983,1,07,000,00,2,8,15,A01
201700031983,2,33,000,00,2,1,02,B01
201700031984,2,07,000,01,2,6,01,A01
201700031984,2,07,000,00,2,1,01,B01
201700031985,2,07,000,00,1,1,19,A01
201700031986,1,07,000,00,1,2,01,A01
201700031987,1,07,000,00,2,8,21,A01
201700031987,1,07,000,01,2,3,21,B01
201700031988,1,07,000,00,2,4,02,B01
201700031988,1,07,000,00,2,1,02,A01
201700031988,1,07,000,00,2,4,02,C01
201700031989,1,07,000,00,2,1,05,A01
201700031989,1,10,000,00,2,1,01,L01
201700031990,2,07,000,00,1,2,01,A01
201700031991,1,31,000,01,0,7,21,D01
201700031992,1,07,000,00,1,0,00,Z01
201700031993,2,07,000,00,1,2,15,A01
201700031994,2,07,000,00,2,4,02,B01
201700031995,1,07,000,01,0,4,23,C01
201700031995,1,07,000,01,2,1,23,A01
201700031995,1,07,000,01,0,4,23,B01
201700031996,1,10,000,00,1,4,20,A01
201700031997,2,07,000,00,2,1,14,B01
201700031997,1,07,000,00,2,1,13,A01
201700031998,2,07,000,00,1,2,01,A01
201700031999,1,07,000,00,2,1,16,A01
201700031999,1,01,000,00,2,1,21,B01
201700032000,2,07,000,00,2,3,19,B01
201700032000,2,33,000,00,2,1,17,A01
201700032001,1,07,000,00,1,1,01,A01
201700032002,1,07,000,01,0,1,21,A01
201700032003,2,07,000,00,1,2,01,A01
201700032004,2,07,000,00,1,1,01,A01
201700032005,1,07,000,00,1,1,01,A01
201700032006,1,07,000,00,1,1,16,A01
201700032007,2,07,000,00,2,6,15,A01
201700032007,1,01,000,00,2,1,01,B01
201700032008,1,07,000,00,2,2,19,A01
201700032008,1,07,000,00,2,1,19,B01
201700032009,1,10,000,00,1,2,01,A01
201700032010,2,07,000,00,2,8,01,B01
201700032010,1,07,000,08,2,1,01,A01
201700032011,1,37,000,00,1,2,07,A01
201700032012,1,07,000,00,2,6,11,B01
201700032012,1,07,000,00,2,1,01,A01
201700032013,2,33,000,00,2,3,16,A01