Num_Acc,senc,catv,occutc,obs,obsm,choc,manv,num_veh
201700032419,0,07,000,00,1,6,01,A01
201700032420,1,07,000,02,0,1,01,A01
201700032421,2,02,000,00,6,1,01,A01
201700032422,0,07,000,00,2,4,01,A01
201700032422,0,33,000,00,2,1,02,B01
201700032423,2,07,000,13,0,1,14,A01
201700032424,1,15,000,00,0,4,01,B01
201700032424,1,07,000,00,2,3,02,C01
201700032424,1,07,000,00,2,1,02,A01
201700032425,2,10,000,00,2,2,01,B01
201700032425,2,07,000,00,2,4,02,C01
201700032425,2,07,000,00,2,1,00,A01
201700032426,0,14,000,00,2,7,01,A01
201700032426,0,01,000,00,2,8,01,B01
201700032427,2,07,000,03,0,5,01,A01
201700032428,1,33,000,16,0,8,21,A01
201700032429,2,07,000,00,2,4,01,A01
201700032429,2,07,000,01,0,1,01,B01
201700032430,2,07,000,00,2,1,01,A01
201700032430,2,07,000,00,2,3,15,B01
201700032431,2,01,000,00,2,1,21,A01
201700032431,1,01,000,00,2,1,21,B01
201700032432,2,33,000,00,2,1,21,B01
201700032432,1,07,000,00,2,3,01,A01
201700032433,1,07,000,00,1,2,01,A01
201700032434,2,07,000,00,2,7,10,A01
201700032434,2,15,000,00,2,1,01,B01
201700032435,2,07,000,00,2,3,09,A01
201700032435,2,32,000,00,2,5,01,B01
201700032436,2,01,000,08,0,1,01,A01
201700032437,1,30,000,00,2,1,02,A01
201700032437,1,07,000,00,2,5,23,B01
201700032438,1,01,000,16,0,7,01,A01
201700032439,1,13,000,14,2,1,01,A01
201700032439,1,07,000,00,2,1,02,B01
201700032440,2,02,000,00,2,4,01,B01
201700032440,2,07,000,00,2,2,09,A01
201700032441,1,07,000,00,2,1,01,A01
201700032441,2,01,000,00,2,7,19,B01
201700032442,2,07,000,00,1,2,01,A01
201700032443,1,07,000,00,2,8,15,A01
201700032443,1,33,000,00,2,1,01,B01
201700032444,1,34,000,00,2,1,02,A01
201700032444,1,07,000,00,2,4,23,B01
201700032445,2,07,000,00,2,1,17,A01
201700032445,2,01,000,00,2,3,01,B01
201700032445,1,07,000,00,2,1,23,C01
201700032446,2,07,000,00,2,2,15,A01
201700032446,1,02,000,00,2,1,01,B01
201700032447,1,07,000,00,2,1,13,A01
201700032447,2,07,000,00,2,1,01,B01
201700032448,1,07,000,13,0,3,13,A01
201700032449,2,01,000,00,2,7,01,B01
201700032449,1,07,000,00,2,1,09,A01
201700032450,2,33,000,16,0,0,21,B01
201700032451,2,02,000,00,1,1,01,A01
201700032452,2,17,000,00,2,2,15,A01
201700032452,1,33,000,00,2,1,01,B01
201700032453,1,07,000,00,1,5,01,A01
201700032454,1,01,000,16,0,7,01,A01
201700032455,1,02,000,00,1,1,21,A01
201700032456,2,07,000,02,0,1,14,A01
201700032457,1,02,000,00,2,1,05,A01
201700032457,1,07,000,00,2,5,15,B01
201700032458,1,07,000,00,1,1,01,A01
201700032459,1,07,000,00,1,3,15,A01
201700032460,2,07,000,00,1,2,21,A01
201700032461,1,07,000,00,9,2,01,A01
201700032461,1,01,000,00,2,4,01,B01
201700032462,2,07,000,02,0,9,01,A01
201700032463,1,07,000,16,0,1,01,A01
201700032464,2,07,000,00,2,3,13,A01
201700032464,1,07,000,00,2,3,01,B01
201700032465,1,10,000,00,0,7,15,A01
201700032466,1,07,000,02,0,2,14,A01
201700032467,1,07,000,00,2,1,01,A01
201700032467,1,02,000,00,2,4,01,B01
201700032468,1,07,000,00,2,3,13,A01
201700032468,2,07,000,00,2,3,01,B01
201700032469,1,07,000,01,0,2,14,A01
201700032469,1,10,000,00,2,6,24,B01
201700032470,2,16,000,13,0,2,14,A01
201700032471,2,17,000,00,2,1,02,A01
201700032471,2,07,000,00,0,6,02,B01
201700032472,1,17,000,01,1,2,02,A01
201700032473,1,33,000,00,2,1,02,A01
201700032473,1,07,000,00,0,4,02,B01
201700032474,2,07,000,00,2,3,09,A01
201700032474,1,31,000,00,2,1,01,B01
201700032475,1,33,000,11,0,0,02,A01
201700032476,1,33,000,00,2,4,02,A01
201700032476,1,07,000,00,2,1,02,B01
201700032477,2,02,000,00,2,1,19,A01
201700032477,1,10,000,00,2,1,01,B01
201700032478,1,07,000,00,2,2,01,A01
201700032478,2,07,000,00,2,8,01,B01
201700032479,1,01,000,00,2,1,13,A01
201700032479,2,01,000,00,2,1,01,B01
201700032480,1,07,000,00,2,8,15,A01
201700032480,2,02,000,00,2,1,01,B01
201700032481,0,07,000,00,1,1,23,A01
201700032482,2,10,000,00,2,2,15,A01
201700032482,1,07,000,00,2,1,01,B01
201700032483,0,07,000,00,1,2,01,A01
201700032484,0,02,000,00,2,3,13,A01
201700032484,0,07,000,00,2,6,01,B01
201700032485,0,07,000,00,1,1,01,A01
201700032486,0,02,000,00,2,1,01,B01
201700032486,0,07,000,00,2,8,15,A01
201700032487,2,07,000,02,0,1,01,A01
201700032488,0,31,000,14,0,1,01,A01
201700032489,0,07,000,06,2,3,01,B01
201700032489,0,07,000,00,2,1,01,A01
201700032490,2,07,000,01,0,1,01,A01
201700032491,0,01,000,14,0,1,00,A01
201700032492,0,07,000,00,0,8,15,A01
201700032492,1,30,000,00,2,1,01,B01
201700032493,1,07,000,00,2,1,02,C01
201700032493,1,03,000,00,0,9,02,B01
201700032493,1,07,000,00,2,2,02,D01
201700032493,1,07,000,00,2,1,02,A01
201700032494,0,07,000,00,0,9,13,A01
201700032495,2,07,000,00,1,0,00,A01
201700032496,2,07,000,00,1,3,16,A01
201700032497,1,07,000,00,1,2,16,A01
201700032498,1,07,000,00,1,0,00,A01
201700032499,1,31,000,00,2,0,00,A01
201700032499,2,07,000,00,2,0,00,B01
201700032500,0,07,000,00,1,2,01,A01
201700032501,1,07,000,00,2,5,01,B01
201700032501,1,30,000,00,2,1,00,A01
201700032502,2,07,000,00,2,5,20,A01
201700032502,2,01,000,00,2,1,01,B01
201700032503,1,07,000,00,1,0,00,A01
201700032504,0,15,000,00,2,3,01,A01
201700032504,1,15,000,00,2,7,19,B01
201700032505,2,07,000,00,1,2,01,A01
201700032506,1,07,000,00,2,3,21,A01
201700032506,1,33,000,00,2,1,21,B01
201700032507,1,07,000,00,2,3,20,A01
201700032507,1,07,000,00,2,2,21,B01
201700032508,1,07,000,00,2,1,15,A01
201700032508,2,33,000,00,2,1,00,B01
201700032509,1,33,000,00,0,1,14,A01
201700032510,2,07,000,00,1,3,19,A01
201700032511,1,07,000,00,1,2,00,A01
201700032512,1,07,000,00,1,1,01,A01
201700032513,1,10,000,12,0,8,01,A01
201700032514,1,07,000,00,1,3,16,A01
201700032515,1,07,000,00,1,0,00,A01
201700032516,1,07,000,00,1,3,01,A01
201700032517,1,07,000,00,1,2,00,A01
201700032518,1,07,000,00,1,1,19,A01
201700032519,2,07,000,00,2,5,20,A01
201700032519,2,34,000,00,2,1,02,B01
201700032520,2,01,000,00,0,0,01,A01
201700032521,1,10,000,04,0,3,01,A01
201700032522,1,07,000,00,1,2,19,A01
201700032523,1,33,000,00,0,0,01,A01
201700032524,2,07,000,00,2,3,01,A01
201700032524,1,32,000,00,2,1,13,B01
201700032525,1,07,000,02,0,1,13,A01
201700032525,1,07,000,00,9,8,02,B01
201700032526,2,07,000,07,2,3,01,B01
201700032526,1,07,000,00,2,1,19,A01
201700032527,2,07,000,00,2,3,13,A01
201700032527,1,07,000,00,2,3,01,B01
201700032528,1,07,000,00,1,2,01,A01
201700032529,1,02,000,00,2,1,23,A01
201700032529,1,14,000,00,9,4,20,B01
201700032530,1,07,000,00,2,5,15,A01
201700032530,1,34,000,00,2,1,01,B01
201700032531,2,07,000,02,0,7,02,A01
201700032532,2,07,000,11,0,1,01,A01
201700032533,2,10,000,00,1,1,01,A01
201700032534,2,07,000,00,0,0,00,A01
201700032534,1,07,000,00,2,1,01,B01
201700032535,2,02,000,00,2,7,02,A01
201700032535,2,07,000,00,2,5,02,B01
201700032536,1,07,000,12,0,1,16,A01
201700032536,1,07,000,01,0,4,24,B01
201700032537,2,07,000,00,2,1,19,B01
201700032537,1,07,000,00,2,7,01,A01
201700032538,1,31,000,00,2,1,17,A01
201700032538,2,07,000,00,2,2,15,B01
201700032539,1,07,000,00,2,3,22,A01
201700032539,1,07,000,01,0,2,01,B01
201700032540,2,07,000,01,0,3,13,A01
201700032541,1,07,000,00,2,3,09,A01
201700032541,1,33,000,00,2,1,01,B01
201700032542,1,01,000,00,2,1,12,B01
201700032542,1,07,000,00,2,6,09,A01
201700032543,1,10,000,00,2,8,01,B01
201700032543,1,10,000,00,2,1,19,A01
201700032544,1,07,000,00,1,1,01,A01
201700032545,0,07,000,00,1,2,01,A01
201700032546,1,07,000,00,2,3,15,A01
201700032546,1,33,000,00,2,1,01,B01
201700032547,1,07,000,00,1,2,16,A01
201700032548,1,30,000,00,2,7,23,B01
201700032548,1,07,000,00,2,1,15,A01
201700032549,1,07,000,00,2,1,13,A01
201700032549,2,07,000,00,2,1,21,B01
201700032550,0,07,000,00,1,2,01,A01
201700032551,0,02,000,00,2,1,00,A01
201700032551,0,07,000,00,9,1,00,B01
201700032552,1,07,000,09,0,3,14,A01
201700032553,1,07,000,00,2,3,15,A01
201700032553,2,33,000,00,2,1,01,B01
201700032554,0,07,000,00,9,8,09,A01
201700032554,0,01,000,00,2,8,21,B01
201700032555,1,31,000,15,0,1,01,A01
201700032556,1,33,000,11,0,8,17,A01
201700032557,1,07,000,00,1,1,16,A01
201700032558,0,31,000,08,0,1,13,A01
201700032559,1,99,000,12,0,3,13,B01
201700032559,1,07,000,00,2,4,13,Z01
201700032560,0,31,000,,1,1,21,A01
201700032561,1,07,000,01,1,2,16,A01
201700032562,1,07,000,00,2,3,01,B01
201700032562,1,07,000,00,2,2,15,A01
201700032563,0,02,000,00,0,1,01,A01
201700032564,0,07,000,00,2,2,15,A01
201700032564,0,33,000,00,2,1,01,B01
201700032565,0,07,000,00,1,3,01,A01
201700032566,0,10,000,00,1,3,01,A01
201700032567,1,07,000,00,0,0,00,A01
201700032567,2,30,000,00,2,0,00,B01
201700032568,1,07,000,00,1,1,11,A01
201700032569,1,07,000,00,2,6,15,A01
201700032569,1,33,000,00,2,6,01,B01
201700032570,1,07,000,00,1,3,00,A01
201700032571,1,07,000,00,1,3,00,A01
201700032572,1,07,000,00,2,1,01,A01
201700032573,0,07,000,00,2,1,00,A01
201700032573,0,07,000,00,2,0,00,B01
201700032574,0,10,000,00,1,4,04,A01
201700032575,1,07,000,00,1,3,00,A01
201700032576,1,32,000,00,1,2,00,A01
201700032577,1,31,000,00,0,7,21,A01
201700032578,1,07,000,00,2,3,15,A01
201700032578,1,33,000,00,2,1,01,B01
201700032579,0,33,000,00,2,8,01,B01
201700032579,0,10,000,00,2,2,19,A01
201700032580,2,31,000,00,2,1,18,A01
201700032580,2,07,000,00,2,2,15,B01
201700032581,1,07,000,00,1,1,00,A01
201700032582,1,07,000,03,1,3,15,A01
201700032583,1,07,000,00,1,1,08,A01
201700032584,1,38,000,00,2,3,01,A01
201700032584,2,07,000,00,2,1,13,B01
201700032585,1,07,000,00,1,3,00,A01
201700032585,1,07,000,00,1,3,00,B01
201700032586,2,35,000,12,0,3,13,A01
201700032587,1,07,000,00,1,2,00,Z01
201700032588,1,30,000,00,2,3,23,B01
201700032588,2,30,000,00,2,1,19,C01
201700032588,1,07,000,00,2,1,19,A01
201700032589,2,07,000,00,1,1,21,A01
201700032589,1,07,000,00,1,1,14,Z01
201700032590,1,07,000,00,2,2,01,A01
201700032590,1,01,000,00,2,5,13,B01
201700032591,2,07,000,00,1,0,00,A01
201700032592,1,02,000,00,2,1,02,A01
201700032592,1,07,000,00,9,5,23,B01
201700032593,2,37,000,00,1,5,16,A01
201700032594,1,02,000,06,0,2,01,A01
201700032595,1,07,000,15,0,3,13,A01
201700032596,2,07,000,00,2,1,15,A01
201700032596,1,02,000,00,2,1,01,B01
201700032597,1,37,001,00,1,2,01,A01
201700032598,1,07,000,01,0,1,13,A01
201700032599,1,99,000,00,2,1,19,A01
201700032599,2,07,000,00,9,1,00,B01
201700032600,1,34,000,01,0,2,16,A01
201700032601,1,10,000,00,2,3,09,A01
201700032601,1,31,000,00,2,1,09,B01
201700032602,2,03,000,00,2,2,01,B01
201700032602,2,07,000,00,2,1,16,A01
201700032603,1,07,000,00,0,1,13,A01
201700032604,1,01,000,00,2,1,01,A01
201700032604,1,07,000,00,9,6,01,B01
201700032605,1,07,000,01,0,2,21,A01
201700032605,1,07,000,00,2,1,02,B01
201700032606,1,07,000,00,2,7,14,A01
201700032606,1,14,000,00,2,3,09,B01
201700032607,1,07,000,06,0,2,13,A01
201700032608,1,07,000,00,2,5,15,A01
201700032608,2,33,000,00,2,1,01,B01
201700032608,1,07,000,00,2,1,01,C01
201700032609,2,07,000,00,1,1,01,A01
201700032610,1,07,000,00,1,2,02,A01
201700032611,1,10,000,00,1,2,15,A01
201700032612,1,07,000,00,1,1,00,A01
201700032613,2,02,000,00,2,1,16,A01
201700032613,1,13,000,00,2,3,01,B01
201700032614,1,07,000,00,1,3,01,A01
201700032615,2,07,000,00,1,1,21,A01
201700032616,2,38,011,00,2,1,01,A01
201700032616,2,17,000,00,2,4,01,B01
201700032617,1,07,000,01,2,1,05,A01
201700032617,2,07,000,00,2,1,01,B01
201700032618,2,07,000,01,1,1,02,A01
201700032619,2,33,000,08,0,1,14,A01
201700032620,2,07,000,00,1,1,01,A01
201700032621,1,07,000,08,0,1,13,A01
201700032622,1,07,000,00,2,6,00,B01
201700032622,1,07,000,00,2,3,19,A01
201700032623,1,07,000,00,2,2,09,A01
201700032623,1,07,000,00,2,3,01,B01
201700032624,1,07,000,00,9,1,02,A01
201700032624,2,01,000,00,0,0,00,B01
201700032625,2,03,000,00,2,1,15,A01
201700032625,1,07,000,00,2,1,01,B01
201700032626,2,30,000,00,2,1,00,A01
201700032626,0,07,000,00,2,6,10,B01
201700032627,2,10,000,00,2,1,01,B01
201700032627,1,07,000,00,2,0,00,A01
201700032628,1,07,000,00,2,7,19,B01
201700032628,2,07,000,00,2,8,23,C01
201700032628,2,07,000,00,2,3,23,D01
201700032628,1,07,000,00,2,1,01,A01
201700032629,1,30,000,00,2,1,01,A01
201700032629,2,07,000,00,2,5,12,B01
201700032630,2,07,000,00,1,1,01,A01
201700032631,2,07,000,00,2,1,02,A01
201700032631,2,33,000,00,2,4,23,B01
201700032631,2,33,000,00,2,4,23,C01
201700032632,2,31,000,00,2,1,01,B01
201700032632,2,07,000,00,2,2,19,A01
201700032633,1,31,000,00,2,1,01,B01
201700032633,1,07,000,00,2,3,09,A01
201700032634,1,07,000,00,2,2,13,A01
201700032634,2,07,000,00,2,3,01,B01
201700032635,1,07,000,00,2,1,00,A01
201700032635,1,07,000,00,2,4,23,B01
201700032635,1,07,000,00,2,4,23,C01
201700032636,1,10,000,00,2,1,02,A01
201700032636,1,07,000,00,9,4,01,B01
201700032637,1,07,000,00,1,5,04,A01
201700032638,2,07,000,08,0,5,21,A01
201700032639,2,31,000,06,2,1,17,A01
201700032639,2,07,000,00,2,8,15,B01
201700032640,1,31,000,00,2,1,17,A01
201700032640,1,07,000,00,2,1,01,B01
201700032641,1,07,000,00,9,8,22,A01
201700032641,1,30,000,00,2,9,18,B01
201700032641,1,07,000,00,9,7,02,C01
201700032642,1,07,000,00,2,1,14,B01
201700032642,1,07,000,00,2,2,16,A01
201700032643,2,07,000,01,0,3,13,A01
201700032644,2,07,000,00,1,3,02,A01
201700032645,1,37,012,00,2,1,19,A01
201700032645,2,07,000,00,9,5,15,B01
201700032646,1,07,000,00,1,2,00,A01
201700032646,1,07,000,00,2,2,00,B01
201700032647,1,07,000,00,2,1,00,A01
201700032647,1,07,000,08,2,7,01,B01
201700032648,2,07,000,00,2,1,09,A01
201700032648,2,31,000,00,2,7,01,B01
201700032649,1,07,000,00,1,3,01,A01
201700032650,1,07,000,00,9,2,14,A01
201700032650,1,01,000,00,2,6,01,B01
201700032651,1,07,000,00,1,2,02,A01
201700032652,1,17,000,00,1,0,00,A01
201700032653,1,02,000,00,2,2,02,A01
201700032653,1,07,000,00,2,6,02,B01
201700032654,1,07,000,00,1,1,01,A01
201700032655,1,30,000,14,2,1,02,B01
201700032655,1,07,000,14,2,3,15,A01
201700032656,2,07,000,00,2,3,16,A01
201700032656,2,33,000,00,2,1,01,B01
201700032657,1,01,000,00,2,1,01,B01
201700032657,1,07,000,00,2,3,15,A01
201700032658,2,01,000,00,2,1,01,B01
201700032658,1,10,000,00,2,1,01,A01
201700032659,1,07,000,00,2,8,01,B01
201700032659,1,34,000,00,2,7,01,A01
201700032660,0,07,000,00,1,3,01,A01
201700032661,1,07,000,00,1,3,01,A01
201700032661,1,07,000,00,1,1,01,B01
201700032662,1,10,000,00,1,1,00,A01
201700032663,1,07,000,00,1,3,01,A01
201700032664,1,07,000,00,1,7,01,A01
201700032665,1,07,000,00,1,1,01,A01
201700032666,1,07,000,00,1,2,16,A01
201700032667,1,07,000,00,2,3,15,A01
201700032667,1,33,000,00,2,1,01,B01
201700032668,0,31,000,02,2,5,17,A01
201700032668,0,07,000,00,9,3,15,B01
201700032669,0,07,000,00,2,7,10,A01
201700032669,2,07,000,00,2,1,21,B01
201700032670,2,07,000,00,1,3,01,A01
201700032671,0,37,001,00,1,8,17,A01
201700032672,1,07,000,09,1,8,01,A01
201700032673,1,07,000,00,2,1,01,A01
201700032673,1,07,000,00,2,4,01,B01
201700032674,2,07,000,00,1,1,02,A01
201700032675,1,07,000,00,2,3,09,A01
201700032675,1,01,000,00,2,0,01,B01
201700032676,2,30,000,00,2,8,00,A01
201700032676,1,07,000,00,2,2,01,B01
201700032677,1,07,000,00,1,8,02,A01
201700032678,1,35,000,00,2,1,01,A01
201700032678,1,07,000,00,2,1,00,B01
201700032679,1,07,000,00,2,3,01,A01
201700032679,2,07,000,00,2,1,01,B01
201700032680,2,30,000,00,2,8,00,B01
201700032680,0,07,000,00,2,0,00,Z01
201700032681,1,07,000,00,1,0,00,A01
201700032682,2,07,000,00,2,1,13,A01
201700032682,1,07,000,00,2,1,01,B01
201700032683,1,10,000,00,2,1,01,A01
201700032683,1,07,000,00,2,8,00,B01
201700032684,1,07,000,00,1,2,01,A01
201700032685,1,07,000,09,1,2,01,A01
201700032686,2,07,000,00,2,2,01,A01
201700032686,2,01,000,00,2,6,01,B01
201700032687,0,07,000,00,2,2,15,A01
201700032687,0,07,000,00,2,1,01,B01
201700032688,1,07,000,00,1,2,01,A01
201700032689,1,10,000,08,0,4,15,A01
201700032690,1,07,000,00,2,2,01,B01
201700032690,1,07,000,00,2,1,16,A01
201700032691,1,07,000,00,2,1,00,A01
201700032691,1,07,000,00,2,3,00,B01
201700032692,1,33,000,00,2,1,17,A01
201700032692,1,07,000,00,2,6,15,B01
201700032693,2,07,000,00,0,0,00,A01
201700032694,0,07,000,00,2,8,23,B01
201700032694,0,07,000,00,2,1,14,A01
201700032695,1,07,000,00,1,3,01,A01
201700032696,2,07,000,00,1,2,01,A01
201700032697,1,07,000,01,0,8,01,A01
201700032698,2,07,000,00,1,1,14,A01
201700032699,1,07,000,09,2,3,17,A01
201700032699,1,07,000,09,0,3,00,B01
201700032700,1,07,000,08,0,3,13,A01
201700032701,2,30,000,00,2,1,01,A01
201700032701,0,07,000,00,2,3,16,B01
201700032702,1,07,000,00,1,3,02,A01
201700032703,0,31,000,00,2,2,17,A01
201700032703,0,07,000,00,9,8,15,B01
201700032704,1,07,000,00,2,1,05,A01
201700032704,2,07,000,00,2,1,01,B01
201700032705,1,37,000,00,2,5,17,A01
201700032705,1,01,000,00,2,8,01,B01
201700032706,2,07,000,00,1,2,01,A01
201700032707,1,07,000,00,0,0,02,A01
201700032707,1,33,000,00,2,8,21,B01
201700032707,1,33,000,00,2,8,21,C01
201700032708,1,07,000,00,2,3,01,B01
201700032708,1,07,000,00,2,1,19,A01
201700032709,1,07,000,00,1,0,09,A01
201700032710,1,07,000,00,1,2,01,A01
201700032711,1,07,000,00,2,3,01,A01
201700032711,2,07,000,00,2,1,01,B01
201700032712,1,35,000,00,2,1,19,A01
201700032712,1,07,000,00,2,3,15,B01
201700032713,1,01,000,00,2,4,01,B01
201700032713,1,07,000,00,2,1,01,A01
201700032714,0,07,000,00,2,1,02,A01
201700032714,0,10,000,00,2,4,02,B01
201700032715,1,07,000,09,1,7,21,A01
201700032716,2,07,000,00,2,1,01,B01
201700032716,1,30,000,00,2,7,01,A01
201700032717,2,01,000,06,2,8,23,A01
201700032717,2,07,000,06,2,7,01,Z01
201700032718,1,07,000,09,2,1,02,A01
201700032718,2,30,000,09,2,4,01,B01
201700032719,1,16,000,00,2,7,02,A01
201700032719,1,01,000,00,2,8,01,B01
201700032720,1,31,000,00,2,1,15,A01
201700032720,1,07,000,00,2,1,01,B01
201700032721,1,99,000,00,0,8,01,A01
201700032722,1,31,000,00,2,3,01,A01
201700032722,2,07,000,00,2,2,10,B01
201700032723,1,07,000,06,2,2,15,A01
201700032723,2,33,000,06,2,1,01,B01
201700032724,1,07,000,00,2,7,17,A01
201700032724,1,01,000,00,2,3,01,B01
201700032725,1,07,000,00,1,1,01,A01
201700032726,1,07,000,00,2,5,15,B01
201700032726,2,07,000,00,2,1,01,A01
201700032727,0,07,000,00,1,3,01,A01
201700032728,2,33,000,00,2,1,01,B01
201700032728,1,07,000,00,2,3,15,A01
201700032729,1,07,000,00,2,3,10,A01
201700032729,1,33,000,00,2,1,01,B01
201700032730,1,07,000,00,9,4,01,A01
201700032730,1,07,000,00,2,1,01,B01
201700032730,1,07,000,00,2,1,01,C01
201700032730,1,07,000,00,2,1,01,D01
201700032731,2,07,000,00,2,3,10,A01
201700032731,2,33,000,01,2,1,01,B01
201700032732,1,07,000,03,0,1,14,A01
201700032733,1,33,000,01,2,7,01,A01
201700032733,2,07,000,00,2,1,01,B01
201700032734,2,07,000,09,0,1,13,A01
201700032735,1,03,000,00,1,5,04,A01
201700032736,2,02,000,00,1,1,01,A01
201700032737,1,07,000,00,2,3,01,B01
201700032737,1,02,000,00,2,1,01,A01
201700032738,1,33,000,00,2,1,01,A01
201700032738,1,07,000,00,2,3,10,B01
201700032739,1,07,000,01,1,1,19,A01
201700032740,1,33,000,01,0,0,01,A01
201700032741,1,07,000,00,1,4,04,A01
201700032742,0,02,000,00,2,3,15,A01
201700032742,0,01,000,00,2,1,01,B01
201700032743,1,07,000,00,1,0,01,A01
201700032744,1,30,000,00,2,1,01,A01
201700032744,1,07,000,00,2,3,20,B01
201700032745,1,33,000,00,2,1,01,B01
201700032745,1,07,000,00,2,8,19,A01
201700032746,1,07,000,09,2,2,14,A01
201700032746,1,34,000,09,2,1,01,B01
201700032747,1,07,000,09,2,8,01,B01
201700032747,2,07,000,09,2,1,01,A01
201700032748,2,30,000,01,0,8,13,A01
201700032749,1,07,000,09,2,2,15,A01
201700032749,2,30,000,09,2,1,01,B01
201700032750,1,07,000,14,2,8,19,B01
201700032750,1,01,000,14,2,0,19,A01
201700032751,0,07,000,00,9,7,01,B01
201700032751,0,01,000,00,2,1,19,A01
201700032752,1,07,000,14,2,1,19,B01
201700032752,1,01,000,14,2,8,05,A01
201700032753,1,07,000,00,2,8,10,A01
201700032753,1,07,000,00,2,1,02,B01
201700032754,1,07,000,00,2,1,15,A01
201700032754,2,30,000,00,2,1,01,B01
201700032755,1,30,000,00,2,7,01,A01
201700032755,1,10,000,00,2,1,15,B01
201700032756,1,07,000,16,0,9,02,A01
201700032757,1,07,000,00,1,1,01,A01
201700032758,0,07,000,00,9,1,01,B01
201700032758,0,30,000,00,2,8,09,A01
201700032759,1,07,000,00,2,3,01,B01
201700032759,2,30,000,00,2,2,19,A01
201700032760,1,33,000,00,2,1,01,B01
201700032760,2,07,000,00,9,3,13,A01
201700032761,1,07,000,06,2,1,17,A01
201700032761,1,07,000,00,2,8,01,B01
201700032762,0,07,000,00,2,1,01,B01
201700032762,0,07,000,00,2,1,17,A01
201700032763,1,07,000,00,2,1,09,A01
201700032763,1,07,000,00,2,5,01,B01
201700032764,1,07,000,00,2,1,00,A01
201700032764,1,01,000,00,2,1,00,B01
201700032765,1,07,000,09,1,0,01,A01
201700032766,1,07,000,09,1,1,01,A01
201700032767,1,07,000,09,2,2,15,A01
201700032767,2,33,000,09,2,1,01,B01
201700032768,2,01,000,00,2,8,19,B01
201700032768,2,01,000,00,2,8,19,C01
201700032768,2,07,000,00,2,1,01,A01
201700032769,2,07,000,00,2,2,15,A01
201700032769,1,07,000,00,2,3,02,B01
201700032770,1,33,000,00,2,1,01,A01
201700032770,1,07,000,00,2,3,15,B01
201700032771,1,07,000,00,2,8,10,A01
201700032771,2,33,000,00,2,1,01,B01
201700032772,0,33,000,00,2,1,02,A01
201700032772,0,07,000,00,2,4,23,B01
201700032773,2,07,000,00,9,1,02,A01
201700032774,1,07,000,00,2,2,15,A01
201700032774,1,31,000,00,2,1,01,B01
201700032775,1,07,000,00,2,3,09,A01
201700032775,1,30,000,00,2,1,01,B01
201700032776,1,07,000,00,1,3,01,A01
201700032777,1,07,000,14,0,3,13,A01
201700032777,2,07,000,00,2,3,23,B01
201700032777,2,07,000,00,2,1,23,C01
201700032778,2,07,000,06,0,2,01,A01
201700032779,2,07,000,00,1,3,01,A01
201700032780,1,30,000,00,2,4,01,B01
201700032780,1,07,000,00,2,1,01,A01
201700032781,1,07,000,00,1,1,19,A01
201700032782,1,31,000,00,2,1,13,A01
201700032782,2,07,000,00,2,1,00,B01
201700032783,1,07,000,01,0,3,13,A01
201700032784,2,30,000,00,2,1,02,A01
201700032784,2,07,000,00,2,4,16,B01
201700032785,2,33,000,00,2,1,13,A01
201700032785,1,07,000,00,2,1,01,B01
201700032786,1,15,000,00,2,3,10,A01
201700032786,2,33,000,00,2,1,17,B01
201700032787,1,35,000,01,0,2,14,A01
201700032788,1,07,000,06,0,1,01,A01
201700032789,2,02,000,00,2,1,00,B01
201700032789,1,07,000,00,2,3,19,A01
201700032790,2,07,000,00,2,0,00,A01
201700032790,1,07,000,00,2,2,00,B01
201700032791,1,10,000,00,1,3,20,A01
201700032792,0,02,000,00,2,1,02,A01
201700032792,1,10,000,00,2,0,00,Z01
201700032793,2,13,000,00,1,0,00,A01
201700032794,1,33,000,07,0,3,02,A01
201700032795,2,07,000,08,1,9,13,A01
201700032796,1,07,000,00,1,2,14,Z01
201700032797,1,03,000,00,2,2,15,A01
201700032797,2,02,000,00,2,1,00,B01
201700032798,1,07,000,00,1,1,15,A01
201700032799,1,30,000,06,0,1,02,A01
201700032800,0,10,000,00,1,0,00,A01
201700032801,1,30,000,00,2,1,21,A01
201700032801,0,07,000,00,2,3,01,B01
201700032801,2,37,000,00,0,0,15,C01
201700032802,1,33,000,12,9,5,00,A01
201700032803,1,07,000,16,9,1,02,A01
201700032804,2,07,000,00,2,7,19,A01
201700032804,2,15,000,00,2,1,21,B01
201700032805,1,07,000,00,1,2,21,A01
201700032806,1,07,000,00,1,1,01,A01
201700032807,1,02,000,01,0,1,02,A01
201700032807,1,31,000,00,2,1,02,B01
201700032807,2,07,000,00,0,6,00,C01
201700032808,1,07,000,00,2,3,01,B01
201700032808,1,01,000,00,2,1,01,A01
201700032809,1,02,000,11,2,1,01,B01
201700032809,1,07,000,11,2,2,01,A01
201700032810,1,30,000,00,2,1,01,A01
201700032810,2,07,000,00,2,1,00,B01
201700032811,2,07,000,00,2,7,13,A01
201700032811,1,07,000,00,2,1,01,B01
201700032812,1,07,000,00,1,4,09,A01
201700032813,1,07,000,00,1,2,01,A01
201700032814,2,07,000,00,1,1,09,A01
201700032815,2,07,000,00,1,3,01,A01
201700032816,1,07,000,00,1,2,01,A01
201700032817,2,02,000,00,2,1,00,A01