Num_Acc,senc,catv,occutc,obs,obsm,choc,manv,num_veh
201700033897,1,99,000,03,0,1,13,A01
201700033898,1,07,000,14,0,1,13,A01
201700033898,1,07,000,00,2,4,23,B01
201700033899,1,33,000,14,0,3,13,A01
201700033900,1,07,000,13,0,2,01,A01
201700033901,2,07,000,00,2,3,02,B01
201700033901,0,07,000,00,2,1,02,A01
201700033902,2,07,000,00,2,7,17,A01
201700033902,2,01,000,00,2,8,01,B01
201700033903,2,07,000,00,2,7,13,A01
201700033903,1,07,000,00,2,1,01,B01
201700033904,1,07,000,08,0,8,17,A01
201700033905,1,02,000,00,0,0,01,A01
201700033906,1,07,000,15,0,3,01,A01
201700033907,2,07,000,06,0,2,01,A01
201700033908,2,17,000,12,0,7,15,A01
201700033909,2,07,000,00,2,1,01,B01
201700033909,1,14,000,00,2,1,13,A01
201700033910,2,07,000,15,0,9,01,A01
201700033911,1,07,000,00,2,5,01,B01
201700033911,1,07,000,00,2,1,01,G01
201700033911,1,07,000,00,2,5,01,F01
201700033911,1,07,000,00,2,1,01,H01
201700033911,1,07,000,00,2,3,01,C01
201700033911,1,07,000,01,2,6,01,I01
201700033911,1,07,000,00,2,1,01,A01
201700033911,1,07,000,00,2,1,01,E01
201700033911,1,07,000,03,2,1,01,J01
201700033911,1,07,000,00,2,4,01,D01
201700033912,1,07,000,16,0,9,01,A01
201700033913,2,07,000,00,2,4,23,A01
201700033913,2,10,000,00,2,1,01,B01
201700033914,1,07,000,00,2,1,17,A01
201700033914,1,07,000,00,2,5,09,B01
201700033914,2,07,000,00,2,6,01,C01
201700033915,0,07,000,00,2,3,19,A01
201700033915,2,33,000,00,2,1,17,B01
201700033916,0,07,000,13,0,0,01,A01
201700033917,1,07,000,00,2,8,10,A01
201700033917,1,33,000,00,2,7,00,B01
201700033918,0,07,000,00,0,8,14,B01
201700033918,0,07,000,00,2,4,00,C01
201700033918,2,07,000,01,0,1,14,A01
201700033919,1,10,000,00,2,1,21,A01
201700033919,2,07,000,00,2,1,01,B01
201700033920,1,07,000,11,0,9,01,A01
201700033921,2,07,000,00,2,3,01,B01
201700033921,1,33,000,00,2,1,13,A01
201700033922,1,33,000,00,0,8,02,A01
201700033923,0,02,000,09,0,7,01,A01
201700033924,1,07,000,00,2,8,09,B01
201700033924,1,17,000,00,2,2,01,A01
201700033925,1,07,000,00,2,1,01,A01
201700033925,1,07,000,00,2,4,15,B01
201700033925,2,07,000,00,2,1,01,C01
201700033926,1,07,000,00,2,3,17,A01
201700033926,2,07,000,00,2,3,01,B01
201700033927,2,07,000,00,2,3,01,A01
201700033927,2,07,000,00,2,6,01,B01
201700033928,0,07,000,00,1,1,01,A01
201700033929,0,07,000,16,0,9,01,A01
201700033930,1,07,000,00,2,7,01,A01
201700033930,0,02,000,00,2,1,01,B01
201700033931,0,07,000,00,2,1,01,B01
201700033931,0,07,000,00,2,2,13,A01
201700033932,2,07,000,00,9,8,13,A01
201700033932,1,01,000,00,2,3,13,B01
201700033933,0,07,000,13,0,1,16,A01
201700033934,1,07,000,02,0,7,01,A01
201700033935,0,31,000,00,2,1,00,A01
201700033935,0,34,000,00,9,6,15,B01
201700033936,2,07,000,00,2,1,01,A01
201700033936,1,07,000,00,2,3,01,B01
201700033937,1,07,000,00,2,7,13,A01
201700033937,2,07,000,00,2,1,01,B01
201700033938,0,07,000,00,2,3,01,B01
201700033938,0,31,000,00,2,1,01,A01
201700033939,1,07,000,00,2,1,15,A01
201700033939,1,07,000,00,2,3,21,B01
201700033940,2,07,000,00,2,1,13,A01
201700033940,1,10,000,00,2,1,01,B01
201700033941,2,07,000,00,2,7,15,A01
201700033941,1,33,000,00,2,1,01,B01
201700033942,1,07,000,02,0,1,14,A01
201700033943,2,37,000,00,2,8,00,B01
201700033943,1,10,000,00,2,3,00,A01
201700033944,1,07,000,00,0,1,01,B01
201700033944,2,07,000,00,0,1,05,A01
201700033945,1,07,000,02,0,1,01,A01
201700033946,1,07,000,00,2,2,15,A01
201700033946,2,33,000,00,2,1,01,B01
201700033947,2,34,000,06,0,2,17,A01
201700033947,2,07,000,00,0,0,10,B01
201700033948,1,07,000,00,9,7,15,A01
201700033948,2,01,000,00,2,0,01,B01
201700033949,2,33,000,03,0,7,01,A01
201700033950,1,32,000,15,0,7,01,A01
201700033951,1,07,000,00,9,2,01,A01
201700033951,1,01,000,00,2,8,16,B01
201700033952,2,07,000,00,2,2,15,B01
201700033952,0,02,000,00,2,7,01,A01
201700033953,1,07,000,03,0,3,01,A01
201700033954,0,07,000,16,0,8,01,A01
201700033955,1,07,000,08,0,7,01,A01
201700033956,1,07,000,02,0,6,01,A01
201700033957,1,01,000,00,1,1,21,A01
201700033958,1,07,000,00,2,3,15,A01
201700033958,1,33,000,00,2,7,17,B01
201700033959,1,07,000,00,1,1,01,Z01
201700033960,0,01,000,00,2,7,01,A01
201700033960,0,15,000,00,9,4,04,B01
201700033961,1,07,000,00,2,1,01,A01
201700033961,2,15,000,00,2,0,00,B01
201700033962,1,07,000,12,1,3,01,A01
201700033963,1,10,000,00,2,1,19,B01
201700033963,1,31,000,00,2,7,19,A01
201700033964,0,07,000,00,2,9,01,B01
201700033964,0,07,000,00,2,1,19,A01
201700033965,1,02,000,00,0,7,14,A01
201700033966,0,07,000,00,1,1,01,A01
201700033967,1,01,000,00,2,8,01,A01
201700033967,1,07,000,00,9,2,19,B01
201700033968,0,07,000,00,1,3,19,B01
201700033968,0,07,000,00,1,1,19,A01
201700033969,1,07,000,00,1,3,01,A01
201700033970,1,40,000,00,1,7,01,A01
201700033971,1,07,000,00,2,1,01,A01
201700033972,1,07,000,00,2,1,16,A01
201700033972,1,01,000,00,2,1,01,B01
201700033973,1,07,000,00,2,2,16,A01
201700033973,1,07,000,00,2,1,01,B01
201700033974,1,07,000,00,2,3,15,B01
201700033974,1,07,000,00,2,7,00,A01
201700033975,1,07,000,00,2,1,01,A01
201700033975,1,07,000,00,2,4,01,B01
201700033976,1,07,000,16,0,9,01,A01
201700033977,1,31,000,00,1,1,01,A01
201700033978,1,07,000,00,2,1,02,A01
201700033978,1,07,000,00,2,4,01,B01
201700033979,1,07,000,00,2,1,15,A01
201700033979,1,30,000,00,2,1,01,B01
201700033980,1,07,000,00,2,7,01,A01
201700033980,1,07,000,00,2,1,01,B01
201700033981,1,01,000,00,2,1,01,A01
201700033981,1,07,000,00,2,1,01,B01
201700033982,1,07,000,00,1,1,01,A01
201700033983,0,07,000,00,2,4,01,B01
201700033983,0,07,000,00,2,4,01,C01
201700033983,1,07,000,00,2,1,01,A01
201700033984,1,07,000,00,2,1,01,A01
201700033984,1,01,000,00,2,0,00,B01
201700033985,1,40,000,00,1,1,01,A01
201700033986,1,10,000,00,2,1,01,A01
201700033986,1,01,000,00,2,0,01,B01
201700033987,1,10,000,00,2,4,02,B01
201700033987,1,07,000,00,2,1,02,Z01
201700033988,1,07,000,00,2,2,01,B01
201700033988,1,01,000,00,2,1,19,A01
201700033989,1,07,000,00,2,1,01,B01
201700033989,1,01,000,00,2,1,01,A01
201700033990,1,07,000,00,1,1,16,A01
201700033991,1,31,000,00,2,8,01,A01
201700033991,1,07,000,00,2,1,00,B01
201700033992,1,01,000,00,2,3,00,B01
201700033992,1,07,000,00,2,1,01,A01
201700033993,1,07,000,00,1,1,01,A01
201700033994,1,07,000,02,0,1,01,A01
201700033995,1,01,000,00,2,8,01,A01
201700033995,1,31,000,00,2,1,01,B01
201700033996,1,07,000,00,1,1,15,A01
201700033997,1,07,000,00,2,4,02,B01
201700033997,1,07,000,00,2,1,02,A01
201700033998,1,07,000,00,1,1,01,A01
201700033999,0,30,000,00,2,2,01,A01
201700033999,1,07,000,00,2,1,01,B01
201700034000,1,15,000,00,2,7,01,A01
201700034000,1,07,000,00,2,1,16,B01
201700034001,1,40,000,00,1,1,01,A01
201700034002,1,07,000,00,2,9,01,A01
201700034002,1,10,000,00,2,3,01,B01
201700034002,2,10,000,00,2,6,01,C01
201700034003,1,30,000,00,1,1,15,Z01
201700034004,1,07,000,00,2,6,02,B01
201700034004,1,07,000,00,2,2,01,A01
201700034005,1,07,000,00,2,4,01,B01
201700034005,1,07,000,00,2,4,01,C01
201700034005,1,07,000,00,2,1,01,A01
201700034006,1,07,000,00,2,4,01,B01
201700034006,1,07,000,00,2,4,01,C01
201700034006,1,07,000,00,2,4,01,A01
201700034006,0,07,000,00,0,0,09,Z01
201700034006,1,07,000,00,2,1,01,D01
201700034007,1,02,000,00,2,1,05,A01
201700034007,0,07,000,00,2,1,01,B01
201700034008,1,33,000,00,2,8,01,A01
201700034008,2,14,000,00,2,1,24,B01
201700034009,1,01,000,00,2,1,16,A01
201700034009,1,01,000,00,2,1,16,B01
201700034010,1,07,000,01,0,1,01,A01
201700034011,1,01,000,00,2,8,01,A01
201700034011,2,01,000,00,2,1,01,B01
201700034012,1,07,000,00,2,1,05,A01
201700034012,1,07,000,00,2,4,01,B01
201700034013,1,07,000,00,2,1,01,B01
201700034013,1,10,000,00,2,5,01,A01
201700034014,1,01,000,00,2,8,19,A01
201700034014,1,07,000,00,2,0,00,Z01
201700034015,1,07,000,00,2,1,15,A01
201700034015,1,34,000,00,2,2,01,B01
201700034016,1,01,000,00,2,1,01,B01
201700034016,1,07,000,00,2,3,01,A01
201700034017,1,07,000,00,2,1,00,B01
201700034017,1,02,000,00,2,1,09,A01
201700034018,1,07,000,00,1,1,01,A01
201700034019,1,07,000,00,2,2,01,A01
201700034019,1,07,000,00,2,1,01,B01
201700034020,2,10,000,00,2,6,15,A01
201700034020,2,01,000,00,2,1,01,B01
201700034021,1,07,000,00,2,1,01,A01
201700034021,0,07,000,00,2,1,15,B01
201700034022,1,02,000,00,9,8,01,A01
201700034022,1,07,000,00,0,0,00,B01
201700034023,2,07,000,00,2,5,01,B01
201700034023,2,07,000,00,2,2,19,A01
201700034024,1,01,000,00,2,1,01,B01
201700034024,1,07,000,00,2,2,16,A01
201700034025,1,07,000,00,2,0,00,A01
201700034025,1,02,000,00,0,0,00,B01
201700034026,1,07,000,00,2,4,02,B01
201700034026,1,02,000,00,2,1,02,A01
201700034027,1,33,000,00,2,1,19,B01
201700034027,1,07,000,00,2,7,15,A01
201700034028,1,01,000,00,2,1,02,A01
201700034028,1,07,000,00,2,4,02,B01
201700034029,1,07,000,00,2,7,15,A01
201700034029,1,33,000,00,2,1,01,B01
201700034030,1,07,000,00,1,4,04,A01
201700034031,1,07,000,00,2,2,15,A01
201700034031,1,01,000,00,2,1,19,B01
201700034032,1,07,000,00,1,2,01,A01
201700034033,1,30,000,03,0,0,01,A01
201700034034,1,07,000,00,2,3,01,A01
201700034034,1,01,000,00,2,1,01,B01
201700034035,1,07,000,00,2,3,15,A01
201700034035,1,07,000,00,2,1,15,B01
201700034036,1,33,000,00,2,1,01,B01
201700034036,1,07,000,00,2,2,01,A01
201700034037,1,07,000,00,2,3,01,A01
201700034037,1,01,000,00,2,4,19,B01
201700034038,1,07,000,00,2,1,01,A01
201700034038,1,01,000,00,2,7,19,B01
201700034039,1,31,000,00,2,1,02,A01
201700034039,1,07,000,00,2,4,02,B01
201700034040,2,10,000,00,2,1,01,B01
201700034040,1,07,000,00,2,7,15,A01
201700034041,1,33,000,00,2,1,01,B01
201700034041,1,30,000,00,2,3,01,A01
201700034042,1,07,000,00,2,1,02,A01
201700034042,1,07,000,00,2,4,02,C01
201700034042,1,07,000,00,2,4,02,B01
201700034043,1,07,000,00,1,1,01,Z01
201700034044,1,01,000,00,1,1,01,A01
201700034045,1,01,000,00,1,1,01,A01
201700034045,1,01,000,00,2,1,01,X01
201700034045,1,01,000,00,1,1,01,Z01
201700034046,1,07,000,00,1,2,01,A01
201700034047,1,07,000,00,2,3,15,A01
201700034047,1,32,000,00,2,3,17,B01
201700034048,1,07,000,08,1,1,01,A01
201700034049,1,07,000,00,2,1,15,A01
201700034049,1,01,000,00,2,8,19,B01
201700034050,1,07,000,00,2,2,15,A01
201700034050,1,07,000,00,0,0,00,B01
201700034051,1,07,000,00,1,1,01,A01
201700034052,1,07,000,00,1,2,15,A01
201700034053,1,07,000,00,2,8,24,A01
201700034053,1,01,000,01,0,7,01,B01
201700034054,1,07,000,12,0,1,13,A01
201700034055,1,07,000,00,2,1,15,A01
201700034055,1,01,000,00,2,1,01,B01
201700034056,1,07,000,00,1,2,01,A01
201700034057,1,07,000,00,2,1,01,A01
201700034057,0,07,000,00,2,4,01,B01
201700034058,1,40,000,00,2,1,01,B01
201700034058,1,07,000,00,4,8,10,A01
201700034059,1,33,000,00,2,7,15,A01
201700034059,1,15,000,00,2,1,01,B01
201700034060,1,07,000,00,1,0,00,Z01
201700034061,1,01,000,00,0,0,00,B01
201700034061,1,07,000,00,0,0,00,Z01
201700034062,1,40,000,00,1,1,01,A01
201700034063,0,07,000,00,0,0,00,B01
201700034063,1,07,000,00,0,0,00,Z01
201700034064,0,07,000,00,2,1,01,B01
201700034064,0,07,000,00,2,7,00,A01
201700034065,1,07,000,00,2,4,02,C01
201700034065,1,07,000,00,2,4,02,B01
201700034065,1,07,000,00,2,1,02,A01
201700034066,1,07,000,12,0,0,00,A01
201700034067,1,07,000,08,0,1,00,A01
201700034068,1,02,000,00,1,1,01,A01
201700034069,1,07,000,00,1,4,00,A01
201700034070,1,01,000,00,2,1,01,A01
201700034070,1,01,000,00,2,1,01,B01
201700034071,1,33,000,00,2,2,00,A01
201700034071,1,07,000,00,2,8,01,B01
201700034072,1,10,000,00,2,1,15,A01
201700034072,1,01,000,00,2,1,01,B01
201700034073,1,07,000,09,0,1,16,A01
201700034074,1,30,000,00,2,1,09,A01
201700034074,1,07,000,00,2,7,01,B01
201700034075,1,07,000,00,2,1,01,A01
201700034075,1,37,000,00,2,8,01,B01
201700034076,1,07,000,00,1,1,01,A01
201700034077,1,37,000,00,1,0,00,A01
201700034078,1,07,000,00,1,1,17,A01
201700034079,1,07,000,00,2,3,01,B01
201700034079,1,07,000,00,0,3,09,Z01
201700034080,2,07,000,00,2,4,02,A01
201700034080,1,14,000,00,2,1,02,B01
201700034081,1,01,000,00,1,0,00,A01
201700034082,1,07,000,00,2,3,20,A01
201700034082,1,07,000,00,2,7,17,B01
201700034083,1,07,000,00,2,0,00,A01
201700034083,1,07,000,00,2,0,00,B01
201700034083,1,07,000,00,2,0,00,C01
201700034084,1,07,000,00,1,1,01,A01
201700034085,1,07,000,00,1,1,01,A01
201700034086,1,33,000,00,2,0,01,Z01
201700034086,1,01,000,00,2,1,00,A01
201700034087,1,07,000,07,1,3,00,A01
201700034088,1,02,000,09,0,0,00,A01
201700034089,1,07,000,00,1,2,00,A01
201700034090,1,07,000,00,1,1,01,A01
201700034091,1,07,000,00,2,8,17,A01
201700034091,1,31,000,00,2,8,01,B01
201700034092,1,01,000,00,4,2,16,A01
201700034092,1,40,000,00,2,3,01,B01
201700034093,1,07,000,00,1,0,00,A01
201700034094,1,07,000,00,2,8,15,A01
201700034094,1,01,000,00,2,1,01,B01
201700034095,1,07,000,00,0,0,01,A01
201700034095,2,10,000,00,0,0,01,B01
201700034096,1,02,000,00,0,0,00,A01
201700034097,1,07,000,00,0,0,00,A01
201700034098,1,02,000,00,2,0,13,A01
201700034098,1,07,000,00,2,0,00,B01
201700034099,1,02,000,00,2,3,00,A01
201700034099,0,07,000,00,2,2,00,B01
201700034100,1,40,000,00,2,1,01,B01
201700034100,1,07,000,00,4,8,15,A01
201700034101,1,07,000,00,2,1,00,A01
201700034101,2,01,000,00,2,0,00,B01
201700034102,1,01,000,00,0,0,00,A01
201700034102,1,01,000,00,0,0,00,B01
201700034103,1,07,000,00,1,1,01,A01
201700034104,1,07,000,00,2,8,00,A01
201700034104,1,07,000,00,2,3,00,B01
201700034105,1,07,000,00,2,1,01,A01
201700034105,2,01,000,00,2,7,01,B01
201700034106,1,37,000,00,1,7,01,A01
201700034107,1,15,000,01,0,3,01,A01
201700034108,1,07,000,00,2,1,00,A01
201700034108,1,07,000,00,2,4,00,B01
201700034109,1,01,000,00,2,0,00,B01
201700034109,1,07,000,00,2,1,01,A01
201700034110,1,07,000,00,0,0,00,A01
201700034110,0,02,000,00,0,0,00,B01
201700034111,1,37,000,00,2,7,01,A01
201700034111,1,01,000,00,2,8,01,B01
201700034111,1,07,000,00,2,8,24,C01
201700034112,1,07,000,00,2,4,00,B01
201700034112,1,07,000,00,2,1,00,A01
201700034113,1,07,000,00,2,3,15,A01
201700034113,1,33,000,00,2,2,00,B01
201700034114,1,07,000,00,2,2,00,B01
201700034114,1,01,000,00,2,1,00,A01
201700034115,1,07,000,00,1,3,00,A01
201700034116,2,07,000,01,0,1,01,A01
201700034116,2,07,000,00,2,0,24,B01
201700034117,1,30,000,00,2,1,01,Z01
201700034117,1,01,000,00,2,8,19,B01
201700034118,1,32,000,00,2,0,01,A01
201700034118,1,07,000,00,2,1,23,B01
201700034118,0,07,000,00,0,0,00,Z01
201700034119,1,33,000,00,2,1,01,B01
201700034119,1,07,000,00,2,2,15,A01
201700034120,1,07,000,00,2,4,15,B01
201700034120,1,07,000,00,2,3,01,A01
201700034121,1,30,000,00,2,1,01,B01
201700034121,1,07,000,00,2,1,15,A01
201700034122,1,07,000,00,2,4,02,B01
201700034122,1,01,000,00,2,1,02,A01
201700034123,1,07,000,00,2,4,02,B01
201700034123,1,07,000,00,2,1,02,A01
201700034124,2,07,000,00,2,2,15,B01
201700034124,2,30,000,00,2,1,01,A01
201700034125,1,34,000,00,2,1,01,C01
201700034125,1,07,000,00,2,7,15,A01
201700034125,1,07,000,00,2,1,01,B01
201700034126,1,33,000,00,0,8,02,B01
201700034126,1,33,000,00,0,8,02,A01
201700034127,1,33,000,00,2,1,01,B01
201700034127,1,01,000,00,2,1,19,A01
201700034128,1,07,000,00,2,1,01,B01
201700034128,1,07,000,00,2,5,15,A01
201700034129,1,30,000,00,1,1,15,Z01
201700034130,1,10,000,00,1,0,01,Z01
201700034131,1,01,000,00,2,1,01,A01
201700034131,1,07,000,00,2,1,01,B01
201700034132,1,40,000,00,1,3,01,A01
201700034133,1,07,000,00,1,0,00,Z01
201700034134,1,30,000,00,2,1,01,A01
201700034134,1,07,000,00,2,7,01,B01
201700034135,1,07,000,01,2,1,01,A01
201700034135,1,07,000,00,2,2,01,B01
201700034136,1,07,000,00,1,1,01,A01
201700034137,1,07,000,00,2,3,24,A01
201700034137,1,07,000,00,2,1,01,B01
201700034138,1,31,000,00,2,7,01,B01
201700034138,1,07,000,00,2,1,16,A01
201700034139,1,07,000,14,0,1,02,A01
201700034139,1,07,000,00,2,4,23,B01
201700034140,1,07,000,00,2,4,02,B01
201700034140,1,37,000,00,2,1,02,A01
201700034140,1,07,000,00,2,4,02,C01
201700034140,1,07,000,00,2,4,02,D01
201700034141,1,07,000,00,2,2,01,A01
201700034141,1,01,000,00,2,7,19,B01
201700034142,1,07,000,00,1,1,01,A01
201700034143,1,07,000,00,2,1,02,A01
201700034143,1,07,000,00,2,4,01,C01
201700034143,1,07,000,00,2,4,02,B01
201700034144,1,01,000,00,2,1,01,B01
201700034144,1,01,000,00,2,1,01,A01
201700034145,1,01,000,00,1,1,01,A01
201700034146,1,30,000,00,2,1,19,A01
201700034146,1,07,000,01,2,7,01,B01
201700034147,1,30,000,00,2,8,01,A01
201700034147,1,07,000,00,2,1,15,B01
201700034148,1,33,000,05,0,1,01,A01
201700034149,1,07,000,00,1,1,01,A01
201700034150,1,07,000,00,1,4,04,A01
201700034151,1,01,000,00,1,1,01,A01
201700034152,1,37,000,00,1,8,15,A01
201700034153,1,01,000,00,2,1,01,B01
201700034153,1,07,000,00,2,3,20,A01
201700034154,1,14,000,00,2,2,16,A01
201700034154,1,01,000,00,2,1,01,B01
201700034155,0,07,000,00,2,3,01,A01
201700034155,1,07,000,00,2,2,01,B01
201700034156,1,07,000,00,2,3,15,B01
201700034156,1,33,000,00,2,1,02,A01
201700034157,1,07,000,00,9,0,15,Z01
201700034157,1,31,000,00,2,1,01,C01
201700034157,1,13,000,00,2,4,01,B01
201700034158,2,01,000,00,2,1,01,A01
201700034158,2,01,000,00,2,1,01,B01
201700034159,1,01,000,00,2,1,19,A01
201700034159,2,07,000,00,2,3,01,B01
201700034160,2,07,000,06,0,3,01,A01
201700034161,1,07,000,01,2,1,01,A01
201700034162,2,01,000,00,2,1,01,B01
201700034162,2,07,000,00,2,5,20,A01
201700034163,0,33,000,00,2,1,01,A01
201700034163,1,07,000,00,2,0,20,B01
201700034164,2,37,000,00,4,0,01,A01
201700034165,1,07,000,00,1,1,01,A01
201700034166,1,01,000,00,2,8,01,B01
201700034166,1,07,000,00,2,7,01,A01
201700034167,1,01,000,00,2,1,05,B01
201700034167,1,13,000,00,2,1,20,A01
201700034168,1,01,000,00,2,8,19,A01
201700034168,1,07,000,00,2,1,01,B01
201700034169,1,07,000,14,0,1,16,A01
201700034170,1,01,000,00,1,1,01,A01
201700034171,1,01,000,00,2,1,19,A01
201700034171,1,37,000,00,2,1,01,B01
201700034172,1,01,000,00,0,7,19,A01
201700034172,1,07,000,00,2,1,01,B01
201700034173,1,07,000,00,2,1,13,A01
201700034173,1,07,000,00,2,7,14,D01
201700034174,1,01,000,01,0,1,01,B01
201700034174,1,07,000,00,2,8,24,A01
201700034175,1,37,000,00,2,2,01,B01
201700034175,1,07,000,00,2,2,01,A01
201700034176,1,07,000,00,2,4,02,B01
201700034176,1,07,000,00,2,1,01,A01
201700034177,1,07,000,00,2,1,01,B01
201700034177,1,10,000,01,2,7,01,A01
201700034178,1,32,000,00,2,7,02,A01
201700034178,1,32,000,00,2,8,02,Z01
201700034179,1,07,000,00,1,4,04,A01
201700034180,1,02,000,08,2,1,01,A01
201700034180,1,07,000,00,2,1,01,B01
201700034181,1,07,000,00,2,1,01,B01
201700034181,1,07,000,00,2,1,01,A01
201700034181,1,10,000,00,9,0,01,Z01
201700034182,1,07,000,00,2,8,01,B01
201700034182,1,01,000,00,2,1,01,A01
201700034183,0,07,000,00,2,1,01,A01
201700034183,1,32,000,00,2,1,01,B01
201700034184,1,01,000,00,1,1,01,A01
201700034185,1,07,000,00,2,1,13,B01
201700034185,1,07,000,02,2,1,13,A01
201700034186,1,30,000,00,1,1,16,Z01
201700034187,1,07,000,00,2,4,02,B01
201700034187,1,10,000,00,0,1,02,A01
201700034188,1,33,000,14,0,1,02,A01
201700034188,1,33,000,00,2,4,02,B01
201700034189,2,07,000,00,2,2,15,A01
201700034189,1,34,000,00,2,1,01,B01
201700034190,2,07,000,00,2,1,01,A01
201700034190,2,34,000,00,2,8,01,B01
201700034191,1,01,000,00,0,0,01,A01
201700034192,1,34,000,00,2,1,16,A01
201700034192,2,37,020,00,2,1,01,B01
201700034193,2,36,000,12,0,0,01,A01
201700034194,1,07,000,14,0,4,23,B01
201700034194,1,07,000,14,0,4,23,E01
201700034194,1,10,000,14,0,4,23,C01
201700034194,1,07,000,14,0,4,23,D01
201700034194,1,07,000,14,0,1,02,A01
201700034195,1,01,000,00,2,8,19,B01
201700034195,1,30,000,00,2,1,01,Z01
201700034196,1,10,000,00,2,4,02,B01
201700034196,2,07,000,00,2,1,02,A01
201700034197,1,02,000,14,0,0,02,A01
201700034198,0,07,000,00,2,1,15,A01
201700034198,1,07,000,00,2,3,01,B01
201700034199,1,07,000,00,1,1,01,Z01
201700034200,1,01,000,00,2,1,19,B01
201700034200,1,07,000,00,2,1,01,A01
201700034201,1,01,000,00,1,1,01,A01
201700034202,2,33,000,00,1,1,01,A01
201700034203,1,07,000,00,2,5,17,A01
201700034203,1,01,000,01,0,8,17,B01
201700034204,1,07,000,00,2,2,09,B01
201700034204,1,07,000,15,2,1,09,A01
201700034205,1,07,000,00,1,1,01,A01
201700034206,2,07,000,00,1,1,01,A01
201700034207,1,30,000,00,1,1,01,Z01
201700034208,1,40,000,00,1,7,01,A01
201700034209,1,01,000,00,2,2,15,A01
201700034209,1,07,000,00,2,1,01,B01
201700034210,1,30,000,00,2,1,01,A01
201700034210,1,07,000,00,2,5,01,B01
201700034211,1,07,000,00,2,4,02,B01
201700034211,1,07,000,00,2,1,02,A01
201700034212,1,07,000,08,0,1,13,A01
201700034213,1,40,000,00,2,1,01,A01
201700034213,1,10,000,00,4,3,15,B01
201700034214,1,40,000,00,2,1,01,B01
201700034214,1,01,000,00,0,1,19,A01
201700034215,1,02,000,00,2,1,01,A01
201700034215,1,07,000,00,2,7,01,B01
201700034216,1,30,000,00,0,0,01,A01
201700034217,1,30,000,00,2,1,01,A01
201700034217,1,07,000,00,2,1,01,B01
201700034218,1,07,000,00,2,3,20,A01
201700034218,1,01,000,00,2,1,01,B01
201700034219,1,07,000,00,2,3,10,A01
201700034219,1,33,000,00,2,1,00,B01
201700034220,1,07,000,00,2,4,02,C01
201700034220,1,03,000,00,2,4,02,B01
201700034220,1,07,000,00,2,1,02,A01
201700034221,1,07,000,00,2,0,16,A01
201700034221,0,01,000,00,2,7,15,B01
201700034222,1,07,000,00,1,4,04,A01
201700034223,1,07,000,00,2,1,01,A01
201700034223,2,01,000,00,2,1,09,B01
201700034224,1,07,000,00,0,7,15,A01
201700034224,1,07,000,00,2,1,01,B01
201700034225,1,15,000,00,2,1,01,B01
201700034225,1,07,000,00,2,1,13,A01
201700034226,1,07,000,00,2,5,01,A01
201700034226,1,07,000,00,2,3,16,B01
201700034227,1,07,000,00,1,1,01,A01
201700034228,1,07,000,08,0,1,01,A01
201700034229,1,07,000,00,1,1,01,A01
201700034230,1,01,000,00,2,1,00,A01
201700034230,2,01,000,00,2,1,00,B01
201700034231,1,07,000,00,1,1,01,A01
201700034232,1,07,000,00,2,5,01,A01
201700034232,1,01,000,00,2,1,01,B01
201700034233,1,07,000,00,2,8,01,A01
201700034233,1,07,000,00,2,1,01,B01
201700034234,1,30,000,00,2,1,02,A01
201700034234,1,07,000,00,2,4,02,B01
201700034235,1,07,000,00,2,2,14,A01
201700034236,1,07,000,00,2,1,01,Z01
201700034236,1,01,000,00,2,7,19,A01
201700034237,1,01,000,00,2,8,01,B01
201700034237,1,07,000,00,2,1,16,A01
201700034238,1,07,000,00,2,7,16,A01
201700034238,1,07,000,00,1,1,01,Z01
201700034239,1,07,000,00,2,7,01,A01
201700034239,1,01,000,00,2,0,01,B01
201700034240,1,01,000,00,2,1,01,B01
201700034240,1,07,000,00,2,3,01,A01
201700034241,1,07,000,01,1,3,20,A01
201700034242,1,07,000,00,2,1,07,A01
201700034242,1,01,000,00,2,1,19,B01
201700034243,1,07,000,04,0,3,13,A01
201700034244,1,01,000,00,1,0,01,Z01
201700034245,1,07,000,00,2,8,09,A01
201700034245,1,33,000,00,2,1,01,B01
201700034246,1,07,000,00,2,3,15,A01
201700034246,1,33,000,00,2,1,01,B01
201700034247,1,07,000,00,2,1,01,A01
201700034247,1,01,000,00,2,7,19,B01
201700034248,1,33,000,00,2,1,01,B01
201700034248,1,07,000,00,2,1,15,A01
201700034249,1,07,000,00,2,1,02,A01
201700034249,1,02,000,00,2,1,16,B01
201700034250,1,07,000,00,2,8,20,A01
201700034250,1,33,000,00,2,1,01,B01
201700034251,1,07,000,00,2,8,13,A01
201700034251,1,07,000,00,2,5,15,B01
201700034252,1,01,000,00,2,1,01,B01
201700034252,1,07,000,00,2,0,16,A01
201700034253,1,07,000,00,1,1,02,A01
201700034254,1,01,000,00,2,1,02,A01
201700034254,1,07,000,00,2,4,02,B01
201700034255,1,07,000,00,2,2,15,A01
201700034255,1,01,000,00,2,1,01,B01
201700034256,1,07,000,00,1,2,01,A01
201700034257,1,30,000,00,1,2,01,A01
201700034258,1,40,000,00,1,2,01,A01
201700034259,1,07,000,00,2,2,01,A01
201700034259,1,01,000,00,2,8,01,B01
201700034260,1,01,000,00,2,1,01,B01