Num_Acc,senc,catv,occutc,obs,obsm,choc,manv,num_veh
201700035021,1,07,000,13,0,1,01,A01
201700035022,2,07,000,00,2,8,01,A01
201700035022,1,33,000,00,2,1,01,B01
201700035023,2,33,000,00,0,0,01,A01
201700035024,2,07,000,00,2,1,01,B01
201700035024,2,21,000,00,0,4,01,A01
201700035025,2,33,000,00,2,0,11,B01
201700035025,1,13,000,00,0,1,01,D01
201700035025,1,07,000,01,2,2,01,A01
201700035026,1,07,000,00,2,7,01,A01
201700035026,2,07,000,00,2,1,01,B01
201700035027,1,10,000,00,2,3,01,A01
201700035027,2,07,000,00,2,3,01,B01
201700035028,1,10,000,00,2,2,17,A01
201700035028,1,07,000,00,2,8,15,B01
201700035029,1,33,000,00,2,1,01,B01
201700035029,0,07,000,00,0,8,19,A01
201700035030,2,07,000,00,2,1,01,B01
201700035030,1,07,000,00,2,1,13,A01
201700035031,1,33,000,00,2,8,13,A01
201700035031,2,14,000,00,2,6,01,B01
201700035032,2,07,000,00,2,1,13,A01
201700035032,1,07,000,00,2,1,13,B01
201700035033,2,33,000,00,0,8,01,A01
201700035034,2,17,000,00,0,0,01,A01
201700035035,1,07,000,00,2,4,15,A01
201700035035,1,07,000,00,2,1,01,B01
201700035036,2,33,000,00,9,8,01,A01
201700035037,1,07,000,00,2,1,01,A01
201700035037,2,07,000,00,2,4,01,B01
201700035037,2,07,000,00,2,4,01,C01
201700035037,2,07,000,00,2,4,01,D01
201700035038,0,10,000,00,1,4,04,A01
201700035039,0,07,000,00,1,4,04,A01
201700035040,2,10,000,02,0,7,01,A01
201700035041,1,07,000,00,1,0,01,A01
201700035042,1,07,000,00,2,1,05,A01
201700035042,2,07,000,00,2,1,01,B01
201700035043,0,33,000,06,0,1,16,A01
201700035044,2,33,000,00,0,0,14,A01
201700035045,1,10,000,00,0,9,01,A01
201700035046,0,07,000,00,2,1,00,C01
201700035046,0,07,000,00,2,1,00,B01
201700035046,0,07,000,00,2,1,13,A01
201700035047,1,33,000,04,0,1,15,A01
201700035048,1,07,000,00,2,3,02,A01
201700035048,2,07,000,00,2,3,02,B01
201700035049,1,21,000,00,0,6,15,A01
201700035049,1,33,000,00,2,1,17,B01
201700035050,1,07,000,02,0,1,00,A01
201700035051,0,07,000,00,2,3,01,B01
201700035051,0,02,000,00,2,1,16,A01
201700035052,1,07,000,13,0,7,01,A01
201700035053,2,07,000,00,2,2,02,A01
201700035053,2,07,000,00,0,6,02,B01
201700035054,0,07,000,00,1,2,01,A01
201700035055,1,14,000,00,2,3,01,B01
201700035055,2,07,000,00,2,3,13,A01
201700035056,1,38,000,00,2,2,01,B01
201700035056,2,07,000,00,2,1,13,A01
201700035057,1,38,010,02,0,3,01,A01
201700035058,1,02,000,00,0,0,01,A01
201700035059,2,07,000,00,2,3,01,B01
201700035059,1,07,000,00,2,3,01,A01
201700035060,2,36,000,11,0,1,13,A01
201700035061,2,07,000,13,0,3,13,A01
201700035062,1,33,000,03,0,8,17,A01
201700035063,1,20,000,01,1,2,02,B01
201700035064,2,33,000,00,2,1,01,C01
201700035064,2,33,000,00,2,1,01,B01
201700035064,1,07,000,00,2,1,01,A01
201700035065,1,07,000,00,2,3,13,A01
201700035065,2,07,000,00,2,1,01,B01
201700035065,1,10,000,00,2,3,01,C01
201700035066,2,33,000,00,2,1,02,B01
201700035066,2,33,000,00,0,4,15,A01
201700035067,1,07,000,16,0,3,01,A01
201700035068,0,33,000,00,0,0,23,A01
201700035069,1,33,000,16,0,7,00,B01
201700035069,1,33,000,13,0,3,01,A01
201700035070,1,33,000,16,0,0,01,A01
201700035071,1,07,000,00,0,1,13,A01
201700035071,2,07,000,00,0,1,13,B01
201700035072,1,07,000,00,2,7,15,A01
201700035072,2,07,000,00,2,1,01,B01
201700035073,0,07,000,13,0,2,01,A01
201700035074,2,07,000,13,0,3,00,A01
201700035075,2,07,000,00,2,5,17,B01
201700035075,2,31,000,00,2,3,11,A01
201700035076,1,33,000,00,0,2,14,A01
201700035077,1,07,000,00,2,1,01,B01
201700035077,2,07,000,00,2,3,13,A01
201700035078,2,07,000,02,0,3,13,A01
201700035079,2,07,000,08,0,2,01,A01
201700035080,1,07,000,00,2,3,01,A01
201700035080,2,07,000,00,2,3,01,B01
201700035081,1,07,000,00,2,1,01,A01
201700035081,2,07,000,00,2,1,01,B01
201700035082,0,07,000,00,1,6,04,A01
201700035083,0,14,000,13,0,1,01,A01
201700035084,0,07,000,00,1,2,00,A01
201700035085,1,02,000,00,2,1,02,B01
201700035085,1,07,000,00,0,6,02,A01
201700035086,1,10,000,07,0,2,01,A01
201700035087,1,07,000,13,0,1,01,A01
201700035088,1,02,000,00,6,1,01,A01
201700035089,1,07,000,00,1,2,01,A01
201700035090,1,07,000,01,1,2,01,A01
201700035091,2,10,000,00,2,2,05,A01
201700035091,1,07,000,00,2,1,01,B01
201700035092,2,07,000,00,2,3,13,B01
201700035092,1,14,000,00,2,3,01,A01
201700035093,0,07,000,00,2,3,01,A01
201700035093,0,07,000,00,2,3,01,B01
201700035094,1,07,000,13,0,1,01,A01
201700035095,2,33,000,16,0,8,19,A01
201700035096,0,07,000,00,0,9,01,A01
201700035097,2,07,000,02,0,2,13,A01
201700035098,1,07,000,00,0,9,01,A01
201700035099,2,07,000,00,2,4,01,A01
201700035099,2,07,000,00,2,1,01,C01
201700035099,2,07,000,00,2,1,01,B01
201700035100,0,21,000,00,9,8,00,A01
201700035101,1,10,000,00,2,1,01,B01
201700035101,2,07,000,00,2,8,01,A01
201700035102,1,01,000,00,2,0,02,A01
201700035102,1,07,000,00,2,2,14,B01
201700035103,0,07,000,00,1,2,01,A01
201700035104,1,07,000,02,0,3,01,A01
201700035105,2,07,000,16,0,1,01,A01
201700035106,2,33,000,13,0,0,14,A01
201700035107,1,07,000,16,0,2,01,A01
201700035108,1,07,000,00,0,2,17,B01
201700035108,2,07,000,00,0,2,05,A01
201700035109,2,07,000,00,2,2,01,B01
201700035109,2,07,000,00,2,6,09,A01
201700035110,2,21,000,00,2,6,01,B01
201700035110,1,33,000,00,2,1,13,A01
201700035111,0,01,000,00,0,2,01,A01
201700035111,0,07,000,00,0,6,20,B01
201700035112,2,07,000,02,0,3,02,A01
201700035113,1,07,000,02,0,2,01,A01
201700035114,2,07,000,16,9,0,01,A01
201700035115,2,07,000,00,2,2,13,A01
201700035115,1,07,000,00,2,2,11,B01
201700035115,1,07,000,00,2,1,01,C01
201700035116,1,33,000,02,0,0,01,A01
201700035117,2,07,000,02,0,2,01,A01
201700035118,2,07,000,00,2,1,01,B01
201700035118,1,07,000,00,2,3,13,A01
201700035119,1,07,000,00,1,4,04,A01
201700035120,2,07,000,00,2,2,19,A01
201700035120,2,31,000,00,0,0,00,B01
201700035121,1,07,000,00,1,1,14,A01
201700035122,2,07,000,00,2,1,13,A01
201700035122,1,07,000,00,0,0,00,B01
201700035123,1,07,000,00,1,3,02,A01
201700035124,2,03,000,00,2,1,15,A01
201700035124,0,07,000,07,2,3,01,B01
201700035125,1,07,000,00,2,3,15,B01
201700035125,1,07,000,12,2,1,07,A01
201700035126,2,03,000,00,2,1,01,A01
201700035126,2,07,000,00,2,7,01,B01
201700035127,1,07,000,00,1,4,04,A01
201700035128,1,07,000,00,1,1,01,A01
201700035129,2,07,000,00,1,3,01,A01
201700035130,2,07,000,00,2,8,10,A01
201700035130,1,33,000,00,2,1,01,B01
201700035131,2,07,000,00,2,2,15,A01
201700035131,1,30,000,00,0,0,00,B01
201700035132,2,07,000,03,2,3,13,A01
201700035132,1,33,000,00,2,8,01,B01
201700035133,1,07,000,00,1,2,01,A01
201700035134,1,07,000,00,1,1,19,Z01
201700035135,1,07,000,00,2,1,09,B01
201700035135,1,07,000,00,2,1,10,A01
201700035136,2,07,000,00,2,8,10,A01
201700035136,2,31,000,00,2,1,18,B01
201700035137,1,07,000,00,0,9,14,A01
201700035138,1,07,000,00,2,3,09,A01
201700035138,1,33,000,00,2,2,01,B01
201700035139,1,33,000,00,2,1,12,A01
201700035139,1,07,000,00,2,6,18,B01
201700035140,1,07,000,00,1,4,04,A01
201700035141,2,07,000,00,1,2,01,A01
201700035142,2,10,000,00,2,1,00,B01
201700035142,1,07,000,00,2,3,00,A01
201700035143,2,07,000,00,2,1,13,A01
201700035143,1,07,000,06,2,1,01,B01
201700035144,1,07,000,00,1,3,01,A01
201700035145,1,07,000,00,1,3,01,A01
201700035146,1,07,000,00,1,1,01,Z01
201700035147,1,07,000,00,2,1,17,A01
201700035147,2,07,000,00,2,1,01,B01
201700035148,1,07,000,00,2,1,13,A01
201700035148,2,07,000,00,2,1,01,B01
201700035149,2,07,000,00,2,8,01,B01
201700035149,2,07,000,00,2,1,01,A01
201700035150,1,31,000,00,2,8,01,A01
201700035150,2,07,000,00,2,1,01,B01
201700035151,1,07,000,00,2,7,15,A01
201700035151,2,30,000,00,2,1,01,B01
201700035152,1,07,000,00,1,3,01,A01
201700035153,1,07,000,00,1,2,01,A01
201700035154,1,17,000,00,2,1,01,A01
201700035154,1,07,000,00,2,4,15,B01
201700035155,1,30,000,00,2,1,01,B01
201700035155,2,07,000,00,2,6,15,A01
201700035156,1,33,000,00,2,1,13,A01
201700035156,2,10,000,00,2,2,01,B01
201700035157,1,07,000,00,2,7,13,A01
201700035157,2,07,000,00,2,1,01,B01
201700035158,1,07,000,00,2,1,01,A01
201700035158,1,07,000,00,2,4,23,B01
201700035159,1,07,000,00,2,8,14,A01
201700035159,0,10,000,00,2,2,16,B01
201700035160,1,07,000,00,1,1,01,A01
201700035161,0,10,000,00,2,1,01,A01
201700035161,1,07,000,00,2,9,01,B01
201700035162,1,07,000,00,2,1,01,B01
201700035162,2,07,000,00,2,1,01,A01
201700035163,1,07,000,00,1,1,15,A01
201700035164,2,07,000,00,2,4,02,B01
201700035164,1,07,000,00,2,1,01,A01
201700035165,1,07,000,00,1,3,01,A01
201700035166,1,07,000,00,2,1,13,A01
201700035166,2,07,000,00,2,3,01,B01
201700035167,1,33,000,00,1,1,01,Z01
201700035168,1,07,000,00,1,2,01,Z01
201700035169,1,07,000,00,2,7,15,A01
201700035169,2,33,000,00,2,1,01,B01
201700035170,1,07,000,00,1,1,09,A01
201700035171,1,07,000,00,1,3,01,A01
201700035172,1,07,000,00,1,1,01,A01
201700035173,1,10,000,00,2,3,15,A01
201700035173,1,07,000,00,2,2,01,B01
201700035174,1,07,000,00,2,2,01,B01
201700035174,1,07,000,00,2,1,01,A01
201700035175,0,10,000,00,1,0,01,A01
201700035176,1,07,000,16,0,0,00,A01
201700035177,1,07,000,06,0,1,01,A01
201700035178,1,07,000,00,2,1,01,B01
201700035178,0,07,000,00,2,8,01,A01
201700035179,1,07,000,06,0,3,15,A01
201700035180,2,07,000,00,2,7,01,A01
201700035180,1,07,000,00,2,1,01,B01
201700035181,2,07,000,00,2,3,15,A01
201700035181,2,01,000,00,2,7,15,B01
201700035182,2,07,000,02,1,1,01,A01
201700035183,2,15,000,00,2,4,24,A01
201700035183,2,02,000,01,0,1,02,B01
201700035184,0,07,000,00,1,8,01,A01
201700035185,1,31,000,15,0,1,01,A01
201700035186,1,07,000,13,0,1,01,A01
201700035187,0,07,000,00,2,3,09,A01
201700035187,0,33,000,00,2,2,01,B01
201700035188,1,07,000,00,1,2,01,Z01
201700035189,1,10,000,08,0,1,14,A01
201700035190,1,07,000,00,2,2,01,C01
201700035190,2,07,000,00,2,7,01,B01
201700035190,0,07,000,00,2,1,09,A01
201700035191,1,07,000,00,2,2,01,B01
201700035191,0,07,000,00,2,1,09,A01
201700035192,1,33,000,00,2,1,01,B01
201700035192,0,07,000,00,2,8,09,A01
201700035193,1,07,000,00,2,1,13,B01
201700035193,1,33,000,00,0,4,01,A01
201700035194,1,07,000,14,0,1,06,A01
201700035195,2,07,000,00,0,5,23,B01
201700035195,2,02,000,00,2,1,01,A01
201700035196,0,02,000,15,0,2,01,A01
201700035197,1,07,000,06,0,1,13,A01
201700035198,2,07,000,00,2,2,09,A01
201700035198,1,33,000,00,2,1,01,B01
201700035199,1,21,000,00,2,6,01,B01
201700035199,2,07,000,00,2,3,13,A01
201700035200,2,07,000,02,0,1,01,A01
201700035201,2,07,000,06,0,3,13,A01
201700035202,0,10,000,00,1,6,04,A01
201700035203,2,07,000,13,0,1,01,A01
201700035204,0,07,000,00,2,3,15,A01
201700035204,0,01,000,00,2,4,01,B01
201700035205,2,07,000,13,0,1,01,A01
201700035206,1,07,000,03,2,3,01,B01
201700035206,2,15,000,00,2,3,13,A01
201700035207,1,03,000,00,2,3,19,A01
201700035207,1,07,000,00,2,3,01,B01
201700035208,1,07,000,00,2,2,01,B01
201700035208,0,01,000,00,2,1,15,A01
201700035209,1,07,000,00,2,1,05,A01
201700035209,2,07,000,00,2,3,01,B01
201700035210,1,02,000,00,2,7,13,A01
201700035210,2,07,000,00,2,1,15,B01
201700035211,2,07,000,00,2,3,24,B01
201700035211,1,07,000,01,1,3,17,A01
201700035212,0,02,000,00,2,1,05,A01
201700035212,0,07,000,00,2,3,01,B01
201700035213,1,10,000,00,2,1,01,B01
201700035213,2,30,000,00,2,1,09,A01
201700035214,0,07,000,00,1,2,01,A01
201700035215,2,07,000,00,2,3,01,A01
201700035215,2,07,000,00,1,3,02,C01
201700035215,2,02,000,00,2,4,15,B01
201700035216,1,07,000,00,2,1,13,A01
201700035216,2,17,000,00,2,1,01,B01
201700035217,1,07,000,13,0,1,00,A01
201700035218,1,07,000,00,1,1,02,A01
201700035219,2,07,000,00,2,1,01,B01
201700035219,1,02,000,00,2,1,17,A01
201700035220,1,07,000,02,0,9,14,A01
201700035221,1,07,000,00,2,1,01,A01
201700035221,1,17,000,00,2,6,15,B01
201700035222,1,33,000,00,2,1,01,B01
201700035222,1,07,000,00,2,3,15,A01
201700035223,1,07,000,00,2,2,15,A01
201700035223,2,30,000,00,2,1,01,B01
201700035224,2,07,000,13,0,0,13,A01
201700035225,1,07,000,00,2,1,13,A01
201700035225,2,07,000,00,2,1,01,B01
201700035226,2,07,000,00,2,3,15,A01
201700035226,1,31,000,00,2,1,02,B01
201700035227,2,07,000,00,2,1,15,A01
201700035227,1,01,000,00,2,1,01,B01
201700035228,1,07,000,00,2,3,15,A01
201700035228,2,01,000,00,2,0,02,B01
201700035229,1,07,000,02,1,7,00,A01
201700035230,2,02,000,00,0,4,16,B01
201700035230,2,02,000,00,2,1,16,A01
201700035231,1,02,000,16,0,7,01,A01
201700035232,2,07,000,02,0,3,01,A01
201700035233,0,07,000,00,1,7,01,A01
201700035234,2,33,000,15,0,1,01,A01
201700035235,2,07,000,07,0,3,01,A01
201700035236,1,02,000,08,9,1,01,A01
201700035237,1,07,000,15,0,3,01,A01
201700035238,2,07,000,00,2,1,01,A01
201700035238,1,07,000,00,2,1,01,B01
201700035239,1,33,000,00,0,0,00,A01
201700035239,1,07,000,00,0,0,15,B01
201700035240,1,07,000,00,2,7,15,A01
201700035240,2,01,000,00,2,1,01,B01
201700035241,1,07,000,00,2,1,01,B01
201700035241,2,30,000,00,2,8,15,A01
201700035242,1,10,000,00,2,4,23,B01
201700035242,1,01,000,00,2,1,01,A01
201700035243,2,07,000,00,2,1,01,B01
201700035243,1,07,000,00,2,2,15,A01
201700035244,0,01,000,00,2,4,15,A01
201700035244,0,07,000,00,9,2,13,B01
201700035245,1,07,000,00,2,7,17,A01
201700035245,2,07,000,00,2,1,01,B01
201700035246,2,07,000,00,2,3,13,A01
201700035246,1,07,000,00,2,8,01,B01
201700035247,0,07,000,00,1,2,16,A01
201700035248,2,07,000,06,0,2,01,A01
201700035249,1,07,000,00,2,3,01,A01
201700035249,2,07,000,00,2,3,13,B01
201700035250,0,07,000,00,0,4,01,B01
201700035250,0,02,000,00,2,1,02,A01
201700035251,0,37,052,00,1,2,01,A01
201700035252,0,07,000,12,0,1,01,A01
201700035253,0,07,000,00,1,1,01,A01
201700035254,1,07,000,00,0,0,01,A01
201700035255,2,07,000,00,2,3,01,B01
201700035255,1,07,000,00,2,1,13,A01
201700035256,1,07,000,00,1,6,00,A01
201700035257,1,07,000,00,2,7,15,A01
201700035257,0,32,000,00,2,7,01,B01
201700035258,0,07,000,00,1,1,01,A01
201700035259,1,01,000,00,2,1,01,B01
201700035259,1,07,000,00,2,3,01,A01
201700035260,0,02,000,00,2,1,07,A01
201700035260,0,07,000,00,2,2,16,B01
201700035261,0,07,000,00,1,2,01,A01
201700035262,0,33,000,00,2,1,01,B01
201700035262,0,07,000,00,2,1,15,A01
201700035263,0,07,000,00,1,2,01,A01
201700035264,0,07,000,00,1,2,01,A01
201700035265,0,10,000,00,2,4,23,B01
201700035265,0,07,000,14,2,1,02,A01
201700035266,0,02,000,00,2,1,02,A01
201700035266,0,07,000,00,2,4,02,B01
201700035267,0,07,000,00,1,3,01,A01
201700035268,0,33,000,00,2,7,01,A01
201700035268,0,07,000,00,2,1,01,Z01
201700035269,0,07,000,00,2,1,01,A01
201700035269,0,01,000,00,0,0,00,B01
201700035270,0,07,000,00,2,7,01,A01
201700035270,0,07,000,00,2,1,01,B01
201700035271,0,02,000,00,2,8,01,B01
201700035271,0,07,000,00,2,7,01,A01
201700035272,0,07,000,00,1,1,01,A01
201700035273,0,07,000,00,1,1,01,A01
201700035274,0,07,000,05,0,1,01,A01
201700035275,0,07,000,06,0,1,01,A01
201700035276,0,33,000,00,2,7,01,A01
201700035276,0,07,000,00,2,3,01,B01
201700035277,0,02,000,00,2,1,18,B01
201700035277,0,07,000,00,2,0,16,Z01
201700035278,0,02,000,00,2,8,01,B01
201700035278,0,07,000,00,2,3,15,A01
201700035279,0,10,000,00,2,6,15,B01
201700035279,0,33,000,00,2,1,17,A01
201700035280,0,30,000,09,0,1,00,A01
201700035281,0,07,000,00,1,1,01,A01
201700035282,0,07,000,00,1,1,21,A01
201700035283,0,07,000,13,0,1,01,A01
201700035284,0,07,000,00,2,6,10,A01
201700035284,0,33,000,00,2,1,01,B01
201700035285,0,07,000,00,2,3,15,B01
201700035285,0,33,000,00,2,1,17,A01
201700035286,0,37,035,00,2,7,01,B01
201700035286,0,07,000,00,2,1,15,A01
201700035287,0,07,000,00,2,2,23,B01
201700035287,0,01,000,00,2,1,01,A01
201700035288,0,07,000,00,2,1,02,D01
201700035288,0,07,000,00,2,4,02,B01
201700035288,0,07,000,00,2,4,02,C01
201700035288,1,07,000,00,2,4,02,A01
201700035289,0,07,000,00,2,7,15,A01
201700035289,0,01,000,00,2,1,01,B01
201700035290,0,33,000,00,2,7,00,B01
201700035290,0,07,000,00,2,6,13,Z01
201700035291,0,07,000,00,2,2,01,A01
201700035291,0,33,000,00,2,8,01,B01
201700035292,1,07,000,00,1,1,01,A01
201700035293,0,01,000,00,2,8,01,B01
201700035293,0,07,000,00,2,7,16,A01
201700035294,0,38,050,00,2,3,15,A01
201700035294,0,01,000,00,2,1,15,B01
201700035295,0,07,000,00,2,6,00,B01
201700035295,0,02,000,00,2,1,01,A01
201700035296,0,07,000,00,2,1,01,B01
201700035296,2,07,000,00,2,5,10,A01
201700035297,0,07,000,00,1,3,15,A01
201700035298,0,02,000,00,2,1,13,A01
201700035298,0,07,000,00,2,3,01,B01
201700035299,0,07,000,00,1,2,01,A01
201700035300,0,07,000,00,2,2,17,Z01
201700035300,0,02,000,13,0,3,01,B01
201700035301,1,07,000,03,0,8,01,A01
201700035302,1,02,000,00,2,1,15,A01
201700035302,2,10,000,00,2,3,01,B01
201700035303,1,07,000,09,1,2,01,A01
201700035304,0,07,000,00,2,2,15,B01
201700035304,1,02,000,00,2,1,01,A01
201700035305,1,33,000,00,2,8,01,B01
201700035305,1,07,000,00,2,8,01,A01
201700035306,2,02,000,00,2,1,01,B01
201700035306,1,07,000,00,2,2,15,A01
201700035307,0,07,000,00,1,7,01,A01
201700035308,2,07,000,00,2,7,15,A01
201700035308,0,02,000,00,2,1,01,B01
201700035309,0,02,000,00,1,1,01,A01
201700035310,0,02,000,00,2,1,02,A01
201700035310,0,07,000,00,2,4,02,B01
201700035311,0,31,000,00,2,1,01,B01
201700035311,0,07,000,00,2,8,10,A01
201700035312,0,02,000,01,0,1,01,A01
201700035313,0,01,000,00,2,8,01,A01
201700035313,0,07,000,00,2,7,01,B01
201700035314,0,10,000,00,2,7,01,A01
201700035314,0,01,000,00,2,1,01,B01
201700035315,0,02,000,00,2,1,15,A01
201700035315,0,07,000,00,2,3,01,B01
201700035316,0,07,000,00,2,1,01,A01
201700035316,0,07,000,08,2,8,01,B01
201700035317,0,33,000,00,1,7,01,A01
201700035318,0,07,000,00,1,1,01,A01
201700035319,0,07,000,00,2,4,02,C01
201700035319,0,07,000,00,2,1,05,B01
201700035319,0,07,000,00,2,1,17,A01
201700035320,0,07,000,00,1,1,01,A01
201700035321,1,07,000,00,1,1,16,A01
201700035322,0,07,000,00,1,1,09,A01
201700035323,0,01,000,00,2,1,19,B01
201700035323,0,07,000,00,2,1,15,A01
201700035324,0,07,000,00,2,2,16,B01
201700035324,0,02,000,00,2,8,01,A01
201700035325,0,07,000,00,2,1,02,A01
201700035325,0,33,000,00,2,4,02,B01
201700035326,1,07,000,00,1,1,01,A01
201700035327,2,07,000,00,1,1,01,A01
201700035328,0,07,000,00,1,3,01,A01
201700035329,0,07,000,00,4,1,01,A01
201700035329,0,40,030,00,2,3,01,B01
201700035330,0,07,000,04,2,4,02,B01
201700035330,0,07,000,00,2,1,02,A01
201700035331,0,07,000,09,1,1,01,A01
201700035332,0,31,000,12,0,1,01,A01
201700035333,0,07,000,00,4,1,01,A01
201700035333,0,40,000,00,2,3,01,B01
201700035334,0,40,030,00,2,2,01,B01
201700035334,0,07,000,00,4,1,01,A01
201700035335,0,07,000,00,1,1,01,A01
201700035336,0,33,000,00,2,7,17,B01
201700035336,0,07,000,00,2,8,13,A01
201700035337,0,07,000,00,5,3,01,A01
201700035338,0,07,000,00,1,2,01,A01
201700035339,0,07,000,01,0,2,01,A01
201700035340,0,02,000,00,0,7,01,A01
201700035341,0,07,000,00,2,3,09,A01
201700035341,0,02,000,00,2,7,01,B01
201700035342,0,02,000,00,2,7,01,A01
201700035342,0,07,000,00,2,6,01,B01
201700035343,0,07,000,00,2,5,02,B01
201700035343,0,33,000,00,2,1,02,A01
201700035344,0,07,000,00,2,8,12,A01
201700035344,0,33,000,00,2,8,01,B01
201700035345,0,07,000,00,2,1,02,C01
201700035345,0,07,000,00,2,1,02,B01
201700035345,0,07,000,00,2,1,02,A01
201700035346,0,07,000,00,2,5,21,B01
201700035346,0,07,000,00,1,1,01,A01
201700035347,0,07,000,01,2,9,01,A01
201700035347,0,07,000,00,2,1,01,C01
201700035348,0,07,000,00,2,2,15,A01
201700035348,0,33,000,00,2,1,01,B01
201700035349,0,03,000,00,2,4,02,B01
201700035349,1,07,000,00,2,1,02,A01
201700035350,0,07,000,00,1,4,04,A01
201700035351,0,07,000,06,0,1,01,A01
201700035352,0,02,000,00,2,3,01,B01
201700035352,0,07,000,00,2,2,16,A01
201700035353,0,07,000,00,1,1,01,A01
201700035354,0,10,000,00,2,4,02,C01
201700035354,0,10,000,00,2,4,02,B01
201700035354,0,07,000,00,2,1,02,A01
201700035355,0,07,000,00,1,2,01,A01
201700035356,0,07,000,01,0,1,14,A01
201700035357,1,33,000,12,0,4,01,A01
201700035358,0,02,000,00,2,1,21,B01
201700035358,0,07,000,00,0,8,15,A01
201700035359,2,07,000,00,0,8,01,B01
201700035359,1,07,000,07,0,8,13,A01
201700035360,2,07,000,02,0,2,01,A01
201700035361,1,07,000,00,2,8,01,B01
201700035361,1,01,000,00,2,1,01,C01
201700035361,1,01,000,00,2,1,19,A01
201700035362,1,01,000,00,2,4,01,B01
201700035362,1,07,000,00,9,2,17,A01
201700035363,1,01,000,00,2,4,01,B01
201700035363,1,01,000,00,2,1,01,A01
201700035364,1,07,000,00,1,3,01,A01
201700035365,1,07,000,13,0,3,13,A01
201700035366,1,07,000,13,0,2,01,A01
201700035367,0,07,000,00,2,1,01,A01
201700035367,0,07,000,00,2,3,01,B01
201700035368,2,33,000,00,6,1,01,A01
201700035369,0,07,000,00,1,7,17,A01
201700035370,2,07,000,00,2,2,01,B01
201700035370,2,10,000,00,1,1,01,C01
201700035371,1,07,000,00,1,2,15,A01
201700035372,0,07,000,00,1,1,19,A01
201700035373,1,10,000,02,0,3,14,A01
201700035374,1,33,000,15,0,4,01,A01
201700035374,1,07,000,00,2,1,01,B01
201700035375,1,07,000,00,2,1,05,B01
201700035375,2,07,000,00,2,1,01,A01
201700035376,2,07,000,00,1,1,01,A01
201700035377,1,01,000,00,4,5,00,A01
201700035377,0,39,000,00,4,2,00,B01
201700035378,2,07,000,00,2,3,16,A01
201700035378,1,01,000,00,2,7,05,B01
201700035379,1,07,000,00,2,1,17,A01
201700035379,2,07,000,00,2,1,01,B01
201700035380,1,31,000,00,0,0,00,A01
201700035381,1,07,000,00,1,1,15,A01
201700035382,1,30,000,00,1,1,17,A01
201700035383,1,34,000,00,0,0,01,A01
201700035384,1,07,000,00,1,1,01,A01
201700035385,1,07,000,00,1,1,01,A01
201700035386,1,07,000,00,2,3,15,A01
201700035386,2,01,000,00,2,1,01,B01
201700035387,1,07,000,00,2,5,15,A01
201700035387,2,02,000,00,2,1,21,B01
201700035388,1,07,000,00,0,0,05,A01
201700035388,1,33,000,00,0,0,23,B01
201700035389,1,07,000,00,1,7,01,A01
201700035390,0,07,000,00,1,3,01,A01
201700035391,1,07,000,00,0,4,02,A01
201700035391,1,07,000,00,0,0,00,B01
201700035392,1,10,000,16,2,1,13,A01
201700035392,2,10,000,16,2,1,02,B01
201700035393,1,07,000,00,1,7,00,A01
201700035394,1,07,000,15,2,2,17,A01
201700035394,1,07,000,01,2,3,15,B01
201700035394,2,07,000,01,0,3,00,C01
201700035395,1,07,000,00,0,0,00,A01
201700035395,1,02,000,00,2,1,01,B01
201700035396,1,07,000,00,9,2,00,A01
201700035396,1,01,000,00,2,1,05,B01
201700035397,1,07,000,00,2,0,00,A01
201700035397,1,07,000,02,2,9,14,B01
201700035398,2,36,000,06,0,1,02,A01
201700035399,1,33,000,00,0,2,13,A01
201700035400,2,02,000,00,2,1,16,A01
201700035400,1,07,000,00,2,3,21,B01
201700035401,1,01,000,00,1,1,21,A01
201700035402,1,03,000,00,1,1,01,A01
201700035403,1,07,000,00,9,0,23,A01
201700035403,1,01,000,01,2,1,01,B01
201700035404,1,07,000,00,2,3,15,A01
201700035404,1,30,000,00,2,1,01,B01
201700035405,1,07,000,00,1,1,01,A01
201700035406,1,07,000,00,2,6,11,A01
201700035406,1,33,000,00,2,1,17,B01
201700035407,2,07,000,16,0,2,14,A01
201700035408,0,13,000,00,2,1,01,A01
201700035408,0,07,000,00,2,2,01,B01
201700035409,1,07,000,06,0,1,01,A01
201700035410,1,07,000,00,1,1,01,A01
201700035411,0,07,000,00,1,0,00,A01
201700035412,1,07,000,00,2,1,10,A01
201700035412,1,01,000,00,2,8,01,B01
201700035413,1,07,000,00,1,2,01,A01
201700035414,1,07,000,00,0,0,00,A01
201700035415,1,07,000,00,2,4,01,A01
201700035415,1,07,000,00,2,1,01,B01
201700035415,1,07,000,00,2,1,01,C01
201700035416,1,07,000,01,0,1,09,A01
201700035416,1,07,000,00,2,5,23,B01
201700035417,0,01,000,00,2,4,01,A01
201700035417,0,01,000,00,2,1,12,B01
201700035418,1,07,000,00,1,1,01,A01
201700035419,1,07,000,00,2,2,01,A01
201700035419,1,01,000,00,2,3,01,B01
201700035420,1,07,000,02,0,1,14,A01
201700035421,1,07,000,00,2,8,10,A01
201700035421,1,32,000,00,2,1,21,B01
201700035422,1,07,000,00,1,1,01,A01
201700035423,0,07,000,01,2,3,01,A01