Num_Acc,senc,catv,occutc,obs,obsm,choc,manv,num_veh
201700037703,2,10,000,00,2,1,01,B01
201700037704,1,33,000,00,1,3,01,A01
201700037705,1,02,000,00,2,1,03,A01
201700037705,2,07,000,00,2,5,15,B01
201700037705,2,07,000,00,2,3,01,C01
201700037706,1,34,000,00,2,1,01,A01
201700037706,1,07,000,00,2,3,01,B01
201700037707,1,07,000,00,1,1,01,A01
201700037708,1,07,000,00,1,3,01,A01
201700037709,2,07,000,00,1,2,17,A01
201700037710,1,10,000,00,1,3,01,A01
201700037711,1,07,000,00,2,1,02,A01
201700037711,1,07,000,00,2,4,02,B01
201700037711,1,07,000,00,2,4,02,C01
201700037712,2,38,010,00,2,7,16,A01
201700037712,2,01,000,00,2,8,01,B01
201700037713,1,07,000,00,0,1,13,A01
201700037714,2,07,000,00,2,1,01,B01
201700037714,2,01,000,00,2,7,19,A01
201700037715,1,07,000,00,1,1,01,A01
201700037716,1,07,000,13,0,3,13,A01
201700037717,2,07,000,00,2,1,01,B01
201700037717,1,07,000,00,2,1,13,A01
201700037718,1,07,000,00,1,2,01,A01
201700037719,0,07,000,00,2,1,01,A01
201700037719,2,30,000,00,0,0,00,B01
201700037720,2,07,000,14,0,1,09,A01
201700037721,2,07,000,00,2,4,13,A01
201700037721,2,07,000,09,2,1,17,B01
201700037722,1,30,000,00,2,7,01,B01
201700037722,1,07,000,00,2,8,13,A01
201700037723,2,33,000,00,2,1,01,B01
201700037723,1,07,000,00,2,2,15,A01
201700037724,2,07,000,15,0,1,13,A01
201700037725,0,01,000,00,2,3,02,A01
201700037725,0,01,000,00,2,2,16,B01
201700037726,1,07,000,00,2,2,15,A01
201700037726,1,33,000,00,2,1,01,B01
201700037727,2,02,000,00,2,1,02,A01
201700037727,2,07,000,00,2,5,01,B01
201700037728,1,10,000,00,1,1,16,A01
201700037729,2,33,000,00,2,2,17,B01
201700037729,2,07,000,00,2,3,15,A01
201700037730,0,01,000,00,2,4,02,B01
201700037730,1,07,000,00,2,1,02,A01
201700037731,1,07,000,00,2,1,01,A01
201700037731,1,07,000,00,2,4,01,B01
201700037732,2,02,000,00,2,1,01,A01
201700037732,1,07,000,00,2,8,01,B01
201700037733,2,07,000,00,2,5,01,B01
201700037733,2,31,000,00,2,1,01,A01
201700037734,1,34,000,00,2,8,18,A01
201700037734,1,07,000,00,2,7,16,B01
201700037735,1,07,000,00,1,3,12,A01
201700037736,1,33,000,00,2,1,16,A01
201700037736,1,33,000,00,2,5,16,B01
201700037737,2,07,000,00,2,3,09,A01
201700037737,2,02,000,00,2,2,01,B01
201700037738,1,10,000,00,1,6,04,A01
201700037739,2,02,000,00,1,1,01,A01
201700037740,2,07,000,00,2,7,17,A01
201700037740,1,01,000,00,2,8,01,B01
201700037741,1,07,000,00,2,2,01,A01
201700037741,2,01,000,00,2,3,19,B01
201700037742,1,01,000,,0,0,00,A01
201700037742,1,07,000,00,2,3,02,B01
201700037743,1,01,000,00,2,7,21,B01
201700037743,1,07,000,00,9,2,19,A01
201700037744,1,07,000,00,2,8,15,A01
201700037744,1,33,000,00,2,7,17,B01
201700037745,2,30,000,00,1,1,18,A01
201700037746,2,07,000,00,2,3,01,B01
201700037746,1,07,000,00,2,3,13,A01
201700037747,1,10,000,00,1,6,04,A01
201700037748,1,17,000,00,2,5,16,A01
201700037748,1,02,000,00,2,8,16,B01
201700037749,1,07,000,00,2,8,01,B01
201700037749,2,02,000,00,2,3,17,A01
201700037750,1,07,000,00,1,3,01,A01
201700037751,1,07,000,01,9,5,04,A01
201700037751,1,01,000,00,2,4,01,B01
201700037752,2,07,000,00,2,7,01,B01
201700037752,1,07,000,00,2,1,09,A01
201700037753,1,31,000,11,0,9,00,A01
201700037754,1,07,000,00,2,2,01,A01
201700037754,2,30,000,00,2,1,09,B01
201700037755,2,33,000,00,2,2,01,B01
201700037755,1,07,000,00,2,3,09,A01
201700037756,1,30,000,00,2,1,01,A01
201700037756,2,07,000,00,2,3,01,B01
201700037757,2,01,000,00,2,7,01,B01
201700037757,1,07,000,00,2,1,09,A01
201700037758,1,02,000,14,0,7,17,B01
201700037758,1,07,000,14,0,8,13,A01
201700037759,1,30,000,00,2,1,02,Z01
201700037759,1,30,000,00,2,4,01,B01
201700037760,2,07,000,00,2,5,01,B01
201700037760,1,07,000,00,2,3,16,A01
201700037761,1,07,000,00,2,7,17,A01
201700037761,1,01,000,00,2,8,13,B01
201700037762,1,07,000,00,1,8,23,A01
201700037763,1,07,000,00,2,1,05,A01
201700037763,2,07,000,00,2,1,01,B01
201700037764,2,07,000,00,1,2,01,A01
201700037765,1,07,000,00,2,3,15,A01
201700037765,2,07,000,06,2,1,01,B01
201700037766,1,07,000,06,0,2,01,A01
201700037767,2,07,000,00,2,2,02,A01
201700037767,2,01,000,00,2,4,02,B01
201700037768,1,07,000,00,1,1,01,A01
201700037769,1,07,000,00,2,2,02,A01
201700037769,1,01,000,00,2,4,01,B01
201700037770,2,07,000,00,2,8,01,A01
201700037770,2,07,000,00,0,0,00,B01
201700037771,1,07,000,01,0,2,01,A01
201700037772,1,07,000,00,2,1,02,A01
201700037772,1,10,000,00,2,4,02,B01
201700037772,1,07,000,00,0,0,00,C01
201700037773,1,33,000,00,9,8,00,A01
201700037774,1,07,000,00,2,1,15,A01
201700037774,2,33,000,00,2,1,01,B01
201700037775,1,07,000,01,0,2,01,A01
201700037776,1,07,000,00,2,2,12,A01
201700037776,1,07,000,00,2,3,01,B01
201700037777,2,07,000,00,2,1,02,A01
201700037777,2,07,000,00,2,4,15,B01
201700037778,1,33,000,00,6,1,01,A01
201700037779,1,07,000,00,2,2,01,B01
201700037779,1,07,000,00,2,3,01,A01
201700037780,1,07,000,00,2,3,01,A01
201700037780,1,07,000,00,2,1,01,B01
201700037781,1,07,000,00,2,3,01,B01
201700037781,1,07,000,00,2,2,09,A01
201700037782,1,07,000,13,0,2,01,A01
201700037783,1,07,000,00,2,3,15,A01
201700037783,1,30,000,00,2,1,01,B01
201700037784,1,07,000,00,1,1,15,A01
201700037785,1,07,000,00,2,1,02,A01
201700037785,1,07,000,00,2,4,02,B01
201700037786,1,30,000,00,2,1,02,A01
201700037786,1,07,000,00,2,4,23,B01
201700037787,1,07,000,00,1,2,01,A01
201700037788,1,31,000,00,2,3,01,A01
201700037788,1,01,000,00,2,6,15,B01
201700037789,1,33,000,00,0,3,01,A01
201700037790,1,01,000,09,0,1,01,A01
201700037791,1,30,000,00,2,1,01,B01
201700037791,1,07,000,00,2,3,09,A01
201700037792,1,34,000,00,2,1,01,A01
201700037792,1,07,000,00,2,5,23,B01
201700037793,1,07,000,00,2,1,17,A01
201700037793,1,03,000,00,2,4,17,B01
201700037794,1,07,000,00,2,1,11,A01
201700037794,2,07,000,00,2,3,01,B01
201700037794,2,07,000,00,2,1,01,C01
201700037795,2,07,000,13,0,9,01,A01
201700037796,2,33,000,00,2,1,21,B01
201700037796,1,07,000,00,2,8,15,A01
201700037797,1,31,000,00,1,2,01,A01
201700037798,1,01,000,00,2,2,19,B01
201700037798,2,07,000,00,9,3,09,A01
201700037799,1,07,000,00,1,2,01,A01
201700037800,1,07,000,00,2,4,02,A01
201700037800,1,31,000,00,2,4,02,B01
201700037801,1,31,000,00,9,1,01,B01
201700037801,1,07,000,00,0,0,09,Z01
201700037802,1,07,000,00,2,8,13,A01
201700037802,1,31,000,00,2,7,11,B01
201700037803,1,07,000,00,0,0,00,A01
201700037804,2,07,000,00,1,2,02,A01
201700037805,0,07,000,00,1,1,01,A01
201700037806,1,10,000,00,2,1,02,A01
201700037806,1,07,000,00,2,4,02,B01
201700037806,1,07,000,00,2,4,02,C01
201700037806,1,07,000,00,2,4,02,D01
201700037807,1,07,000,00,2,1,02,A01
201700037807,1,07,000,00,2,4,01,B01
201700037807,0,07,000,00,2,4,01,C01
201700037808,2,07,000,00,2,1,15,A01
201700037808,1,31,000,00,2,1,01,B01
201700037809,1,07,000,00,2,1,15,A01
201700037809,2,07,000,00,2,1,01,B01
201700037810,2,07,000,00,2,1,01,A01
201700037810,2,07,000,00,2,8,01,B01
201700037811,2,10,000,00,2,1,01,A01
201700037811,2,07,000,00,2,4,01,B01
201700037812,0,07,000,01,0,2,01,A01
201700037813,0,07,000,00,2,3,00,A01
201700037813,0,07,000,00,0,0,00,B01
201700037814,2,07,000,03,0,1,01,A01
201700037815,0,07,000,00,1,3,01,A01
201700037816,2,33,000,00,2,8,09,A01
201700037816,2,07,000,00,2,7,09,B01
201700037817,2,07,000,00,2,1,01,A01
201700037817,2,30,000,00,2,4,01,B01
201700037818,0,07,000,00,2,1,00,A01
201700037818,0,07,000,00,2,3,00,B01
201700037819,2,33,000,00,2,1,17,A01
201700037819,2,07,000,00,2,3,15,B01
201700037820,1,10,000,00,2,2,01,B01
201700037820,1,07,000,00,2,3,01,A01
201700037821,0,07,000,00,2,1,01,A01
201700037821,0,07,000,00,2,5,15,B01
201700037822,2,07,000,00,2,1,02,A01
201700037822,2,07,000,00,2,4,02,B01
201700037823,1,07,000,00,2,6,10,A01
201700037823,1,02,000,00,2,1,01,B01
201700037824,2,07,000,14,0,1,14,A01
201700037824,2,07,000,00,2,6,23,B01
201700037824,2,37,002,00,2,8,23,C01
201700037825,1,07,000,00,2,1,15,A01
201700037825,1,07,000,00,2,1,01,B01
201700037825,2,07,000,00,2,1,23,C01
201700037826,1,30,000,00,2,1,01,B01
201700037826,2,07,000,00,2,3,15,A01
201700037827,2,07,000,14,0,2,00,A01
201700037827,2,33,000,00,2,6,00,B01
201700037828,2,07,000,00,2,3,15,A01
201700037828,1,33,000,00,2,1,01,B01
201700037829,1,07,000,02,0,1,00,A01
201700037830,2,33,000,00,2,1,02,A01
201700037830,2,07,000,00,2,4,01,B01
201700037831,2,07,000,00,2,1,02,A01
201700037831,2,07,000,00,2,4,01,B01
201700037832,2,07,000,00,2,2,09,A01
201700037832,2,01,000,00,2,1,01,B01
201700037833,2,07,000,00,1,1,15,A01
201700037834,1,07,000,00,2,1,13,A01
201700037834,2,17,000,00,2,6,01,B01
201700037835,2,30,000,00,9,7,01,A01
201700037836,1,10,000,00,2,3,13,A01
201700037836,2,07,000,00,2,3,01,B01
201700037837,0,02,000,00,2,2,01,A01
201700037837,0,07,000,00,2,3,01,B01
201700037838,1,07,000,00,2,1,01,A01
201700037838,1,31,000,00,2,4,01,B01
201700037839,1,07,000,00,2,1,07,A01
201700037839,2,07,000,00,2,7,16,B01
201700037840,1,07,000,00,2,1,01,A01
201700037840,1,07,000,00,1,4,01,B01
201700037841,2,14,000,00,2,3,02,A01
201700037841,2,07,000,00,0,0,00,B01
201700037842,0,34,000,00,2,3,18,A01
201700037842,0,07,000,00,2,2,16,B01
201700037843,0,07,000,01,0,1,13,A01
201700037844,2,07,000,00,2,1,15,A01
201700037844,2,30,000,00,2,1,00,B01
201700037845,0,07,000,00,2,1,01,A01
201700037845,0,07,000,00,2,4,15,B01
201700037846,0,07,000,00,2,1,01,A01
201700037846,0,07,000,00,2,4,00,B01
201700037846,0,07,000,00,2,4,01,C01
201700037847,2,07,000,05,0,1,01,A01
201700037848,1,07,000,00,2,1,01,A01
201700037848,1,07,000,00,2,4,01,B01
201700037849,0,07,000,12,0,3,01,A01
201700037850,2,07,000,00,2,2,01,A01
201700037850,2,33,000,00,2,4,01,B01
201700037851,0,02,000,00,2,1,13,A01
201700037851,0,07,000,00,2,3,01,B01
201700037852,1,07,000,00,2,1,02,A01
201700037852,1,07,000,00,2,4,02,B01
201700037853,0,07,000,00,2,2,00,A01
201700037853,0,07,000,00,2,3,01,B01
201700037854,1,07,000,00,2,1,01,A01
201700037854,1,07,000,00,2,4,15,B01
201700037854,2,07,000,00,2,1,01,C01
201700037855,1,07,000,00,1,1,15,A01
201700037856,1,07,000,00,1,2,01,A01
201700037857,0,30,000,00,2,1,15,A01
201700037857,0,07,000,00,2,1,01,B01
201700037858,0,33,000,00,1,1,01,A01
201700037859,1,07,000,00,2,1,01,A01
201700037859,1,07,000,00,2,4,01,B01
201700037859,1,07,000,00,2,4,01,C01
201700037859,1,07,000,00,2,4,01,D01
201700037860,2,07,000,09,0,1,01,A01
201700037861,1,33,000,00,2,4,02,A01
201700037861,1,33,000,00,2,1,02,B01
201700037862,1,07,000,00,1,2,01,A01
201700037863,1,07,000,00,1,2,01,A01
201700037864,1,07,000,13,0,0,01,A01
201700037865,2,07,000,00,1,1,01,A01
201700037866,2,07,000,00,2,1,01,A01
201700037866,2,07,000,00,2,4,01,B01
201700037867,1,07,000,14,0,1,01,A01
201700037868,2,07,000,00,2,1,02,A01
201700037868,2,07,000,00,2,4,01,B01
201700037868,2,07,000,00,2,4,01,C01
201700037869,1,01,000,00,1,2,01,A01
201700037870,2,07,000,14,0,1,02,A01
201700037870,2,07,000,14,2,4,02,B01
201700037870,2,07,000,00,2,4,02,C01
201700037871,0,07,000,00,2,2,15,A01
201700037871,0,01,000,00,2,1,01,B01
201700037872,0,33,000,00,2,1,01,A01
201700037872,0,07,000,00,2,8,01,B01
201700037873,1,34,000,00,2,1,01,A01
201700037873,1,07,000,00,2,4,01,B01
201700037874,2,33,000,14,0,1,02,A01
201700037874,2,07,000,00,2,6,23,B01
201700037875,0,07,000,00,1,2,01,A01
201700037876,1,07,000,00,2,1,01,A01
201700037876,1,07,000,00,2,4,01,B01
201700037877,1,07,000,00,1,3,01,A01
201700037877,0,07,000,00,1,3,23,B01
201700037878,1,07,000,00,2,1,01,A01
201700037878,2,01,000,00,2,1,01,B01
201700037879,2,07,000,00,2,1,02,A01
201700037879,2,07,000,00,2,4,02,B01
201700037879,2,10,000,00,2,1,02,C01
201700037879,2,07,000,00,2,4,02,D01
201700037879,2,07,000,00,2,1,02,E01
201700037880,1,30,000,00,1,1,01,A01
201700037881,0,07,000,00,2,1,01,A01
201700037881,0,02,000,00,2,4,02,B01
201700037882,2,07,000,00,2,3,15,B01
201700037882,2,07,000,00,2,2,00,Z01
201700037883,1,07,000,00,2,3,16,A01
201700037883,1,30,000,00,2,4,01,B01
201700037884,0,07,000,00,2,2,15,A01
201700037884,0,07,000,00,2,0,00,B01
201700037885,2,33,000,00,2,1,01,A01
201700037885,2,30,000,00,2,4,01,B01
201700037885,2,07,000,00,2,4,01,C01
201700037886,2,07,000,00,2,1,02,A01
201700037886,2,10,000,00,2,4,02,B01
201700037887,1,07,000,00,1,0,00,A01
201700037888,1,07,000,02,0,1,01,A01
201700037889,2,07,000,00,2,3,02,A01
201700037889,2,07,000,00,2,5,02,B01
201700037889,2,07,000,00,2,4,02,C01
201700037890,2,07,000,00,9,2,16,A01
201700037890,1,01,000,00,2,1,01,B01
201700037891,2,07,000,00,2,8,10,A01
201700037891,1,33,000,00,2,1,01,B01
201700037892,2,02,000,00,2,1,02,A01
201700037892,2,07,000,00,2,4,02,B01
201700037893,2,07,000,00,1,1,01,A01
201700037894,1,07,000,14,0,1,15,A01
201700037894,1,07,000,00,2,1,23,B01
201700037895,2,07,000,00,1,2,01,A01
201700037896,2,07,000,00,2,4,15,B01
201700037896,2,34,000,00,2,1,01,A01
201700037897,1,01,000,00,2,4,02,B01
201700037897,1,01,000,00,2,4,02,C01
201700037897,1,07,000,00,2,2,17,Z01
201700037898,0,07,000,00,1,2,01,A01
201700037899,2,14,000,14,0,1,13,A01
201700037899,2,07,000,00,2,4,23,B01
201700037899,2,07,000,00,2,5,00,C01
201700037900,2,30,000,00,2,1,01,A01
201700037900,1,07,000,00,2,3,15,B01
201700037901,1,07,000,00,2,1,12,A01
201700037901,1,01,000,00,2,4,01,B01
201700037902,1,07,000,00,2,7,15,A01
201700037902,2,34,000,00,2,1,01,B01
201700037903,2,07,000,01,0,1,13,A01
201700037904,0,07,000,00,1,2,00,A01
201700037905,1,07,000,14,1,3,01,A01
201700037905,1,07,000,14,0,2,01,B01
201700037906,2,30,000,00,2,0,00,B01
201700037906,1,07,000,00,2,1,09,A01
201700037907,1,07,000,00,2,7,15,A01
201700037907,2,32,000,00,2,1,01,B01
201700037908,2,07,000,09,0,1,14,A01
201700037909,0,07,000,00,2,1,15,A01
201700037909,0,31,000,00,2,1,01,B01
201700037910,2,07,000,00,2,2,02,A01
201700037910,2,07,000,00,2,6,02,B01
201700037911,1,07,000,00,2,3,13,A01
201700037911,2,07,000,00,2,3,01,B01
201700037912,1,07,000,06,0,1,00,A01
201700037913,1,07,000,00,2,1,15,A01
201700037913,2,07,000,00,2,1,01,B01
201700037914,1,07,000,00,2,1,02,A01
201700037914,1,07,000,00,2,4,02,B01
201700037915,1,07,000,14,0,1,02,A01
201700037915,1,07,000,00,2,4,23,B01
201700037916,0,07,000,00,2,1,01,A01
201700037916,0,07,000,00,2,1,01,B01
201700037917,2,07,000,14,0,1,02,A01
201700037917,2,07,000,00,2,4,02,B01
201700037918,1,31,000,00,2,7,15,A01
201700037918,2,07,000,00,2,1,09,B01
201700037919,2,07,000,00,2,1,05,A01
201700037919,2,07,000,00,2,1,01,B01
201700037920,2,07,000,00,2,1,02,A01
201700037920,2,37,001,00,2,4,01,B01
201700037921,1,07,000,00,2,1,02,A01
201700037921,1,07,000,00,2,4,01,B01
201700037922,2,31,000,00,2,1,02,A01
201700037922,2,07,000,00,2,5,16,B01
201700037923,2,07,000,00,1,7,01,A01
201700037924,1,07,000,00,0,0,01,A01
201700037925,2,07,000,00,2,1,01,A01
201700037925,1,14,000,00,2,4,01,B01
201700037926,2,07,000,00,1,2,01,A01
201700037927,1,07,000,00,2,1,01,A01
201700037927,1,01,000,00,2,8,15,B01
201700037928,1,07,000,00,2,1,02,A01
201700037928,1,07,000,00,2,4,01,B01
201700037929,2,07,000,00,2,7,15,A01
201700037929,1,07,000,00,2,1,01,B01
201700037930,2,07,000,06,0,2,14,A01
201700037931,1,07,000,06,0,1,16,A01
201700037932,2,07,000,00,1,2,01,A01
201700037933,1,07,000,00,2,8,09,A01
201700037933,1,07,000,00,2,1,01,B01
201700037934,1,10,000,08,0,3,13,A01
201700037935,2,07,000,06,0,2,14,A01
201700037936,2,07,000,00,2,4,01,A01
201700037936,2,07,000,00,2,1,02,B01
201700037936,2,07,000,00,2,1,02,C01
201700037937,2,07,000,01,0,2,14,A01
201700037938,2,07,000,00,2,1,02,A01
201700037938,2,07,000,00,2,4,01,B01
201700037938,2,07,000,00,2,4,01,C01
201700037939,1,07,000,08,0,3,14,A01
201700037940,2,07,000,00,2,1,02,A01
201700037940,2,07,000,00,2,4,01,B01
201700037941,1,07,000,00,2,1,15,A01
201700037941,1,07,000,00,2,6,01,B01
201700037942,1,07,000,00,2,3,01,B01
201700037942,0,07,000,00,2,2,19,A01
201700037942,0,07,000,00,2,1,23,C01
201700037943,2,31,000,09,0,1,01,A01
201700037944,0,07,000,00,2,2,15,A01
201700037944,0,02,000,00,2,1,01,B01
201700037945,1,31,000,00,2,8,13,A01
201700037945,1,07,000,00,2,7,21,B01
201700037946,1,07,000,00,2,1,02,A01
201700037946,1,07,000,00,2,4,02,B01
201700037946,1,07,000,00,2,4,02,C01
201700037947,1,07,000,00,2,1,02,A01
201700037947,1,07,000,00,2,4,23,B01
201700037948,2,07,000,00,2,1,02,A01
201700037948,2,07,000,00,2,4,23,B01
201700037949,2,02,000,00,1,8,01,A01
201700037950,1,07,000,00,2,3,15,A01
201700037950,2,07,000,00,2,3,01,B01
201700037951,1,07,000,00,2,3,15,A01
201700037951,2,07,000,00,2,2,01,B01
201700037952,1,07,000,00,2,1,02,A01
201700037952,1,07,000,00,2,4,01,B01
201700037953,0,07,000,00,2,2,01,B01
201700037953,0,07,000,00,2,3,01,A01
201700037954,1,07,000,00,9,9,01,A01
201700037955,1,07,000,00,2,2,21,A01
201700037955,2,07,000,00,2,7,15,B01
201700037956,1,32,000,00,2,1,01,A01
201700037956,1,07,000,00,2,8,10,B01
201700037957,1,02,000,00,2,1,01,A01
201700037957,0,07,000,00,2,3,01,B01
201700037958,2,07,000,00,2,4,02,B01
201700037958,2,07,000,00,2,1,02,A01
201700037958,2,07,000,00,2,4,02,C01
201700037959,2,07,000,00,2,9,15,A01
201700037959,2,07,000,00,2,1,01,B01
201700037959,2,07,000,00,2,1,01,C01
201700037960,1,07,000,00,2,1,23,A01
201700037960,1,10,000,00,2,4,23,B01
201700037961,1,07,000,00,2,3,15,A01
201700037961,2,30,000,00,2,3,01,B01
201700037962,2,07,000,00,2,4,02,A01
201700037962,2,07,000,00,2,4,02,B01
201700037963,1,07,000,00,2,8,13,A01
201700037963,1,14,000,00,2,2,01,B01
201700037964,1,07,000,00,1,2,09,A01
201700037965,1,07,000,00,2,2,16,B01
201700037965,2,01,000,00,2,1,09,A01
201700037966,2,07,000,00,2,2,13,A01
201700037966,2,07,000,00,2,6,01,B01
201700037967,1,07,000,06,0,1,14,A01
201700037968,1,30,000,14,0,1,01,A01
201700037968,2,07,000,00,2,1,01,B01
201700037969,2,07,000,00,2,1,02,A01
201700037969,2,07,000,00,2,4,01,B01
201700037969,2,10,000,00,2,4,01,C01
201700037970,0,33,000,00,2,3,01,A01
201700037970,0,07,000,00,2,3,01,B01
201700037971,2,01,000,00,1,3,01,A01
201700037972,2,07,000,00,1,3,02,A01
201700037973,2,01,000,01,0,2,17,A01
201700037974,1,30,000,00,1,1,01,A01
201700037975,2,07,000,00,2,7,15,A01
201700037975,1,07,000,00,2,2,01,B01
201700037976,1,30,000,00,2,8,11,A01
201700037976,1,07,000,00,2,7,01,B01
201700037977,1,07,000,00,2,1,02,A01
201700037977,1,07,000,00,2,1,02,B01
201700037977,0,07,000,00,2,4,01,C01
201700037978,2,07,000,14,0,2,13,A01
201700037978,2,07,000,00,2,5,23,B01
201700037978,2,07,000,00,2,4,23,C01
201700037979,1,07,000,00,1,1,19,A01
201700037980,0,07,000,00,2,1,02,A01
201700037980,0,07,000,00,2,4,02,B01
201700037980,0,07,000,00,2,4,02,C01
201700037981,2,02,000,00,2,7,15,A01
201700037981,2,33,000,00,2,1,01,B01
201700037982,2,07,000,00,2,1,17,A01
201700037982,2,07,000,00,2,6,15,B01
201700037983,1,07,000,00,1,2,01,A01
201700037984,1,01,000,00,2,7,01,B01
201700037984,1,07,000,00,2,1,09,A01
201700037985,2,07,000,00,1,1,13,A01
201700037986,1,07,000,00,2,1,09,A01
201700037986,2,07,000,00,2,7,09,B01
201700037987,1,07,000,00,2,3,09,A01
201700037987,1,30,000,00,2,5,15,B01
201700037987,1,07,000,00,2,3,18,C01
201700037988,1,07,000,00,2,1,02,A01
201700037988,1,07,000,00,2,4,01,B01
201700037989,1,07,000,00,1,3,15,A01
201700037990,0,07,000,00,2,1,13,A01
201700037990,0,10,000,00,2,1,01,B01
201700037991,1,37,000,00,1,1,07,A01
201700037992,2,07,000,00,2,8,09,B01
201700037992,1,07,000,00,2,1,09,A01
201700037993,1,07,000,00,2,4,00,A01
201700037993,1,07,000,00,2,1,02,B01
201700037993,1,07,000,00,2,1,02,C01
201700037994,1,33,000,00,2,1,02,A01
201700037994,1,07,000,00,2,4,02,B01
201700037995,0,07,000,00,2,1,02,A01
201700037995,0,30,000,00,2,4,01,B01
201700037996,1,07,000,00,1,1,01,A01
201700037997,1,31,000,00,2,1,01,A01
201700037997,2,07,000,00,2,8,09,B01
201700037998,0,07,000,06,0,2,13,A01
201700037999,2,07,000,00,2,9,01,A01
201700037999,2,07,000,00,2,9,21,B01
201700037999,2,07,000,00,2,9,01,C01
201700037999,2,07,000,00,2,9,01,D01
201700037999,2,07,000,00,2,9,01,E01
201700037999,2,07,000,00,2,9,01,F02
201700038000,0,10,000,00,2,1,02,A01
201700038000,0,07,000,00,2,4,01,B01
201700038000,0,07,000,00,2,4,01,C01
201700038001,2,10,000,00,2,4,11,A01
201700038001,2,07,000,00,2,4,23,B01
201700038002,1,07,000,00,1,1,02,A01
201700038003,1,07,000,00,2,1,15,A01
201700038003,2,07,000,00,2,1,01,B01
201700038004,2,01,000,00,2,3,01,B01
201700038004,1,07,000,00,2,1,09,A01
201700038005,2,07,000,00,2,1,02,A01
201700038005,2,07,000,00,2,4,02,B01
201700038005,2,07,000,00,2,4,01,C01
201700038006,2,02,000,00,2,1,23,B01
201700038006,1,07,000,14,0,3,15,A01
201700038007,0,33,000,00,2,1,02,A01
201700038007,0,07,000,00,2,4,02,B01
201700038008,0,07,000,00,2,1,02,A01
201700038008,0,07,000,00,2,4,02,B01
201700038009,1,10,000,00,1,1,01,A01
201700038010,2,07,000,01,0,1,13,A01
201700038011,1,07,000,00,2,1,02,A01
201700038011,1,07,000,00,2,4,01,B01
201700038012,1,07,000,00,2,1,02,A01
201700038012,1,07,000,00,2,4,01,B01
201700038012,1,07,000,00,2,4,02,C01
201700038012,1,07,000,00,2,4,02,D01
201700038013,1,07,000,00,2,1,01,A01
201700038013,2,07,000,00,2,7,15,B01
201700038014,1,07,000,00,1,8,01,A01
201700038015,1,07,000,00,2,3,19,A01
201700038015,2,07,000,00,2,1,19,B01
201700038016,1,07,000,00,1,1,02,A01
201700038017,1,07,000,16,0,1,16,A01
201700038018,0,07,000,00,2,2,15,A01
201700038018,0,07,000,00,2,3,01,B01
201700038019,2,07,000,00,1,1,09,A01
201700038020,2,07,000,06,0,1,13,A01
201700038021,2,07,000,03,2,1,01,B01
201700038021,2,07,000,00,2,3,09,A01
201700038022,2,07,000,08,0,2,01,A01
201700038023,1,07,000,00,2,1,02,A01
201700038023,1,10,000,00,2,4,02,B01
201700038023,1,07,000,00,2,4,02,C01
201700038024,2,07,000,00,2,1,02,D01
201700038024,2,07,000,00,0,0,23,A01
201700038024,2,07,000,00,2,4,23,B01
201700038024,2,07,000,00,2,1,02,C01
201700038024,2,33,000,00,2,1,02,E01
201700038025,2,07,000,00,2,3,09,A01
201700038025,2,02,000,00,2,2,09,B01
201700038026,1,07,000,00,0,0,19,A01
201700038026,2,33,000,00,0,0,21,B01
201700038027,2,07,000,00,2,1,02,A01
201700038027,2,07,000,00,2,4,02,B01
201700038028,1,07,000,00,2,3,20,A01
201700038028,1,37,015,00,2,2,01,B01
201700038029,0,37,001,00,2,2,01,B01
201700038029,0,07,000,00,2,2,01,A01
201700038030,1,07,000,00,1,3,15,A01
201700038031,1,02,000,00,0,8,01,A01
201700038032,1,07,000,00,1,2,01,A01
201700038033,2,07,000,00,1,1,15,A01
201700038034,1,07,000,00,2,4,23,B01
201700038034,1,07,000,00,2,1,02,A01
201700038035,2,07,000,00,2,3,09,A01
201700038035,2,01,000,00,2,5,01,B01
201700038036,1,07,000,00,1,2,01,A01
201700038037,2,07,000,00,2,1,02,A01
201700038037,2,07,000,00,2,4,02,B01
201700038038,1,07,000,00,2,1,02,A01
201700038038,1,07,000,00,2,4,01,B01
201700038039,2,07,000,00,2,4,02,B01
201700038039,2,07,000,00,2,1,02,A01
201700038040,1,07,000,09,0,3,12,A01
201700038041,1,07,000,00,2,2,00,B01
201700038041,1,07,000,00,2,7,09,A01
201700038042,1,07,000,02,0,1,13,A01
201700038043,2,07,000,00,2,1,01,B01
201700038043,1,07,000,00,2,7,15,A01
201700038044,2,07,000,09,0,2,13,A01
201700038045,0,07,000,00,2,8,01,D01
201700038045,0,07,000,01,2,2,00,A01
201700038046,1,14,000,13,0,7,14,A01
201700038047,2,31,000,00,1,0,00,A01
201700038048,2,07,000,00,2,2,01,A01
201700038048,2,07,000,00,2,3,01,B01
201700038049,0,07,000,00,1,5,04,A01
201700038050,2,07,000,00,2,1,01,B01
201700038050,1,07,000,00,2,1,01,C01
201700038050,1,07,000,00,2,1,15,A01
201700038051,2,07,000,00,2,7,15,A01
201700038051,1,07,000,00,2,2,01,B01
201700038052,2,07,000,00,2,4,02,B01