Num_Acc,senc,catv,occutc,obs,obsm,choc,manv,num_veh
201700038820,1,07,000,00,2,1,01,A01
201700038821,1,07,000,00,2,3,15,A01
201700038821,1,33,000,00,2,3,01,B01
201700038822,1,33,000,00,2,6,15,A01
201700038822,2,07,000,00,2,3,19,B01
201700038823,1,37,003,00,2,7,16,B01
201700038823,1,30,000,00,2,8,18,A01
201700038824,1,07,000,00,1,1,19,A01
201700038825,1,33,000,00,1,7,01,A01
201700038826,2,07,000,00,1,3,15,A01
201700038827,0,07,000,00,1,4,04,A01
201700038828,0,10,000,00,1,4,04,A01
201700038829,0,07,000,00,2,7,15,A01
201700038829,0,33,000,00,2,1,01,B01
201700038830,1,07,000,00,2,8,01,A01
201700038830,1,34,000,00,2,1,01,B01
201700038831,1,02,000,00,2,1,05,A01
201700038831,1,07,000,00,2,8,01,B01
201700038832,1,07,000,00,2,1,02,Z01
201700038832,1,07,000,00,2,4,23,A01
201700038833,1,10,000,00,2,2,01,A01
201700038833,1,30,000,00,2,3,01,B01
201700038834,2,07,000,00,2,7,15,B01
201700038834,1,33,000,00,2,1,01,A01
201700038835,1,07,000,00,1,1,01,A01
201700038836,2,07,000,03,2,1,01,B01
201700038836,1,07,000,03,2,1,15,A01
201700038837,1,10,000,00,2,2,01,A01
201700038837,2,07,000,00,2,6,02,C01
201700038837,2,07,000,00,2,9,15,B01
201700038838,1,10,000,00,2,1,19,A01
201700038838,1,07,000,00,2,4,23,C01
201700038838,1,07,000,00,2,4,23,B01
201700038839,2,07,000,00,2,3,01,B01
201700038839,1,07,000,00,2,3,13,A01
201700038840,1,07,000,00,1,2,17,A01
201700038841,1,07,000,00,1,1,01,A01
201700038842,0,01,000,00,2,1,15,B01
201700038842,0,07,000,00,2,3,09,A01
201700038843,1,31,000,00,2,1,02,B01
201700038843,1,07,000,00,2,6,04,A01
201700038844,1,07,000,00,2,1,12,B01
201700038844,1,07,000,00,2,4,23,A01
201700038845,2,07,000,00,2,1,01,A01
201700038845,2,07,000,00,2,4,02,B01
201700038846,1,07,000,00,2,3,09,A01
201700038846,1,01,000,00,2,1,15,B01
201700038847,1,07,000,00,2,1,15,B01
201700038847,1,31,000,00,2,1,21,A01
201700038848,2,01,000,00,2,6,19,C01
201700038848,2,01,000,00,2,8,19,B01
201700038848,1,07,000,00,2,1,01,A01
201700038849,1,07,000,00,1,1,01,A01
201700038850,1,10,000,00,2,4,01,A01
201700038850,1,07,000,00,2,1,02,B01
201700038851,1,10,000,15,2,3,09,B01
201700038851,1,07,000,00,2,2,01,A01
201700038852,1,07,000,00,1,1,01,A01
201700038853,1,07,000,01,0,2,01,A01
201700038854,1,07,000,00,2,2,15,A01
201700038854,1,31,000,00,2,1,09,B01
201700038855,1,33,000,00,1,1,21,A01
201700038856,0,31,000,00,2,7,05,B01
201700038856,0,07,000,00,2,3,15,A01
201700038857,1,07,000,15,0,1,01,A01
201700038858,1,33,000,00,2,1,01,A01
201700038858,0,31,000,00,2,4,02,B01
201700038858,0,07,000,00,2,8,05,D01
201700038858,0,07,000,00,2,4,02,C01
201700038859,1,07,000,14,0,2,01,A01
201700038860,1,07,000,00,2,3,13,A01
201700038860,0,31,000,00,2,1,01,B01
201700038861,1,07,000,00,1,3,09,A01
201700038862,2,31,000,00,1,1,01,A01
201700038863,1,07,000,00,1,3,01,A01
201700038864,1,07,000,00,1,1,17,A01
201700038865,1,07,000,00,1,1,01,A01
201700038866,1,14,000,00,2,7,01,A01
201700038866,1,07,000,13,2,1,01,B01
201700038867,1,07,000,08,2,1,14,A01
201700038868,0,07,000,00,1,1,01,A01
201700038869,0,07,000,00,1,3,01,A01
201700038870,1,07,000,00,2,8,15,B01
201700038870,1,31,000,00,2,2,17,A01
201700038871,1,07,000,06,0,1,22,A01
201700038872,2,07,000,00,1,1,01,A01
201700038873,1,37,003,00,1,1,07,A01
201700038874,0,30,000,00,2,7,01,B01
201700038874,0,07,000,00,2,8,18,A01
201700038875,2,07,000,00,2,3,15,A01
201700038875,2,07,000,00,2,1,01,B01
201700038876,1,07,000,00,2,8,19,B01
201700038876,1,07,000,00,2,1,01,A01
201700038877,1,07,000,00,2,1,01,A01
201700038877,1,01,000,00,2,4,02,B01
201700038878,2,07,000,00,1,3,15,A01
201700038879,1,07,000,00,1,3,01,A01
201700038880,1,01,000,00,1,1,01,A01
201700038881,0,07,000,00,2,1,01,A01
201700038881,0,07,000,00,2,4,23,B01
201700038882,0,07,000,00,2,1,13,B01
201700038882,0,14,000,00,2,1,01,A01
201700038883,1,07,000,15,0,1,01,A01
201700038884,1,07,000,00,1,1,01,A01
201700038885,0,07,000,00,2,1,01,B01
201700038885,0,07,000,00,2,4,01,A01
201700038886,0,30,000,00,0,7,01,A01
201700038887,1,07,000,00,2,1,01,A01
201700038887,1,07,000,00,2,4,02,B01
201700038888,0,07,000,12,1,3,01,A01
201700038889,0,07,000,00,2,2,15,A01
201700038889,0,07,000,00,2,6,02,B01
201700038890,2,15,000,00,2,1,21,B01
201700038890,1,07,000,00,2,3,19,A01
201700038891,1,07,000,00,2,1,15,A01
201700038891,1,07,000,00,2,5,02,B01
201700038892,1,07,000,00,1,2,01,A01
201700038893,1,07,000,00,2,4,02,B01
201700038893,1,07,000,00,2,4,02,C01
201700038893,1,07,000,00,2,1,01,A01
201700038894,2,33,000,00,2,1,01,Z01
201700038894,1,33,000,00,2,1,17,A01
201700038895,1,07,000,00,2,1,01,A01
201700038895,1,34,000,00,2,4,23,B01
201700038896,1,37,002,01,0,5,16,A01
201700038896,2,07,000,01,2,4,24,C01
201700038897,0,07,000,00,1,1,15,A01
201700038898,0,07,000,00,2,4,01,A01
201700038898,0,01,000,00,2,1,01,B01
201700038899,1,07,000,00,2,8,09,A01
201700038899,1,01,000,00,2,1,01,B01
201700038900,1,37,001,00,1,2,15,A01
201700038901,1,07,000,00,2,1,13,A01
201700038901,2,07,000,00,2,1,13,B01
201700038902,2,33,000,00,2,2,17,B01
201700038902,2,07,000,00,2,3,15,A01
201700038903,1,07,000,00,1,2,01,A01
201700038904,1,07,000,00,1,1,14,A01
201700038905,1,10,000,00,1,3,15,A01
201700038906,1,07,000,00,2,3,01,B01
201700038906,2,07,000,00,2,3,13,A01
201700038907,1,07,000,00,2,1,10,A01
201700038907,1,14,000,00,2,6,01,B01
201700038907,2,07,000,00,2,1,17,C01
201700038908,1,07,000,00,2,1,01,A01
201700038908,1,10,000,00,2,2,01,B01
201700038909,1,07,000,00,2,3,01,A01
201700038909,2,10,000,00,2,1,01,B01
201700038910,2,07,000,00,2,4,01,A01
201700038910,2,37,001,00,2,1,02,B01
201700038911,1,07,000,08,0,1,01,A01
201700038912,1,07,000,00,2,1,20,A01
201700038912,1,07,000,00,2,1,02,C01
201700038912,2,07,000,00,2,1,01,B01
201700038913,2,07,000,00,2,1,01,A01
201700038913,2,15,000,00,2,4,23,B01
201700038914,1,10,000,12,0,2,01,A01
201700038915,1,07,000,00,2,2,01,A01
201700038915,1,02,000,00,2,3,01,B01
201700038916,1,37,001,00,2,3,01,B01
201700038916,2,07,000,00,2,6,16,A01
201700038917,1,07,000,00,2,4,01,A01
201700038917,1,33,000,00,2,1,02,B01
201700038918,1,07,000,00,2,1,01,A01
201700038918,1,07,000,00,2,8,00,B01
201700038919,2,07,000,00,2,2,15,A01
201700038919,1,07,000,00,2,1,01,B01
201700038920,1,10,000,00,2,3,01,A01
201700038920,2,37,001,00,2,3,01,B01
201700038921,1,33,000,00,2,1,01,A01
201700038921,1,07,000,00,2,4,02,Z01
201700038922,2,07,000,00,2,4,23,B01
201700038922,2,07,000,00,2,1,01,A01
201700038923,2,07,000,00,1,2,01,A01
201700038924,2,10,000,00,2,2,01,A01
201700038924,2,01,000,00,2,4,02,B01
201700038925,2,07,000,00,1,1,01,A01
201700038926,1,01,000,00,2,1,19,B01
201700038926,1,03,000,00,2,1,01,A01
201700038927,1,07,000,00,2,1,01,A01
201700038927,1,07,000,00,2,4,02,B01
201700038928,2,07,000,04,2,7,01,C01
201700038928,2,07,000,00,2,1,18,A01
201700038928,2,03,000,00,2,4,01,B01
201700038929,2,07,000,00,2,2,01,A01
201700038929,2,07,000,00,2,3,01,B01
201700038930,2,07,000,00,2,1,01,A01
201700038930,1,01,000,00,2,1,01,B01
201700038931,2,07,000,04,0,3,13,A01
201700038932,1,07,000,00,2,1,02,B01
201700038932,1,07,000,00,2,4,01,A01
201700038933,1,07,000,00,2,4,02,B01
201700038933,1,07,000,00,2,4,02,C01
201700038933,1,07,000,00,2,1,01,A01
201700038934,2,07,000,00,2,4,02,B01
201700038934,2,33,000,00,2,1,01,A01
201700038935,1,07,000,00,2,1,01,A01
201700038935,1,07,000,00,2,4,02,C01
201700038935,1,07,000,00,2,4,02,B01
201700038936,2,34,000,00,1,1,01,A01
201700038937,1,07,000,00,1,1,01,A01
201700038938,1,07,000,00,2,4,01,A01
201700038938,1,07,000,00,2,1,01,B01
201700038939,1,07,000,00,1,1,01,A01
201700038940,1,07,000,00,2,4,23,C01
201700038940,1,10,000,00,2,4,23,B01
201700038940,1,10,000,00,2,2,01,A01
201700038940,1,07,000,00,2,7,01,D01
201700038941,1,37,001,00,2,1,01,B01
201700038941,2,07,000,02,2,1,01,A01
201700038942,2,07,000,00,1,1,01,A01
201700038943,1,07,000,00,2,1,01,A01
201700038943,1,07,000,00,2,4,02,B01
201700038944,2,07,000,00,2,1,19,B01
201700038944,2,07,000,00,2,7,19,A01
201700038945,1,07,000,00,2,2,01,A01
201700038945,1,01,000,00,2,1,01,B01
201700038946,1,07,000,00,0,2,11,A01
201700038947,2,07,000,00,2,3,01,B01
201700038947,1,07,000,00,2,3,01,A01
201700038948,1,07,000,00,2,1,01,B01
201700038948,2,07,000,00,2,1,05,A01
201700038949,2,01,000,00,2,8,19,B01
201700038949,2,13,000,00,2,2,16,A01
201700038950,1,07,000,06,0,1,15,A01
201700038951,1,07,000,00,2,2,01,B01
201700038951,1,07,000,00,2,3,19,A01
201700038952,2,37,001,00,2,4,02,B01
201700038952,2,07,000,00,2,1,01,A01
201700038953,1,07,000,00,2,7,01,B01
201700038953,1,99,000,00,2,1,03,A01
201700038954,1,07,000,00,1,1,01,A01
201700038955,1,07,000,00,1,1,01,A01
201700038956,1,07,000,00,2,1,05,A01
201700038956,1,07,000,00,2,1,01,B01
201700038957,1,07,000,00,2,1,01,A01
201700038957,2,33,000,00,2,4,02,B01
201700038958,1,07,000,15,0,1,01,A01
201700038959,2,07,000,00,2,1,01,A01
201700038959,2,07,000,00,2,7,10,B01
201700038960,2,10,000,00,2,4,23,B01
201700038960,2,07,000,00,2,1,01,A01
201700038961,2,07,000,00,2,1,09,A01
201700038961,1,01,000,00,2,7,01,B01
201700038962,2,34,000,00,2,1,01,B01
201700038962,1,07,000,00,2,5,15,A01
201700038963,2,07,000,00,1,1,01,A01
201700038964,1,30,000,00,2,1,05,A01
201700038964,2,07,000,00,2,1,01,B01
201700038965,1,01,000,00,2,7,19,B01
201700038965,2,07,000,00,2,3,01,A01
201700038966,1,31,000,00,1,1,17,A01
201700038967,2,30,000,00,1,1,01,A01
201700038968,1,07,000,00,1,1,01,A01
201700038969,1,07,000,00,2,1,01,A01
201700038969,1,07,000,00,2,4,02,B01
201700038970,2,34,000,00,2,7,03,A01
201700038970,2,07,000,00,2,8,01,B01
201700038971,2,10,000,00,2,1,01,B01
201700038971,1,10,000,00,2,1,01,A01
201700038972,1,07,000,00,2,2,15,A01
201700038972,2,32,000,00,2,1,01,B01
201700038973,2,07,000,00,1,1,19,A01
201700038974,2,10,000,00,2,4,02,B01
201700038974,2,07,000,00,2,1,01,A01
201700038975,1,07,000,00,1,1,01,A01
201700038976,1,07,000,00,1,1,09,A01
201700038977,2,10,000,00,1,1,15,A01
201700038978,2,07,000,00,1,1,01,A01
201700038979,1,31,000,00,2,1,01,A01
201700038979,1,10,000,00,2,3,15,B01
201700038980,1,07,000,00,2,4,02,B01
201700038980,1,07,000,00,2,1,01,A01
201700038980,1,07,000,00,2,4,02,C01
201700038981,2,07,000,00,2,6,10,B01
201700038981,2,32,000,00,2,1,03,A01
201700038982,2,30,000,00,2,3,01,A01
201700038982,2,07,000,00,2,4,02,C01
201700038982,1,07,000,00,2,3,16,B01
201700038983,2,07,000,00,0,0,01,A01
201700038984,2,31,000,00,2,1,01,A01
201700038984,1,10,000,00,2,3,16,B01
201700038985,2,07,000,00,2,1,19,B01
201700038985,1,02,000,00,2,1,15,A01
201700038986,1,07,000,01,0,1,01,A01
201700038987,1,07,000,00,1,3,01,A01
201700038988,1,34,000,00,0,0,01,E01
201700038989,1,30,000,01,0,1,17,B01
201700038989,1,07,000,00,2,8,22,A01
201700038990,2,07,000,00,1,1,01,A01
201700038991,2,07,000,08,0,1,14,A01
201700038992,1,34,000,00,0,7,00,A01
201700038993,1,07,000,00,2,4,01,A01
201700038993,1,07,000,00,2,1,02,Z01
201700038994,2,33,000,00,0,0,16,A01
201700038995,1,07,000,00,1,1,01,A01
201700038996,2,07,000,00,1,1,15,A01
201700038997,1,07,000,00,2,4,23,A01
201700038997,1,07,000,00,2,1,01,Z01
201700038998,1,10,000,04,0,9,15,A01
201700038999,1,07,000,00,2,3,16,B01
201700038999,1,07,000,00,2,1,02,A01
201700039000,0,10,000,00,1,2,15,A01
201700039001,1,07,000,00,1,2,16,A01
201700039002,1,30,000,00,2,1,02,B01
201700039002,2,07,000,00,2,2,15,A01
201700039003,0,30,000,00,2,1,01,A01
201700039003,0,07,000,00,2,6,23,B01
201700039004,1,07,000,00,1,0,02,A01
201700039005,1,02,000,00,0,0,00,A01
201700039006,0,07,000,00,1,2,01,A01
201700039007,1,07,000,00,1,7,15,A01
201700039008,1,07,000,00,2,2,17,A01
201700039008,0,01,000,00,2,8,01,B01
201700039009,1,10,000,00,9,6,14,A01
201700039009,1,01,000,00,2,6,15,B01
201700039010,1,10,000,00,2,1,01,D01
201700039010,0,15,000,00,2,1,01,B01
201700039010,1,15,000,00,2,4,02,C01
201700039010,0,14,000,00,2,1,01,A01
201700039011,1,07,000,00,2,3,01,B01
201700039011,1,07,000,00,2,1,13,A01
201700039012,1,07,000,00,2,3,15,A01
201700039012,0,33,000,00,2,2,21,B01
201700039013,1,07,000,00,2,1,02,B01
201700039013,1,07,000,00,2,4,01,A01
201700039014,2,07,000,00,2,8,15,B01
201700039014,2,07,000,06,2,7,17,A01
201700039015,0,07,000,00,2,2,01,A01
201700039015,0,07,000,00,2,6,02,B01
201700039016,1,07,000,00,2,8,15,A01
201700039016,1,33,000,00,2,7,17,B01
201700039017,2,07,000,00,2,8,01,C01
201700039017,1,21,000,00,2,6,01,B01
201700039017,1,33,000,00,2,1,03,A01
201700039018,1,07,000,00,2,1,02,B01
201700039018,1,34,000,00,2,4,01,A01
201700039019,2,07,000,00,2,4,01,A01
201700039019,2,07,000,00,2,1,02,B01
201700039020,1,07,000,00,1,1,01,A01
201700039021,1,13,000,00,2,4,02,B01
201700039021,1,13,000,00,2,1,01,A01
201700039022,1,33,000,00,2,8,01,B01
201700039022,1,33,000,00,2,8,01,A01
201700039023,0,33,000,00,0,0,00,A01
201700039024,0,07,000,00,2,4,02,B01
201700039024,0,07,000,00,2,1,01,A01
201700039025,1,07,000,00,2,1,01,A01
201700039025,1,07,000,00,2,4,02,C01
201700039025,1,33,000,00,2,4,02,B01
201700039026,2,07,000,00,2,8,15,B01
201700039026,2,33,000,00,2,1,17,A01
201700039027,1,14,000,00,2,3,13,A01
201700039027,2,01,000,00,2,1,01,B01
201700039028,1,07,000,00,2,6,02,B01
201700039028,1,07,000,00,2,2,01,A01
201700039029,1,07,000,04,0,3,01,A01
201700039030,1,07,000,00,2,1,01,B01
201700039030,1,02,000,00,2,8,06,A01
201700039031,1,31,000,00,2,3,02,B01
201700039031,1,07,000,00,2,2,01,A01
201700039032,2,01,000,00,2,1,01,B01
201700039032,1,07,000,00,2,1,15,A01
201700039033,2,07,000,00,1,1,01,A01
201700039034,1,07,000,00,2,1,01,A01
201700039034,1,07,000,00,2,4,02,B01
201700039035,1,01,000,00,1,1,01,A01
201700039036,1,33,000,00,2,1,01,B01
201700039036,1,07,000,00,2,2,01,A01
201700039037,1,07,000,00,2,6,02,B01
201700039037,1,07,000,00,2,2,01,A01
201700039038,1,07,000,00,2,2,16,A01
201700039038,1,01,000,00,2,8,16,B01
201700039039,1,07,000,00,1,1,01,A01
201700039040,1,07,000,00,1,1,01,A01
201700039041,2,34,000,00,2,2,16,B01
201700039041,1,07,000,00,2,2,16,A01
201700039042,1,07,000,00,2,5,02,C01
201700039042,1,07,000,00,2,2,12,A01
201700039042,1,33,000,00,2,3,03,B01
201700039043,1,33,000,08,0,2,07,A01
201700039044,1,07,000,00,2,3,09,A01
201700039044,1,33,000,00,2,7,01,B01
201700039045,1,07,000,01,1,1,01,A01
201700039046,1,33,000,00,2,6,21,A01
201700039046,1,07,000,00,2,6,01,B01
201700039047,1,07,000,00,2,5,14,A01
201700039047,1,33,000,02,2,8,01,B01
201700039048,1,07,000,00,2,6,15,B01
201700039048,1,33,000,00,2,1,17,A01
201700039049,1,10,000,01,2,6,02,B01
201700039049,1,02,000,01,0,1,14,A01
201700039050,1,07,000,00,2,2,19,A01
201700039050,1,07,000,00,2,3,09,B01
201700039051,2,07,000,00,2,2,02,B01
201700039051,1,07,000,00,2,1,10,A01
201700039052,1,14,000,00,2,4,02,B01
201700039052,1,07,000,00,2,1,01,A01
201700039053,1,07,000,00,1,2,01,A01
201700039054,1,31,000,00,2,8,01,B01
201700039054,1,07,000,00,2,4,09,A01
201700039055,1,01,000,00,2,8,19,A01
201700039055,1,07,000,00,2,1,01,B01
201700039056,1,10,000,00,2,7,01,B01
201700039056,1,07,000,00,2,3,01,A01
201700039057,0,07,000,00,2,1,01,A01
201700039057,2,07,000,00,2,1,05,B01
201700039058,1,07,000,00,1,7,19,A01
201700039059,1,07,000,00,1,7,19,A01
201700039060,1,07,000,01,0,1,09,A01
201700039061,1,07,000,00,2,4,02,B01
201700039061,1,13,000,00,2,1,01,A01
201700039062,1,34,000,00,2,7,01,B01
201700039062,1,07,000,00,2,3,09,A01
201700039063,1,31,000,00,2,8,02,B01
201700039063,1,07,000,00,2,2,09,A01
201700039064,1,34,000,12,0,1,15,A01
201700039065,1,07,000,00,2,3,15,A01
201700039065,1,33,000,00,2,1,01,B01
201700039066,1,07,000,00,2,1,05,B01
201700039066,2,01,000,00,2,1,05,A01
201700039067,2,33,000,01,2,1,01,B01
201700039067,1,07,000,00,2,1,15,A01
201700039068,1,07,000,00,1,3,01,A01
201700039069,0,33,000,00,2,4,01,A01
201700039069,0,07,000,00,2,1,02,B01
201700039070,0,10,000,00,1,2,01,A01
201700039071,1,07,000,00,1,3,01,A01
201700039072,1,07,000,00,1,2,07,A01
201700039073,1,07,000,00,1,1,17,A01
201700039074,1,33,000,00,1,1,01,A01
201700039075,1,07,000,00,2,1,02,C01
201700039075,1,07,000,00,2,4,23,B01
201700039075,1,07,000,00,2,4,23,A01
201700039076,1,07,000,00,1,1,15,A01
201700039077,0,07,000,00,2,1,01,A01
201700039077,0,01,000,00,2,8,01,B01
201700039078,1,07,000,15,2,5,19,A01
201700039078,2,07,000,00,2,2,01,B01
201700039079,2,07,000,02,0,7,13,A01
201700039080,0,07,000,00,2,1,20,A01
201700039080,0,07,000,08,2,1,01,C01
201700039080,0,07,000,01,0,1,23,B01
201700039081,1,07,000,00,2,2,01,A01
201700039081,1,07,000,00,2,8,16,B01
201700039082,2,07,000,00,1,1,01,A01
201700039083,0,10,000,01,2,3,01,B01
201700039083,0,07,000,01,2,6,01,A01
201700039084,1,07,000,00,1,1,01,A01
201700039085,0,07,000,00,2,1,09,A01
201700039085,0,02,000,00,2,7,01,B01
201700039086,2,07,000,00,2,3,01,A01
201700039086,2,01,000,00,2,1,15,B01
201700039087,0,07,000,06,2,1,02,B01
201700039087,0,07,000,00,2,8,16,A01
201700039088,0,07,000,00,1,1,01,A01
201700039089,1,07,000,00,2,3,15,A01
201700039089,0,32,000,00,2,1,01,B01
201700039090,1,07,000,00,1,2,01,A01
201700039091,2,07,000,00,1,1,13,A01
201700039092,2,07,000,00,2,1,15,A01
201700039092,1,33,000,00,2,1,01,B01
201700039093,1,07,000,03,2,5,02,B01
201700039093,1,07,000,00,2,3,01,A01
201700039094,2,31,000,00,1,1,01,A01
201700039095,1,07,000,00,2,1,01,B01
201700039095,2,07,000,00,2,2,15,A01
201700039096,0,07,000,00,1,1,15,A01
201700039097,2,07,000,00,2,3,01,B01
201700039097,1,07,000,00,2,2,15,A01
201700039098,1,07,000,00,2,2,19,A01
201700039098,1,07,000,00,2,3,01,B01
201700039099,1,07,000,00,2,2,16,B01
201700039099,1,07,000,00,2,8,18,A01
201700039099,1,07,000,00,2,1,01,C01
201700039100,1,07,000,01,1,2,01,A01
201700039101,1,07,000,00,1,1,01,A01
201700039102,1,07,000,00,1,1,01,A01
201700039103,1,07,000,00,1,2,01,A01
201700039104,1,33,000,00,2,1,01,A01
201700039104,1,07,000,00,2,3,01,B01
201700039105,1,31,000,00,0,7,01,A01
201700039106,2,07,000,00,2,1,01,A01
201700039106,2,07,000,00,2,4,23,B01
201700039107,1,10,000,00,2,5,15,B01
201700039107,1,02,000,00,2,1,18,A01
201700039108,1,07,000,09,0,2,16,A01
201700039109,1,07,000,00,1,1,15,A01
201700039110,2,07,000,00,0,9,14,A01
201700039111,1,07,000,00,1,2,01,A01
201700039112,1,07,000,00,2,2,01,B01
201700039112,1,07,000,00,2,5,01,A01
201700039113,1,07,000,00,1,2,01,A01
201700039114,1,07,000,00,2,2,01,A01
201700039114,1,07,000,00,2,3,01,B01
201700039115,1,07,000,00,2,3,15,A01
201700039115,2,34,000,00,2,2,01,B01
201700039116,1,07,000,00,2,3,01,A01
201700039116,1,31,000,00,2,1,01,B01
201700039117,1,07,000,00,2,8,01,A01
201700039117,0,07,000,00,2,3,01,B01
201700039118,2,13,000,00,1,5,04,A01
201700039119,1,07,000,00,1,1,15,A01
201700039120,1,07,000,00,1,3,01,A01
201700039121,1,99,000,00,1,0,00,A01
201700039122,2,33,000,00,2,1,17,B01
201700039122,2,07,000,00,2,3,15,A01
201700039123,2,07,000,00,1,3,19,A01
201700039124,1,15,000,00,1,3,15,A01
201700039125,1,01,000,00,1,1,01,A01
201700039126,1,07,000,00,1,2,01,A01
201700039127,2,07,000,00,1,2,01,A01
201700039128,1,07,000,01,0,2,15,A01
201700039129,2,07,000,01,2,9,19,B01
201700039129,1,07,000,00,2,1,01,A01
201700039130,1,07,000,00,1,1,15,A01
201700039131,1,07,000,00,2,2,09,A01
201700039131,2,07,000,00,2,3,01,B01
201700039132,1,07,000,00,1,1,16,A01
201700039133,2,07,000,00,2,1,02,B01
201700039133,2,07,000,00,2,4,01,A01
201700039134,1,07,000,00,2,4,02,B01
201700039134,1,07,000,00,2,1,01,A01
201700039135,1,07,000,00,2,8,10,A01
201700039135,1,07,000,00,2,3,13,B01
201700039135,1,07,000,00,2,8,23,C01
201700039136,2,07,000,06,2,1,19,A01
201700039136,1,07,000,06,2,1,19,B01
201700039137,2,31,000,15,2,1,19,B01
201700039137,1,07,000,00,2,5,15,A01
201700039138,1,07,000,00,1,1,19,A01
201700039139,1,07,000,00,2,2,19,B01
201700039139,2,01,000,00,2,1,19,A01
201700039140,1,07,000,00,9,8,01,A01
201700039141,2,07,000,00,1,1,01,Z01
201700039142,1,07,000,00,1,7,01,A01
201700039143,1,07,000,00,2,1,19,A01
201700039143,1,31,000,00,2,3,19,B01
201700039144,2,07,000,00,2,1,01,A01
201700039144,2,07,000,00,2,4,23,B01
201700039145,2,07,000,00,2,5,01,A01
201700039145,2,07,000,00,2,1,02,B01
201700039146,1,01,000,00,2,4,02,B01
201700039146,1,07,000,00,2,1,02,A01
201700039147,1,07,000,00,1,4,04,A01
201700039148,1,07,000,00,1,2,01,A01
201700039149,1,37,000,00,2,0,01,A01
201700039149,1,07,000,00,2,0,16,B01
201700039150,1,07,000,00,2,7,10,A01
201700039150,1,31,000,00,2,1,01,B01
201700039151,2,07,000,00,2,6,13,A01
201700039151,2,31,000,00,2,1,17,B01
201700039152,1,07,000,00,2,2,01,A01
201700039152,1,07,000,00,2,8,09,B01
201700039153,1,07,000,00,2,3,01,A01
201700039153,1,31,000,00,2,7,01,B01
201700039154,1,07,000,00,2,1,01,A01
201700039155,1,07,000,00,2,1,02,A01
201700039155,2,07,000,00,2,4,01,B01
201700039156,1,07,000,00,2,1,15,A01
201700039156,1,01,000,00,2,8,19,B01
201700039156,1,01,000,00,2,8,19,C01
201700039157,1,10,000,00,2,1,01,A01
201700039157,1,07,000,00,2,7,01,B01
201700039158,2,07,000,00,2,3,01,A01
201700039158,2,01,000,00,2,1,19,B01
201700039159,1,07,000,00,1,8,01,A01
201700039160,1,07,000,00,1,1,01,A01
201700039161,2,31,000,00,1,1,03,A01
201700039162,1,07,000,00,1,1,01,A01
201700039163,1,07,000,00,1,3,01,A01
201700039164,1,32,000,00,2,0,17,A01
201700039164,1,07,000,00,2,6,00,B01
201700039165,2,07,000,01,0,3,13,A01
201700039166,2,33,000,00,2,1,01,A01
201700039166,1,07,000,00,2,6,01,B01
201700039167,1,07,000,00,2,3,15,A01
201700039167,1,30,000,00,2,1,02,B01
201700039168,1,31,000,00,2,1,01,A01
201700039168,1,07,000,00,2,8,15,B01
201700039169,1,07,000,00,2,2,01,A01
201700039170,1,99,000,00,2,8,19,B01
201700039170,1,07,000,00,2,2,01,A01
201700039171,1,01,000,00,2,8,09,B01
201700039171,1,07,000,00,2,2,01,A01
201700039172,1,07,000,00,2,1,02,A01
201700039172,1,07,000,00,2,4,02,B01
201700039173,1,07,000,01,0,1,14,A01
201700039173,1,10,000,00,2,4,24,B01
201700039174,1,07,000,00,1,1,01,A01
201700039175,1,07,000,00,2,2,16,A01
201700039175,1,01,000,00,2,1,01,B01
201700039176,1,07,000,00,1,1,01,A01
201700039177,2,31,000,00,2,1,05,B01
201700039177,1,07,000,00,2,1,01,A01
201700039178,1,01,000,00,2,1,01,B01
201700039178,1,07,000,00,2,2,16,A01
201700039179,1,07,000,00,2,1,23,B01
201700039179,1,10,000,00,2,4,04,A01
201700039180,2,07,000,00,2,1,01,A01
201700039180,2,07,000,00,2,4,00,B01
201700039181,2,07,000,00,1,2,01,A01
201700039182,1,07,000,00,2,4,23,C01
201700039182,1,07,000,00,2,1,01,A01
201700039182,1,07,000,00,2,4,23,B01
201700039183,2,07,000,00,1,4,02,B01
201700039183,2,07,000,00,2,1,02,A01
201700039184,1,07,000,00,2,8,01,B01
201700039184,1,07,000,00,2,1,01,A01
201700039185,1,30,000,00,2,1,01,A01
201700039185,1,30,000,00,2,1,01,C01
201700039185,2,07,000,00,1,3,15,B01
201700039186,2,07,000,00,2,7,10,A01
201700039186,1,33,000,00,2,1,01,B01
201700039187,1,07,000,00,1,1,01,A01
201700039188,2,14,000,00,1,7,01,A01
201700039189,1,07,000,00,1,1,01,A01
201700039190,1,07,000,00,2,1,02,A01
201700039190,1,32,000,00,2,1,02,B01
201700039191,1,07,000,00,2,3,10,A01
201700039191,1,01,000,00,2,1,01,B01
201700039192,0,07,000,00,2,4,02,B01
201700039192,0,07,000,00,2,1,02,A01
201700039193,1,10,000,00,1,1,15,A01
201700039194,2,17,000,00,2,0,01,A01
201700039194,1,01,000,00,2,0,00,B01
201700039195,2,07,000,00,1,1,15,A01
201700039196,1,33,000,00,2,7,01,B01
201700039196,1,07,000,00,2,3,13,A01
201700039197,2,30,000,00,1,1,03,A01
201700039198,0,34,000,00,2,2,01,B01