Num_Acc,senc,catv,occutc,obs,obsm,choc,manv,num_veh
201700041871,1,07,000,00,2,4,02,B01
201700041872,1,07,000,00,2,8,19,B01
201700041872,1,07,000,00,2,2,19,A01
201700041873,1,07,000,00,2,1,13,A01
201700041873,2,07,000,00,2,3,16,B01
201700041874,1,07,000,00,1,2,01,A01
201700041875,1,31,000,00,2,8,01,B01
201700041875,1,07,000,00,2,1,01,A01
201700041876,1,07,000,00,2,3,15,A01
201700041876,1,33,000,00,2,2,17,B01
201700041877,2,07,000,00,2,2,00,A01
201700041877,2,07,000,00,2,5,00,B01
201700041878,1,07,000,00,2,2,01,A01
201700041878,1,07,000,15,2,1,01,B01
201700041879,0,07,000,00,9,1,11,A01
201700041879,1,01,000,00,2,3,21,B01
201700041880,0,10,000,01,2,8,09,A01
201700041880,0,07,000,00,2,1,09,B01
201700041881,1,07,000,00,2,1,15,A01
201700041881,1,07,000,10,2,3,01,B01
201700041882,1,02,000,00,2,1,02,A01
201700041882,1,07,000,00,2,4,20,B01
201700041883,1,07,000,15,0,9,15,A01
201700041884,1,07,000,00,2,1,15,A01
201700041884,2,33,000,00,2,3,01,B01
201700041885,1,01,000,00,2,3,02,A01
201700041885,1,07,000,00,9,2,02,B01
201700041886,1,07,000,01,0,3,14,A01
201700041887,1,07,000,00,2,2,12,A01
201700041887,1,33,000,00,2,1,01,B01
201700041888,1,07,000,00,2,3,13,A01
201700041888,2,07,000,00,2,3,23,B01
201700041889,1,07,000,01,0,1,09,A01
201700041889,1,07,000,00,2,3,23,B01
201700041889,1,07,000,00,2,3,23,C01
201700041890,1,37,000,08,0,2,02,A01
201700041891,2,07,000,04,0,9,17,A01
201700041892,1,07,000,00,1,3,19,A01
201700041893,1,07,000,00,1,0,15,Z01
201700041894,1,07,000,00,2,3,13,A01
201700041894,2,34,000,00,2,3,13,B01
201700041895,2,07,000,00,9,2,17,A01
201700041895,2,99,000,00,2,3,11,B01
201700041896,1,07,000,01,1,1,01,A01
201700041897,1,07,000,00,1,7,01,A01
201700041898,1,07,000,00,2,2,13,A01
201700041898,1,31,000,00,2,2,19,B01
201700041899,1,33,000,00,2,1,19,B01
201700041899,2,07,000,00,2,8,19,A01
201700041900,1,07,000,00,1,1,19,A01
201700041901,1,10,000,01,0,3,21,A01
201700041901,1,10,000,00,2,4,24,B01
201700041902,1,37,000,00,2,2,21,A01
201700041902,1,07,000,00,2,5,16,B01
201700041903,1,07,000,00,2,1,02,A01
201700041903,1,31,000,00,2,4,23,B01
201700041904,1,07,000,00,2,3,13,A01
201700041904,1,30,000,00,2,1,17,B01
201700041905,2,07,000,15,0,5,04,A01
201700041905,1,01,000,00,2,2,01,B01
201700041906,2,07,000,00,2,3,15,A01
201700041906,2,02,000,00,2,1,01,B01
201700041907,1,07,000,00,9,5,16,A01
201700041907,1,99,000,00,2,8,16,B01
201700041908,1,01,000,00,2,6,19,A01
201700041908,1,34,000,00,9,1,02,B01
201700041909,1,07,000,14,1,1,01,A01
201700041910,1,07,000,00,2,5,15,A01
201700041910,2,33,000,00,2,1,17,B01
201700041911,1,34,000,00,2,0,00,A01
201700041911,1,07,000,00,9,0,00,B01
201700041912,1,38,000,00,2,1,01,A01
201700041912,1,07,000,00,2,8,01,B01
201700041913,1,07,000,00,2,5,15,A01
201700041913,2,33,000,00,2,1,21,B01
201700041914,1,07,000,01,0,2,14,A01
201700041915,1,07,000,00,2,2,19,A01
201700041915,1,33,000,00,2,1,02,B01
201700041916,1,07,000,00,2,4,02,B01
201700041916,1,07,000,00,2,1,02,A01
201700041917,0,07,000,00,2,3,01,B01
201700041917,0,07,000,00,2,2,19,Z01
201700041918,2,07,000,00,1,3,01,A01
201700041918,2,07,000,00,9,0,23,B01
201700041919,1,07,000,00,2,0,17,A01
201700041919,1,07,000,00,2,5,24,B01
201700041920,1,33,000,00,2,2,01,B01
201700041920,1,07,000,00,2,3,09,A01
201700041921,1,07,000,00,1,0,15,A01
201700041922,1,07,000,00,1,2,16,A01
201700041923,1,07,000,00,1,3,01,A01
201700041924,2,07,000,01,0,1,15,A01
201700041925,1,07,000,00,1,1,19,A01
201700041926,2,07,000,00,1,3,15,A01
201700041927,1,07,000,00,2,1,01,A01
201700041927,1,07,000,00,2,4,00,B01
201700041928,0,07,000,00,0,3,15,A01
201700041928,0,07,000,00,0,2,17,B01
201700041929,2,07,000,00,1,7,02,A01
201700041930,0,07,000,00,2,2,01,A01
201700041930,0,07,000,00,2,8,01,B01
201700041931,0,07,000,00,1,2,01,A01
201700041932,0,07,000,00,2,7,00,A01
201700041932,0,07,000,00,2,2,01,B01
201700041933,0,07,000,08,1,3,13,A01
201700041934,0,07,000,00,2,3,11,A01
201700041934,0,07,000,00,2,3,01,B01
201700041935,0,10,000,00,2,1,01,A01
201700041935,0,10,000,00,2,1,00,B01
201700041935,0,10,000,00,0,4,01,C01
201700041936,0,07,000,00,1,1,00,A01
201700041937,2,07,000,00,2,7,00,A01
201700041937,1,07,000,00,2,1,01,B01
201700041938,2,07,000,00,2,7,15,A01
201700041938,1,07,000,00,2,1,01,B01
201700041939,0,07,000,00,0,1,01,A01
201700041939,0,07,000,00,2,0,01,B01
201700041939,0,07,000,00,0,0,00,C01
201700041940,1,07,000,00,0,4,02,A01
201700041940,1,07,000,00,0,4,02,B01
201700041940,1,31,000,00,0,1,02,C01
201700041941,0,33,000,00,1,0,00,X01
201700041942,0,07,000,00,2,7,15,A01
201700041942,0,34,000,00,2,1,01,B01
201700041943,0,34,000,00,2,8,00,A01
201700041943,0,07,000,00,2,0,00,B01
201700041944,1,07,000,00,1,1,00,A01
201700041945,2,07,000,00,1,1,00,A01
201700041946,0,10,000,00,0,6,01,A01
201700041946,0,34,000,00,2,2,02,B01
201700041947,0,37,001,00,2,1,01,A01
201700041947,0,07,000,00,2,6,23,B01
201700041947,0,07,000,00,2,5,23,C01
201700041948,0,07,000,00,0,0,17,A01
201700041948,0,07,000,00,0,0,00,B01
201700041949,2,07,000,00,1,3,01,A01
201700041950,2,07,000,00,1,3,01,A01
201700041951,1,07,000,00,2,7,14,A01
201700041951,1,33,000,00,2,8,03,B01
201700041952,1,33,000,00,1,1,01,Z01
201700041953,1,07,000,01,1,1,01,A01
201700041954,2,07,000,00,1,1,01,A01
201700041955,1,37,000,16,0,4,02,A01
201700041955,1,07,000,00,2,4,02,B01
201700041955,1,99,000,16,2,1,02,C01
201700041956,1,07,000,00,1,2,17,A01
201700041957,2,07,000,00,1,2,01,A01
201700041958,2,07,000,00,2,1,02,A01
201700041958,1,07,000,00,2,4,23,B01
201700041959,1,07,000,00,2,1,02,A01
201700041959,1,07,000,00,2,0,02,B01
201700041959,1,07,000,00,2,4,02,C01
201700041959,1,07,000,00,2,4,02,D01
201700041959,1,07,000,00,2,4,02,E01
201700041959,1,07,000,00,2,4,02,F02
201700041960,1,10,000,00,1,3,19,A01
201700041961,1,14,000,00,2,0,12,A01
201700041961,1,07,000,00,2,4,16,B01
201700041962,1,07,000,00,2,7,19,A01
201700041962,1,07,000,00,2,7,19,B01
201700041963,1,37,000,00,2,2,23,A01
201700041963,1,07,000,00,2,4,23,B01
201700041964,1,07,000,00,1,1,02,A01
201700041965,1,31,000,00,2,1,02,A01
201700041965,2,07,000,00,2,6,02,B01
201700041966,2,10,000,00,2,4,10,A01
201700041966,2,07,000,00,2,1,01,B01
201700041967,1,07,000,00,2,5,15,A01
201700041967,1,07,000,00,2,1,02,B01
201700041968,1,07,000,00,2,6,15,A01
201700041968,2,37,000,00,2,1,19,B01
201700041969,2,07,000,00,1,2,01,A01
201700041970,2,31,000,00,0,0,10,A01
201700041971,1,07,000,00,9,4,23,A01
201700041971,1,01,000,01,9,1,02,B01
201700041972,1,07,000,00,2,3,19,A01
201700041972,1,07,000,00,1,2,19,B01
201700041973,2,34,000,11,2,1,17,A01
201700041973,2,15,000,00,2,3,02,B01
201700041974,1,07,000,00,2,2,19,A01
201700041974,1,31,000,00,2,1,19,B01
201700041975,1,10,000,11,0,2,14,A01
201700041976,2,07,000,00,2,2,15,A01
201700041976,1,07,000,00,2,3,01,B01
201700041977,1,07,000,00,2,7,15,A01
201700041977,1,07,000,00,2,1,01,B01
201700041978,2,07,000,00,1,2,01,A01
201700041979,2,10,000,00,1,1,01,A01
201700041980,2,40,000,00,4,1,02,A01
201700041980,2,20,000,00,4,4,02,B01
201700041981,2,07,000,00,2,1,02,A01
201700041981,2,07,000,00,2,4,02,B01
201700041981,2,07,000,00,2,4,02,C01
201700041982,1,07,000,00,2,1,09,A01
201700041982,2,07,000,00,2,3,01,B01
201700041983,1,31,000,00,2,1,01,A01
201700041983,2,07,000,00,2,5,15,B01
201700041984,1,07,000,00,2,1,19,A01
201700041984,2,07,000,00,2,3,02,B01
201700041985,2,07,000,00,1,1,02,A01
201700041986,1,07,000,00,1,2,01,A01
201700041987,1,07,000,00,2,3,02,A01
201700041987,2,07,000,00,2,3,01,B01
201700041988,1,30,000,00,2,2,15,A01
201700041988,1,07,000,00,2,3,15,B01
201700041989,1,07,000,11,0,9,14,A01
201700041990,1,15,000,00,2,6,16,A01
201700041990,1,07,000,00,2,6,16,B01
201700041991,2,07,000,00,2,2,16,A01
201700041991,2,33,000,00,2,3,18,B01
201700041992,1,07,000,03,0,8,07,B01
201700041992,1,07,000,00,2,0,07,A01
201700041993,1,07,000,00,1,3,19,A01
201700041994,2,99,000,00,0,0,02,A01
201700041995,2,07,000,00,1,1,02,A01
201700041996,1,07,000,00,2,2,02,A01
201700041996,1,07,000,00,2,6,02,B01
201700041997,2,07,000,00,2,7,01,A01
201700041997,2,31,000,00,2,3,09,B01
201700041998,1,07,000,00,1,2,02,A01
201700041999,1,07,000,00,2,3,19,A01
201700041999,1,31,000,00,2,2,02,B01
201700042000,1,07,000,00,2,7,17,A01
201700042000,1,07,000,00,2,3,02,B01
201700042001,1,07,000,00,2,1,09,A01
201700042001,1,99,000,00,2,1,01,B01
201700042002,1,10,000,00,2,5,01,A01
201700042002,2,31,000,00,2,1,05,B01
201700042003,1,07,000,00,1,1,02,A01
201700042004,2,07,000,12,0,3,02,A01
201700042005,2,07,000,01,0,2,21,A01
201700042006,1,07,000,00,1,3,15,Z01
201700042007,2,07,000,00,2,5,13,A01
201700042007,2,07,000,00,2,2,01,B01
201700042008,1,07,000,01,0,9,02,B01
201700042009,1,07,000,00,1,3,21,A01
201700042010,1,07,000,00,1,3,21,A01
201700042011,2,07,000,00,1,3,09,A01
201700042012,1,07,000,00,1,7,02,A01
201700042013,2,10,000,00,0,0,13,A01
201700042013,2,33,000,00,0,3,21,B01
201700042014,2,07,000,12,0,3,09,A01
201700042015,2,07,000,09,0,7,19,B01
201700042015,1,07,000,00,2,1,17,A01
201700042016,2,10,000,12,2,1,01,A01
201700042016,2,20,000,07,2,7,02,B01
201700042017,1,07,000,00,2,3,02,A01
201700042017,2,31,000,00,2,1,17,B01
201700042018,1,34,000,00,2,1,01,A01
201700042018,1,10,000,00,2,3,23,B01
201700042019,1,07,000,08,0,1,13,A01
201700042020,1,07,000,00,2,3,15,A01
201700042020,1,33,000,00,2,3,17,B01
201700042021,1,33,000,00,0,0,02,Z01
201700042022,2,33,000,00,2,1,02,A01
201700042022,2,07,000,00,2,8,10,B01
201700042023,2,07,000,00,2,3,15,A01
201700042023,2,34,000,00,2,1,17,B01
201700042024,1,07,000,03,2,3,17,A01
201700042024,1,07,000,00,2,2,21,B01
201700042025,1,07,000,00,2,1,02,A01
201700042025,1,10,000,00,2,4,04,B01
201700042026,1,17,000,01,0,7,02,A01
201700042026,1,07,000,00,2,8,22,B01
201700042027,1,07,000,01,0,1,02,A01
201700042027,1,07,000,01,0,9,23,B01
201700042027,1,07,000,00,9,4,23,C01
201700042028,1,07,000,00,1,0,00,Z01
201700042029,1,07,000,00,2,8,17,A01
201700042029,1,07,000,00,2,7,19,B01
201700042030,2,07,000,00,2,4,23,A01
201700042030,2,10,000,00,2,1,21,B01
201700042031,2,34,000,00,2,1,19,A01
201700042031,2,07,000,00,2,2,15,B01
201700042032,1,07,000,00,1,1,09,A01
201700042033,1,07,000,00,1,2,01,A01
201700042034,1,07,000,00,0,0,24,A01
201700042035,1,07,000,00,1,1,01,A01
201700042036,1,30,000,01,0,0,17,A01
201700042036,1,07,000,00,2,0,22,B01
201700042037,1,07,000,00,2,1,21,A01
201700042037,1,07,000,00,2,4,23,B01
201700042038,2,07,000,00,1,3,01,A01
201700042039,1,07,000,00,1,2,02,A01
201700042040,2,31,000,00,1,2,23,A01
201700042041,1,07,000,00,1,1,00,A01
201700042042,1,07,000,01,2,0,11,A01
201700042042,1,31,000,00,2,3,00,B01
201700042043,2,07,000,00,2,1,14,A01
201700042043,2,07,000,00,2,4,16,B01
201700042043,2,07,000,00,2,7,17,C01
201700042044,1,33,000,00,1,7,19,Z01
201700042045,1,10,000,14,0,7,19,A01
201700042045,1,33,000,00,2,1,02,B01
201700042046,2,07,000,00,2,1,02,A01
201700042046,2,07,000,00,2,4,23,B01
201700042047,2,37,000,00,1,2,02,A01
201700042048,2,07,000,00,9,2,01,A01
201700042048,2,14,000,14,2,0,01,B01
201700042049,1,07,000,00,2,2,15,A01
201700042049,2,30,000,00,2,1,01,B01
201700042050,2,07,000,00,2,1,02,A01
201700042050,2,07,000,00,2,4,23,B01
201700042050,2,07,000,00,2,4,23,C01
201700042051,2,07,000,08,2,1,14,A01
201700042051,2,34,000,01,1,1,24,B01
201700042052,1,07,000,00,2,7,15,A01
201700042052,2,07,000,00,2,1,01,B01
201700042053,1,07,000,00,2,3,09,A01
201700042053,2,34,000,00,2,3,02,B01
201700042054,2,07,000,00,1,1,00,A01
201700042055,2,07,000,00,1,3,00,A01
201700042056,2,10,000,00,2,3,10,A01
201700042056,1,07,000,00,2,8,02,B01
201700042057,1,07,000,00,1,2,15,A01
201700042058,1,01,000,00,2,1,17,A01
201700042058,1,07,000,00,0,6,23,B01
201700042059,0,01,000,01,0,1,00,B01
201700042059,0,07,000,00,2,3,24,A01
201700042060,1,34,000,00,2,2,02,A01
201700042060,2,07,000,01,2,1,16,B01
201700042061,1,03,000,08,9,1,02,A01
201700042062,2,03,000,15,0,4,04,A01
201700042063,0,03,000,00,2,2,00,A01
201700042063,0,03,000,00,2,3,00,B01
201700042064,2,14,000,01,2,7,17,A01
201700042064,2,07,000,01,2,8,18,B01
201700042065,0,07,000,00,2,1,15,A01
201700042065,0,33,000,00,2,2,01,B01
201700042066,2,07,000,00,1,1,09,A01
201700042067,0,07,000,00,1,6,20,A01
201700042068,2,02,000,00,2,5,21,A01
201700042068,2,32,000,00,0,0,06,Z01
201700042069,0,07,000,00,2,1,01,A01
201700042069,0,07,000,00,2,6,15,B01
201700042070,0,01,000,00,2,1,00,A01
201700042070,0,07,000,00,9,1,09,B01
201700042071,0,07,000,00,9,3,24,A01
201700042071,0,01,000,01,0,1,17,B01
201700042072,2,07,000,00,0,4,23,A01
201700042072,2,07,000,00,2,1,02,B01
201700042073,2,07,000,00,1,5,04,A01
201700042074,1,07,000,00,1,2,19,A01
201700042075,0,07,000,00,2,1,02,A01
201700042075,0,34,000,00,2,4,23,B01
201700042076,1,13,000,00,2,3,19,B01
201700042076,1,07,000,00,2,2,19,A01
201700042077,1,07,000,12,0,3,02,A01
201700042077,1,07,000,12,0,3,02,B01
201700042078,1,07,000,00,9,1,01,A01
201700042078,1,01,000,00,2,8,15,B01
201700042079,1,07,000,00,2,8,15,B01
201700042079,1,33,000,00,2,1,19,A01
201700042080,1,07,000,00,2,1,15,A01
201700042080,2,07,000,00,2,1,21,B01
201700042081,1,07,000,00,1,1,01,A01
201700042082,0,07,000,00,2,3,13,A01
201700042082,0,07,000,00,2,3,01,B01
201700042083,1,07,000,00,2,1,14,A01
201700042083,1,07,000,00,2,1,01,B01
201700042084,2,07,000,00,2,8,19,A01
201700042084,1,07,000,00,2,1,19,B01
201700042085,1,31,000,00,2,4,23,A01
201700042085,1,07,000,00,2,4,23,B01
201700042086,2,07,000,00,2,1,01,B01
201700042086,1,07,000,00,2,2,15,A01
201700042087,1,07,000,00,1,3,21,A01
201700042088,1,07,000,00,2,1,02,A01
201700042088,1,10,000,00,2,4,02,B01
201700042088,1,07,000,00,2,4,02,C01
201700042089,1,07,000,14,2,1,14,A01
201700042090,1,99,000,12,0,3,01,A01
201700042091,1,34,000,00,9,5,18,A01
201700042091,1,99,000,00,9,5,18,B01
201700042092,2,07,000,00,2,9,19,A01
201700042092,1,07,000,00,2,1,19,B01
201700042093,1,34,000,00,0,3,15,A01
201700042094,1,10,000,00,2,2,02,A01
201700042094,1,10,000,01,2,3,02,B01
201700042095,1,07,000,00,2,2,01,A01
201700042095,1,33,000,00,2,5,01,B01
201700042096,1,07,000,00,2,1,20,A01
201700042096,2,33,000,00,2,1,00,B01
201700042097,1,07,000,00,1,2,19,A01
201700042098,1,07,000,00,2,1,17,A01
201700042098,2,07,000,00,2,1,00,B01
201700042099,1,31,000,00,9,4,02,A01
201700042099,1,07,000,00,2,1,02,B01
201700042100,1,07,000,00,1,1,15,A01
201700042101,1,07,000,00,2,1,15,A01
201700042101,2,34,000,00,2,1,01,B01
201700042102,1,33,000,00,2,4,13,A01
201700042102,1,37,000,00,1,4,07,B01
201700042102,1,07,000,00,2,4,07,C01
201700042103,2,07,000,00,2,3,14,A01
201700042103,2,07,000,00,2,8,09,B01
201700042104,1,34,000,01,0,3,01,A01
201700042104,1,07,000,01,0,7,00,B01
201700042105,1,07,000,00,2,1,02,A01
201700042105,1,07,000,00,2,4,02,B01
201700042106,1,07,000,08,2,7,11,A01
201700042106,1,07,000,00,2,1,07,B01
201700042107,2,07,000,00,2,1,02,A01
201700042107,2,07,000,00,2,4,02,B01
201700042108,2,07,000,00,2,1,09,A01
201700042108,1,07,000,00,2,1,17,B01
201700042109,2,33,000,00,2,7,17,A01
201700042109,1,07,000,00,0,1,09,B01
201700042110,1,07,000,00,2,8,15,A01
201700042110,1,33,000,00,2,1,13,B01
201700042111,1,07,000,00,2,1,02,A01
201700042111,1,07,000,00,2,4,23,B01
201700042112,2,07,000,00,2,2,02,A01
201700042112,1,33,000,00,2,3,19,B01
201700042113,1,07,000,00,1,2,16,A01
201700042114,2,10,000,00,1,2,00,A01
201700042115,2,07,000,00,2,1,02,A01
201700042115,2,07,000,00,2,4,23,B01
201700042116,1,07,000,00,2,3,15,A01
201700042116,1,33,000,00,2,1,21,B01
201700042117,2,07,000,00,1,1,21,A01
201700042118,1,10,000,00,1,6,01,A01
201700042119,2,07,000,01,0,2,01,A01
201700042120,1,33,000,00,2,1,01,A01
201700042120,1,07,000,00,2,2,09,B01
201700042121,2,31,000,00,2,1,01,A01
201700042121,1,07,000,00,2,6,15,B01
201700042122,1,07,000,00,2,3,16,A01
201700042122,1,33,000,00,2,1,01,B01
201700042123,1,07,000,00,2,1,09,B01
201700042123,2,07,000,00,2,2,01,A01
201700042124,1,07,000,00,1,2,02,A01
201700042125,1,07,000,00,2,1,09,A01
201700042125,1,07,000,00,2,3,19,B01
201700042126,2,31,000,00,2,1,00,A01
201700042126,1,07,000,00,2,1,09,B01
201700042127,1,33,000,00,2,3,21,A01
201700042127,1,07,000,00,2,6,09,B01
201700042128,1,07,000,00,2,2,21,A01
201700042128,2,07,000,00,2,1,09,B01
201700042129,1,07,000,00,2,3,09,A01
201700042129,1,07,000,00,2,7,09,B01
201700042130,1,31,000,00,2,1,01,A01
201700042130,2,07,000,00,2,2,01,B01
201700042131,1,07,000,00,2,3,02,A01
201700042131,1,31,000,00,2,1,17,B01
201700042132,0,07,000,00,2,3,06,A01
201700042132,0,33,000,00,2,1,17,B01
201700042133,0,07,000,00,1,2,16,A01
201700042134,0,07,000,00,0,3,10,A01
201700042134,0,30,000,00,2,1,03,B01
201700042135,0,07,000,00,1,8,01,A01
201700042136,0,03,000,00,0,2,01,A01
201700042136,0,03,000,00,0,8,01,B01
201700042137,2,07,000,00,1,1,01,A01
201700042138,0,07,000,00,0,2,02,A01
201700042139,0,07,000,00,1,3,15,A01
201700042139,0,01,000,00,2,8,01,B01
201700042139,0,07,000,00,1,1,01,Z01
201700042140,0,07,000,00,2,8,15,A01
201700042140,0,03,000,00,2,2,15,B01
201700042141,0,07,000,09,0,0,00,A01
201700042142,0,07,000,00,2,1,09,A01
201700042142,0,07,000,00,2,1,01,B01
201700042142,0,07,000,00,2,1,01,C01
201700042143,2,07,000,00,2,1,15,B01
201700042143,1,07,000,00,2,1,16,A01
201700042144,2,02,000,00,1,1,01,A01
201700042145,1,07,000,00,1,3,02,A01
201700042146,0,07,000,00,2,1,01,B01
201700042146,0,07,000,00,2,2,15,A01
201700042147,0,07,000,00,1,1,00,A01
201700042148,0,01,000,00,2,1,00,B01
201700042148,0,10,000,00,9,3,00,A01
201700042149,0,37,003,00,1,1,01,A01
201700042150,2,37,000,00,1,3,01,A01
201700042151,1,07,000,00,1,2,01,A01
201700042152,1,07,000,00,2,4,02,A01
201700042152,0,99,000,00,2,4,02,B01
201700042152,0,07,000,00,2,1,02,C01
201700042153,0,07,000,00,2,4,23,B01
201700042153,1,07,000,00,2,1,01,A01
201700042154,1,07,000,00,1,1,01,A01
201700042155,1,30,000,02,0,1,05,A01
201700042156,1,07,000,00,2,2,13,Z01
201700042156,1,07,000,00,0,6,23,A01
201700042157,2,07,000,00,2,7,16,A01
201700042157,2,31,000,00,2,1,18,B01
201700042158,1,07,000,00,2,1,23,C01
201700042158,1,31,000,00,2,8,17,A01
201700042158,1,07,000,00,2,8,15,B01
201700042159,2,07,000,00,2,7,09,B01
201700042159,2,33,000,00,2,1,18,A01
201700042160,1,10,000,00,1,2,01,A01
201700042161,0,07,000,00,2,7,02,A01
201700042161,0,34,000,00,2,3,17,B01
201700042162,1,37,000,00,1,2,16,A01
201700042163,1,33,000,00,2,3,15,A01
201700042163,1,07,000,00,2,0,15,Z01
201700042164,1,37,000,00,2,3,23,A01
201700042164,2,07,000,00,2,3,15,B01
201700042165,2,07,000,00,1,1,01,A01
201700042166,1,10,000,01,1,3,02,A01
201700042167,1,33,000,00,2,2,13,A01
201700042167,1,07,000,01,0,6,16,B01
201700042168,0,07,000,00,1,1,02,A01
201700042169,1,99,000,00,2,7,14,A01
201700042169,1,99,000,08,2,8,01,B01
201700042170,1,07,000,08,2,3,01,B01
201700042170,1,07,000,00,2,2,15,A01
201700042171,1,10,000,00,2,1,23,A01
201700042171,1,07,000,00,2,4,23,B01
201700042172,1,07,000,00,9,1,09,A01
201700042172,2,01,000,00,2,1,09,B01
201700042173,1,32,000,00,2,2,01,B01
201700042173,2,07,000,00,2,3,01,A01
201700042174,1,10,000,00,1,8,02,A01
201700042175,2,07,000,00,1,3,01,A01
201700042176,2,40,000,00,9,2,02,A01
201700042176,1,01,000,00,4,1,15,B01
201700042177,2,31,000,00,2,8,21,A01
201700042177,1,07,000,00,2,1,11,B01
201700042178,2,07,000,00,2,8,01,A01
201700042178,1,07,000,00,2,1,15,B01
201700042179,2,10,000,00,2,1,15,A01
201700042179,1,10,000,00,2,6,01,B01
201700042180,1,01,000,00,2,1,01,A01
201700042180,1,07,000,00,2,3,01,B01
201700042181,1,07,000,00,2,3,01,B01
201700042181,1,07,000,00,2,1,01,A01
201700042182,1,07,000,00,2,8,01,A01
201700042182,1,07,000,00,2,7,17,B01
201700042183,1,33,000,06,0,8,01,A01
201700042184,1,07,000,00,2,1,01,B01
201700042184,2,07,000,09,2,2,15,A01
201700042185,1,07,000,00,2,3,15,A01
201700042185,2,30,000,00,2,3,01,B01
201700042186,1,07,000,00,2,1,02,A01
201700042186,1,07,000,00,2,4,23,B01
201700042186,1,07,000,00,2,4,23,C01
201700042186,1,07,000,00,2,4,23,D01
201700042187,1,07,000,00,2,4,23,A01
201700042187,,07,000,00,0,0,00,A02
201700042188,0,07,000,00,1,1,15,A01
201700042189,1,07,000,08,0,1,14,A01
201700042190,1,07,000,00,2,2,00,A01
201700042190,1,07,000,00,2,2,00,B01
201700042191,1,10,000,00,1,8,01,A01
201700042191,2,10,000,01,2,7,02,B01
201700042191,1,01,000,01,9,1,03,C01
201700042192,1,32,000,00,2,1,01,A01
201700042192,1,07,000,00,2,5,16,B01
201700042193,2,07,000,00,1,2,02,A01
201700042194,1,07,000,00,2,5,16,B01
201700042194,1,07,000,00,2,3,18,Z01
201700042195,1,33,000,08,1,7,21,A01
201700042196,1,07,000,00,2,1,13,A01
201700042196,2,07,000,00,2,1,01,B01
201700042197,1,07,000,00,2,1,01,A01
201700042197,1,01,000,00,2,4,14,B01
201700042198,1,33,000,00,2,7,17,A01
201700042198,1,07,000,00,2,8,10,Z01
201700042199,1,31,000,00,2,2,01,A01
201700042199,1,10,000,00,2,5,09,B01
201700042200,1,07,000,01,0,1,13,A01
201700042200,2,07,000,00,2,0,00,B01
201700042201,1,07,000,00,2,2,02,A01
201700042201,1,07,000,00,2,4,02,B01
201700042201,1,07,000,00,2,4,02,C01
201700042202,1,07,000,00,1,2,21,A01
201700042203,1,07,000,00,1,1,01,A01
201700042204,2,07,000,00,1,3,21,A01
201700042205,2,07,000,00,2,2,09,A01
201700042205,1,07,000,00,2,3,09,B01
201700042206,1,07,000,01,1,4,09,A01
201700042206,1,07,000,00,2,8,01,B01
201700042207,1,34,000,00,2,1,13,A01
201700042207,1,07,000,00,2,1,01,B01
201700042208,1,07,000,00,1,2,01,A01
201700042209,1,33,000,00,1,1,01,A01
201700042210,1,02,000,00,1,2,01,A01
201700042211,1,07,000,00,1,8,15,A01
201700042212,1,07,000,00,1,7,09,A01
201700042213,2,07,000,00,2,8,01,B01
201700042213,2,07,000,00,2,2,01,A01
201700042214,1,07,000,00,2,1,02,A01
201700042214,1,07,000,00,2,4,02,B01
201700042214,1,07,000,00,2,4,24,Z01
201700042215,2,07,000,08,2,7,01,A01
201700042215,2,07,000,00,2,1,01,B01
201700042216,1,07,000,00,2,6,14,A01
201700042216,2,07,000,00,2,2,13,B01
201700042217,1,07,000,00,2,5,17,A01
201700042217,1,07,000,00,2,3,02,B01
201700042218,1,07,000,00,1,0,09,Z01
201700042219,1,37,000,00,1,1,19,A01
201700042220,1,10,000,00,2,1,02,A01
201700042220,1,07,000,00,2,4,02,B01
201700042221,1,07,000,00,1,2,01,Z01
201700042222,1,07,000,00,1,0,01,A01
201700042223,1,07,000,00,2,1,02,A01
201700042223,1,07,000,00,2,1,02,B01
201700042223,1,07,000,00,2,4,02,C01
201700042223,1,07,000,00,2,4,02,D01
201700042224,1,33,000,00,0,0,17,A01
201700042224,1,07,000,00,0,0,11,B01
201700042225,1,07,000,00,2,2,16,A01
201700042225,1,33,000,00,2,3,09,B01
201700042226,1,07,000,00,2,1,01,B01
201700042226,1,07,000,00,2,7,15,A01
201700042227,1,07,000,00,1,1,15,A01
201700042228,2,34,000,00,2,1,01,A01
201700042228,2,07,000,00,2,2,15,B01
201700042229,1,03,000,00,1,7,16,A01
201700042230,1,07,000,00,2,1,15,A01
201700042230,1,33,000,00,9,9,19,B01
201700042231,1,07,000,00,2,1,01,A01
201700042231,1,07,000,00,2,2,01,B01
201700042232,1,31,000,00,1,1,01,A01
201700042233,2,07,000,00,2,6,01,A01
201700042233,1,07,000,00,2,1,15,B01
201700042234,0,07,000,00,9,1,16,A01
201700042234,1,31,000,00,9,4,16,B01
201700042235,2,07,000,06,0,2,16,A01
201700042236,1,07,000,00,1,0,00,A01
201700042236,2,07,000,00,1,0,01,Z01
201700042237,1,07,000,15,2,2,16,A01
201700042237,1,34,000,00,2,5,07,B01
201700042238,1,07,000,00,2,7,15,A01
201700042238,1,34,000,00,2,1,01,B01
201700042239,2,99,000,00,2,7,00,Y01