Num_Acc,senc,catv,occutc,obs,obsm,choc,manv,num_veh
201700042239,1,07,000,00,1,0,00,Z01
201700042240,1,33,000,00,2,2,18,A01
201700042240,1,07,000,00,2,7,16,Z01
201700042241,1,07,000,00,2,1,13,A01
201700042241,2,37,000,00,2,1,23,B01
201700042242,1,34,000,00,2,1,21,A01
201700042242,1,07,000,00,2,8,10,Z01
201700042243,2,07,000,00,2,3,10,A01
201700042243,2,34,000,00,2,7,13,B01
201700042244,1,07,000,00,2,1,13,A01
201700042244,2,07,000,00,2,1,01,B01
201700042245,1,07,000,00,1,0,00,A01
201700042246,1,33,000,00,2,8,18,A01
201700042246,1,07,000,00,2,7,01,B01
201700042247,1,10,000,00,2,5,00,B01
201700042247,1,07,000,01,2,1,00,A01
201700042248,2,07,000,00,1,2,01,A01
201700042249,1,07,000,00,1,8,15,A01
201700042250,1,30,000,00,2,1,02,A01
201700042250,1,10,000,00,2,3,02,B01
201700042251,1,07,000,00,2,7,01,A01
201700042251,1,07,000,00,2,1,01,B01
201700042252,1,07,000,00,2,1,01,A01
201700042252,1,07,000,00,2,4,01,B01
201700042252,1,07,000,00,2,1,01,C01
201700042252,1,07,000,00,2,1,01,D01
201700042253,1,07,000,01,0,8,22,B01
201700042254,1,07,000,00,1,1,01,A01
201700042255,1,07,000,00,2,0,17,A01
201700042255,1,07,000,00,2,8,15,B01
201700042256,1,07,000,00,2,2,01,A01
201700042256,1,07,000,00,2,1,23,B01
201700042257,1,07,000,00,1,3,01,A01
201700042258,1,07,000,00,2,2,10,A01
201700042258,1,07,000,00,2,1,01,B01
201700042259,1,07,000,00,1,3,15,A01
201700042260,2,07,000,00,2,1,21,A01
201700042260,2,07,000,00,2,4,23,B01
201700042260,2,07,000,00,2,4,23,C01
201700042260,2,07,000,00,2,4,16,D01
201700042261,1,33,000,00,2,7,01,B01
201700042261,2,07,000,00,2,8,16,A01
201700042262,2,07,000,06,0,1,13,A01
201700042263,1,07,000,00,1,7,01,A01
201700042264,1,07,000,00,1,1,01,A01
201700042265,1,07,000,00,2,1,01,A01
201700042265,1,07,000,00,2,3,01,B01
201700042266,1,07,000,00,1,6,00,A01
201700042267,1,07,000,00,2,1,02,A01
201700042267,1,07,000,00,2,1,02,B01
201700042267,1,99,000,00,2,4,01,C01
201700042268,1,07,000,14,2,2,01,A01
201700042268,1,07,000,00,2,2,01,B01
201700042269,1,07,000,00,1,5,19,A01
201700042270,1,07,000,00,1,3,23,A01
201700042271,1,07,000,00,2,3,15,A01
201700042271,1,33,000,00,2,7,01,B01
201700042272,2,07,000,00,2,7,15,A01
201700042272,1,33,000,00,2,1,01,B01
201700042273,1,07,000,06,0,1,01,A01
201700042274,1,07,000,00,2,8,20,A01
201700042274,1,31,000,00,2,7,02,B01
201700042275,2,01,000,00,2,8,02,A01
201700042275,1,07,000,00,9,1,05,B01
201700042276,1,07,000,00,2,7,01,A01
201700042276,1,31,000,00,2,1,01,B01
201700042277,1,07,000,00,2,2,01,A01
201700042277,1,07,000,00,2,2,01,B01
201700042278,2,07,000,00,2,8,19,A01
201700042278,2,07,000,00,2,1,19,B01
201700042279,1,07,000,00,2,1,01,B01
201700042279,1,07,000,12,2,7,01,A01
201700042280,1,07,000,01,0,2,02,A01
201700042281,1,07,000,00,2,0,00,A01
201700042281,1,07,000,00,2,1,00,B01
201700042281,1,99,000,00,2,0,00,C01
201700042282,1,07,000,00,2,8,11,A01
201700042282,1,33,000,00,2,7,17,B01
201700042283,1,07,000,00,1,1,01,A01
201700042284,1,10,000,00,2,7,15,A01
201700042284,1,33,000,00,2,1,21,B01
201700042285,1,07,000,00,1,1,16,A01
201700042286,1,07,000,00,2,8,01,B01
201700042286,1,07,000,00,2,1,01,A01
201700042287,1,32,000,00,2,1,01,A01
201700042287,1,07,000,00,2,3,15,B01
201700042288,1,10,000,00,2,1,01,A01
201700042288,1,07,000,00,2,7,01,B01
201700042289,1,07,000,00,2,4,23,A01
201700042289,1,20,000,00,2,1,01,B01
201700042290,1,07,000,00,2,2,07,A01
201700042290,1,07,000,00,2,1,16,B01
201700042291,2,07,000,00,2,1,19,A01
201700042291,2,07,000,00,2,3,19,B01
201700042292,1,07,000,00,2,1,02,A01
201700042292,2,07,000,00,2,7,15,B01
201700042293,1,07,000,00,2,1,01,B01
201700042293,2,30,000,00,2,7,05,A01
201700042294,1,07,000,09,2,1,02,A01
201700042294,0,99,000,00,2,8,10,B01
201700042295,0,07,000,00,2,2,15,A01
201700042295,0,02,000,00,0,1,01,B01
201700042296,0,07,000,00,1,2,01,A01
201700042297,0,07,000,00,1,2,16,A01
201700042298,0,07,000,00,2,3,00,A01
201700042298,0,07,000,00,2,6,00,B01
201700042299,0,07,000,00,2,1,02,A01
201700042299,0,07,000,00,2,4,02,B01
201700042300,1,07,000,00,0,1,00,A01
201700042301,1,07,000,00,1,1,01,A01
201700042302,0,03,000,00,0,1,01,A01
201700042303,0,07,000,00,0,1,02,A01
201700042304,0,32,000,00,2,3,17,A01
201700042304,0,07,000,00,2,2,17,B01
201700042305,0,10,000,00,9,0,15,A01
201700042305,0,01,000,00,2,0,01,B01
201700042306,0,10,000,00,2,3,01,A01
201700042306,0,07,000,00,2,2,15,B01
201700042307,0,07,000,00,1,3,02,A01
201700042308,0,07,000,00,2,8,15,A01
201700042308,0,34,000,00,2,7,17,B01
201700042309,2,07,000,00,0,7,01,A01
201700042310,2,07,000,00,2,8,13,A01
201700042310,2,34,000,00,2,2,17,B01
201700042311,2,07,000,00,2,1,05,A01
201700042311,1,07,000,00,2,1,01,B01
201700042312,1,37,000,00,1,2,07,A01
201700042313,1,07,000,01,2,4,23,A01
201700042313,1,07,000,00,2,1,02,B01
201700042314,0,07,000,00,1,1,01,A01
201700042315,2,07,000,00,1,1,01,A01
201700042316,1,07,000,00,2,3,09,A01
201700042316,1,32,000,00,2,1,17,B01
201700042317,2,07,000,00,2,1,01,A01
201700042317,1,31,000,00,2,1,01,B01
201700042318,1,30,000,00,2,1,02,A01
201700042318,1,07,000,00,2,1,15,B01
201700042319,1,07,000,00,1,3,01,A01
201700042320,1,10,000,00,0,8,24,A01
201700042320,1,01,000,01,0,1,02,C01
201700042321,2,07,000,00,2,5,01,A01
201700042321,1,34,000,00,2,1,01,B01
201700042322,0,07,000,00,2,2,16,A01
201700042322,0,33,000,00,2,1,01,B01
201700042322,0,33,000,00,2,7,01,C01
201700042323,0,07,000,00,1,5,04,A01
201700042324,1,34,000,00,1,1,17,A01
201700042325,2,07,000,00,9,6,10,A01
201700042325,2,34,000,00,9,1,17,B01
201700042326,1,07,000,00,2,1,15,A01
201700042326,1,07,000,00,2,1,01,B01
201700042327,1,31,000,15,1,1,14,A01
201700042328,1,07,000,00,1,1,01,A01
201700042329,0,31,000,00,2,1,02,A01
201700042329,0,07,000,00,2,4,02,B01
201700042330,0,33,000,00,2,1,01,B01
201700042330,1,31,000,00,2,6,19,A01
201700042331,1,07,000,00,2,2,16,A01
201700042331,1,32,000,00,2,3,01,B01
201700042332,1,07,000,00,1,8,16,A01
201700042333,1,07,000,00,2,3,15,A01
201700042333,2,31,000,00,2,1,01,B01
201700042334,0,07,000,00,1,8,01,A01
201700042335,2,31,000,00,2,1,17,A01
201700042335,2,07,000,00,2,8,15,B01
201700042336,1,01,000,00,9,0,18,A01
201700042336,1,14,000,00,2,7,02,B01
201700042337,1,07,000,00,2,4,23,A01
201700042337,1,07,000,00,2,1,02,B01
201700042338,1,07,000,00,2,3,15,A01
201700042338,1,07,000,00,2,3,18,B01
201700042339,1,07,000,00,2,1,01,A01
201700042339,1,07,000,07,0,4,23,B01
201700042340,1,07,000,00,1,2,16,A01
201700042341,1,33,000,01,0,1,17,A01
201700042341,1,07,000,00,2,7,09,B01
201700042342,1,33,000,00,1,1,02,A01
201700042343,1,10,000,00,1,2,02,A01
201700042344,1,07,000,00,2,5,15,A01
201700042344,2,33,000,00,2,1,01,B01
201700042345,1,33,000,16,0,1,02,A01
201700042346,1,10,000,00,2,7,17,A01
201700042346,1,07,000,00,2,3,15,B01
201700042347,1,07,000,00,2,2,15,A01
201700042347,2,31,000,00,2,1,07,B01
201700042348,1,33,000,00,2,1,01,A01
201700042348,1,07,000,00,2,1,15,B01
201700042349,1,07,000,00,2,3,19,A01
201700042349,1,33,000,00,2,1,01,B01
201700042350,1,07,000,00,9,1,01,A01
201700042350,2,01,000,00,2,3,09,B01
201700042351,1,07,000,00,2,1,15,A01
201700042351,2,33,000,00,2,8,01,B01
201700042352,1,07,000,00,9,2,15,A01
201700042352,2,99,000,00,2,1,01,B01
201700042353,1,07,000,00,2,1,02,A01
201700042353,1,07,000,00,2,4,23,B01
201700042354,1,07,000,00,1,3,01,A01
201700042355,1,07,000,00,2,8,09,B01
201700042355,1,07,000,00,2,1,00,A01
201700042356,1,34,000,00,1,3,09,Z01
201700042357,0,07,000,00,1,0,23,Z01
201700042358,2,07,000,00,0,3,15,A01
201700042358,1,01,000,00,0,1,01,B01
201700042359,1,07,000,00,2,1,19,A01
201700042359,1,01,000,00,2,7,00,B01
201700042360,1,01,000,00,2,6,02,B01
201700042360,2,07,000,00,1,7,17,Z01
201700042361,1,02,000,00,2,7,16,A01
201700042361,1,02,000,00,2,1,18,B01
201700042362,1,07,000,00,1,2,01,A01
201700042363,2,34,000,00,2,2,00,A01
201700042363,2,01,000,00,2,3,00,B01
201700042364,1,07,000,00,1,3,16,A01
201700042365,2,10,000,00,0,2,01,A01
201700042365,2,31,000,00,0,1,09,B01
201700042366,1,33,000,00,2,1,02,B01
201700042366,1,07,000,00,2,5,01,A01
201700042367,1,31,000,00,2,2,09,A01
201700042367,2,07,000,00,2,8,09,B01
201700042368,2,07,000,00,2,5,10,A01
201700042368,2,31,000,00,2,1,00,B01
201700042369,2,07,000,00,2,3,15,A01
201700042369,1,33,000,00,2,8,01,B01
201700042370,0,07,000,00,2,3,15,A01
201700042370,0,02,000,00,2,1,03,B01
201700042371,2,33,000,00,1,1,01,Z01
201700042372,2,07,000,00,1,0,01,A01
201700042373,2,07,000,00,0,1,19,A01
201700042374,1,07,000,00,9,5,10,A01
201700042374,1,31,000,00,2,3,14,B01
201700042375,0,07,000,08,2,1,19,A01
201700042375,0,07,000,00,2,3,19,B01
201700042376,2,07,000,01,2,8,01,A01
201700042376,2,07,000,00,2,7,12,B01
201700042377,2,33,000,00,0,7,01,A01
201700042378,1,07,000,00,1,1,19,A01
201700042379,1,33,000,16,0,1,13,A01
201700042380,2,07,000,00,2,1,13,A01
201700042380,1,07,000,00,2,1,21,B01
201700042381,1,07,000,04,0,2,01,A01
201700042382,2,07,000,00,2,1,23,A01
201700042382,2,34,000,00,9,4,23,B01
201700042383,1,07,000,00,2,1,01,A01
201700042383,1,07,000,00,2,4,01,B01
201700042384,2,10,000,00,0,5,16,A01
201700042384,2,07,000,00,0,1,07,Z01
201700042385,1,07,000,13,0,9,21,A01
201700042386,2,07,000,01,2,1,09,A01
201700042386,1,07,000,00,2,2,01,B01
201700042387,1,30,000,01,0,1,01,A01
201700042387,1,07,000,00,2,0,24,B01
201700042388,1,07,000,12,0,1,02,A01
201700042388,1,07,000,14,0,7,02,B01
201700042389,2,07,000,00,1,1,01,A01
201700042390,2,07,000,08,2,1,14,A01
201700042391,1,07,000,08,2,2,15,A01
201700042391,1,07,000,00,2,1,01,B01
201700042392,2,07,000,00,0,0,02,A01
201700042392,2,34,000,00,0,0,17,B01
201700042393,1,07,000,00,2,1,19,B01
201700042393,1,07,000,00,2,1,19,A01
201700042394,1,07,000,00,2,4,01,A01
201700042394,1,07,000,00,2,1,02,B01
201700042395,2,07,000,01,2,3,09,A01
201700042395,2,10,000,01,2,7,17,B01
201700042396,1,07,000,00,2,1,19,A01
201700042396,1,07,000,15,2,7,02,B01
201700042397,1,07,000,00,2,1,02,A01
201700042397,2,07,000,00,2,2,15,B01
201700042398,1,07,000,00,1,7,19,A01
201700042399,1,07,000,07,0,3,21,A01
201700042399,1,07,000,00,2,2,09,B01
201700042400,1,07,000,00,2,4,00,A01
201700042400,1,07,000,00,2,1,00,B01
201700042401,1,07,000,00,9,1,15,A01
201700042401,1,33,000,00,2,1,01,B01
201700042402,2,37,000,00,2,1,01,B01
201700042402,1,07,000,00,2,1,16,A01
201700042403,1,30,000,00,2,2,01,A01
201700042403,1,07,000,00,2,3,00,B01
201700042404,1,07,000,01,0,7,14,A01
201700042405,2,33,000,00,2,3,21,A01
201700042405,2,07,000,00,2,0,12,Z01
201700042406,2,07,000,00,2,1,02,A01
201700042406,2,07,000,00,2,4,02,B01
201700042407,2,07,000,00,2,7,09,A01
201700042407,1,07,000,00,2,1,19,B01
201700042408,1,07,000,00,2,2,00,A01
201700042408,2,07,000,00,2,3,16,B01
201700042409,0,33,000,00,2,1,01,B01
201700042409,0,07,000,00,2,1,02,A01
201700042410,2,07,000,00,2,1,16,A01
201700042410,1,07,000,00,2,2,09,B01
201700042411,1,02,000,00,2,4,10,A01
201700042412,2,33,000,00,2,1,03,A01
201700042412,2,07,000,00,2,2,02,B01
201700042412,2,10,000,00,2,6,02,C01
201700042413,1,07,000,00,2,7,00,S01
201700042413,1,10,000,00,2,0,00,Z01
201700042414,1,01,000,00,2,1,19,B01
201700042414,2,07,000,00,9,1,19,A01
201700042415,2,07,000,00,9,8,22,A01
201700042415,2,33,000,01,0,5,17,B01
201700042415,2,07,000,00,9,8,23,C01
201700042416,2,99,000,00,1,0,00,Z01
201700042417,2,07,000,00,1,4,04,A01
201700042418,1,14,000,04,0,3,02,A01
201700042419,1,34,000,00,2,1,19,A01
201700042419,1,07,000,00,2,3,19,B01
201700042420,1,07,000,00,2,2,01,A01
201700042420,2,07,000,00,2,3,01,B01
201700042421,1,07,000,00,2,1,19,B01
201700042421,2,07,000,00,2,8,19,A01
201700042422,1,10,000,00,1,1,00,A01
201700042423,2,07,000,00,2,1,02,A01
201700042423,2,07,000,00,2,9,02,B01
201700042423,2,07,000,00,2,4,02,C01
201700042424,2,34,000,00,1,1,14,A01
201700042425,1,07,000,00,2,1,01,A01
201700042425,1,10,000,00,2,8,01,B01
201700042426,2,07,000,00,1,1,19,A01
201700042427,0,07,000,00,9,2,16,A01
201700042427,0,31,000,00,2,3,16,B01
201700042428,1,07,000,12,0,2,14,A01
201700042429,1,07,000,00,1,1,01,A01
201700042430,1,33,000,11,2,1,02,A01
201700042430,2,07,000,00,2,2,15,B01
201700042431,1,34,000,00,1,3,13,A01
201700042432,0,07,000,00,2,1,19,A01
201700042432,0,07,000,00,2,2,19,B01
201700042433,0,07,000,00,2,1,01,A01
201700042433,0,07,000,00,2,3,16,B01
201700042434,1,07,000,00,2,3,15,A01
201700042434,2,33,000,00,2,1,01,B01
201700042435,1,07,000,02,0,1,01,A01
201700042436,1,07,000,00,2,2,17,A01
201700042436,1,07,000,00,2,8,01,B01
201700042437,1,07,000,00,2,1,01,A01
201700042437,1,07,000,00,2,4,23,B01
201700042438,1,07,000,00,0,9,01,A01
201700042439,1,07,000,03,2,2,01,A01
201700042439,1,13,000,00,2,3,01,B01
201700042439,1,15,000,00,2,4,01,C01
201700042440,2,34,000,00,0,0,21,A01
201700042441,2,07,000,00,2,1,01,B01
201700042441,1,07,000,00,2,8,15,A01
201700042442,2,34,000,00,2,8,01,A01
201700042442,1,07,000,00,2,3,10,B01
201700042443,0,07,000,00,2,1,01,B01
201700042443,0,07,000,00,2,8,01,A01
201700042444,2,07,000,00,2,4,23,A01
201700042444,2,10,000,00,2,1,02,B01
201700042445,1,07,000,00,0,6,15,A01
201700042445,0,07,000,00,2,1,21,B01
201700042446,2,31,000,00,2,7,19,A01
201700042446,2,07,000,00,2,1,19,B01
201700042447,2,07,000,00,2,4,02,A01
201700042447,2,33,000,00,2,1,02,B01
201700042448,1,37,000,00,1,2,01,A01
201700042449,1,34,000,00,0,8,01,A01
201700042449,1,07,000,00,2,3,15,B01
201700042450,1,07,000,00,2,3,01,A01
201700042450,2,07,000,00,2,2,15,B01
201700042451,1,07,000,00,2,7,14,A01
201700042451,1,07,000,00,2,3,09,B01
201700042452,2,07,000,00,2,0,13,A01
201700042452,2,07,000,00,2,5,01,B01
201700042453,1,07,000,00,2,1,01,A01
201700042453,1,07,000,00,2,9,09,B01
201700042453,1,07,000,00,2,5,13,C01
201700042453,1,07,000,00,2,1,01,D01
201700042454,2,07,000,00,2,3,01,B01
201700042454,1,07,000,00,2,2,15,A01
201700042454,2,07,000,12,2,3,23,C01
201700042455,1,31,000,00,2,2,17,A01
201700042455,2,07,000,00,2,3,19,B01
201700042456,0,07,000,00,2,2,00,A01
201700042456,0,07,000,00,0,1,00,B01
201700042457,0,07,000,00,0,3,01,A01
201700042457,0,01,000,00,0,1,01,Y01
201700042458,1,07,000,,2,0,00,A01
201700042458,1,07,000,00,2,2,02,B01
201700042459,0,03,000,00,2,2,02,A01
201700042459,0,03,000,00,2,4,02,B01
201700042460,0,07,000,00,2,1,00,A01
201700042460,0,34,000,00,2,7,00,B01
201700042461,1,07,000,12,0,1,01,A01
201700042462,1,07,000,00,2,2,01,B01
201700042462,1,07,000,00,2,1,01,A01
201700042463,0,10,000,00,1,2,00,A01
201700042464,2,07,000,00,2,4,02,A01
201700042464,2,07,000,00,2,1,02,B01
201700042465,0,37,000,00,0,8,02,B01
201700042465,0,07,000,00,2,3,01,A01
201700042466,0,30,000,01,0,1,01,A01
201700042467,0,07,000,09,0,2,16,A01
201700042467,0,07,000,00,0,2,16,B01
201700042468,0,07,000,02,0,9,00,A01
201700042469,2,07,000,00,0,0,00,Z01
201700042469,0,31,000,00,2,0,21,A01
201700042470,1,07,000,00,0,5,01,A01
201700042470,1,07,000,14,0,1,02,Z01
201700042471,0,07,000,00,2,1,02,A01
201700042471,0,07,000,00,2,4,23,B01
201700042471,0,07,000,00,2,4,23,C01
201700042472,0,10,000,16,0,1,00,A01
201700042473,1,07,000,00,0,3,00,B01
201700042473,2,07,000,00,0,1,13,A01
201700042474,0,07,000,00,0,0,00,C01
201700042474,0,07,000,08,2,1,01,A01
201700042474,0,07,000,00,2,3,01,B01
201700042475,0,07,000,01,2,3,02,A01
201700042475,0,07,000,00,2,7,14,B01
201700042476,0,30,000,00,2,8,00,A01
201700042476,0,10,000,00,2,1,00,B01
201700042477,0,07,000,00,1,3,01,A01
201700042478,0,30,000,00,2,2,17,A01
201700042478,0,13,000,00,2,3,15,B01
201700042479,0,30,000,00,1,1,02,A01
201700042480,1,07,000,00,1,1,01,A01
201700042481,0,99,000,00,1,1,16,A01
201700042482,0,32,000,00,2,0,21,B01
201700042482,0,07,000,00,0,0,00,A01
201700042483,1,07,000,00,2,3,01,A01
201700042483,1,07,000,00,2,5,02,B01
201700042484,1,07,000,15,0,2,02,A01
201700042485,0,07,000,00,1,8,01,A01
201700042486,0,07,000,00,0,1,01,A01
201700042487,1,07,000,00,2,7,01,A01
201700042487,1,07,000,00,2,1,16,B01
201700042488,1,07,000,02,2,1,17,A01
201700042488,1,07,000,00,0,3,15,B01
201700042489,0,07,000,00,2,3,00,A01
201700042489,0,33,000,00,2,0,02,B01
201700042490,0,07,000,00,2,1,15,A01
201700042490,2,33,000,00,2,7,01,B01
201700042491,1,02,000,15,0,0,05,A01
201700042491,2,07,000,00,2,2,01,B01
201700042492,1,33,000,00,1,3,02,A01
201700042493,2,07,000,00,0,4,23,A01
201700042493,2,07,000,00,0,0,01,Z01
201700042494,1,07,000,00,2,1,02,A01
201700042494,1,07,000,00,0,4,02,B01
201700042495,0,07,000,00,2,1,17,A01
201700042495,0,07,000,00,2,8,15,B01
201700042496,2,07,000,00,2,3,15,A01
201700042496,1,07,000,00,2,6,01,B01
201700042497,0,07,000,14,0,3,02,A01
201700042497,0,33,000,00,2,4,23,B01
201700042497,0,07,000,14,0,5,23,C01
201700042497,0,07,000,00,2,4,23,D01
201700042498,0,07,000,00,0,0,02,A01
201700042498,0,30,000,00,0,4,00,B01
201700042499,0,07,000,00,2,2,16,A01
201700042499,0,31,000,00,2,8,00,B01
201700042500,2,34,000,00,2,1,02,A01
201700042500,2,10,000,01,0,4,02,B01
201700042501,1,33,000,15,0,3,13,A01
201700042502,2,33,000,00,2,3,02,A01
201700042502,2,07,000,00,2,6,15,B01
201700042503,1,33,000,01,0,1,05,A01
201700042504,2,33,000,00,1,1,17,A01
201700042505,1,07,000,00,1,3,01,A01
201700042506,0,07,000,01,0,3,15,A01
201700042506,0,31,000,00,2,9,13,B01
201700042507,1,10,000,00,2,7,13,B01
201700042507,1,37,000,00,2,1,07,A01
201700042508,1,07,000,00,2,1,15,A01
201700042508,2,31,000,00,2,1,01,B01
201700042509,1,07,000,00,1,4,04,A01
201700042510,2,07,000,00,1,7,01,A01
201700042511,1,07,000,00,2,4,23,A01
201700042511,1,07,000,00,2,1,02,B01
201700042512,1,07,000,00,2,3,01,B01
201700042512,0,07,000,01,2,4,24,D01
201700042512,0,10,000,00,2,5,01,Z01
201700042513,1,37,000,00,1,5,07,A01
201700042514,2,07,000,00,9,1,09,A01
201700042514,2,07,000,00,2,7,01,B01
201700042515,1,07,000,00,2,6,02,B01
201700042515,1,07,000,00,2,1,01,A01
201700042516,1,07,000,00,2,1,09,A01
201700042516,1,07,000,00,2,3,01,B01
201700042517,0,07,000,00,2,2,10,A01
201700042517,1,31,000,00,2,3,02,B01
201700042517,1,33,000,00,2,8,02,C01
201700042518,1,10,000,00,2,3,15,A01
201700042518,2,07,000,00,2,8,01,B01
201700042519,1,07,000,00,2,1,01,A01
201700042519,2,07,000,00,2,5,01,B01
201700042520,1,34,000,00,1,4,18,A01
201700042521,1,07,000,01,0,2,16,A01
201700042522,2,07,000,00,2,2,16,A01
201700042522,2,01,000,00,2,3,00,B01
201700042523,1,33,000,00,1,2,01,A01
201700042524,2,34,000,00,2,1,05,A01
201700042524,1,07,000,00,2,3,01,B01
201700042525,1,07,000,08,0,1,05,A01
201700042526,1,32,000,00,1,0,02,A01
201700042527,1,07,000,00,2,1,02,A01
201700042527,1,07,000,00,2,1,02,B01
201700042527,1,07,000,00,0,4,02,C01
201700042528,1,34,000,09,0,0,00,A01
201700042529,1,07,000,00,1,1,15,A01
201700042530,1,07,000,00,2,8,02,A01
201700042530,1,31,000,00,2,2,17,B01
201700042531,0,07,000,00,0,4,21,A01
201700042531,0,01,000,00,2,1,21,B01
201700042532,1,07,000,00,9,4,23,A01
201700042532,1,07,000,00,2,1,23,B01
201700042532,1,10,000,00,2,1,00,C01
201700042533,1,07,000,00,1,2,19,A01
201700042534,1,07,000,00,2,2,16,A01
201700042534,1,33,000,00,2,8,01,B01
201700042535,2,07,000,00,1,1,01,A01
201700042536,1,07,000,00,1,1,01,A01
201700042537,2,07,000,15,0,1,05,A01
201700042538,1,07,000,00,2,2,16,A01
201700042538,1,34,000,00,2,6,16,B01
201700042539,1,07,000,00,2,7,15,A01
201700042539,2,14,000,00,2,1,01,B01
201700042540,1,33,000,00,2,1,15,A01
201700042540,1,07,000,00,2,1,15,B01
201700042541,1,07,000,00,1,3,01,A01
201700042542,1,07,000,00,1,1,19,A01
201700042543,1,31,000,00,2,1,21,A01
201700042543,1,07,000,00,2,1,21,B01
201700042544,2,33,000,00,2,1,09,B01
201700042544,2,07,000,00,2,8,09,A01
201700042545,2,07,000,00,2,1,09,A01
201700042545,1,01,000,00,2,7,01,B01
201700042546,1,33,000,00,0,1,01,A01
201700042547,1,07,000,00,2,1,17,A01
201700042547,1,34,000,00,2,1,15,B01
201700042548,2,07,000,00,2,1,01,A01
201700042548,2,31,000,00,2,4,09,B01
201700042549,2,07,000,00,2,2,09,A01
201700042549,1,31,000,00,2,1,09,B01
201700042550,2,31,000,00,2,0,21,A01
201700042550,1,07,000,00,2,1,02,B01
201700042551,1,07,000,00,9,2,19,A01
201700042551,2,01,000,00,2,8,09,B01
201700042552,2,07,000,00,2,8,10,A01
201700042552,2,34,000,00,2,1,02,B01
201700042553,2,07,000,00,2,7,02,A01
201700042553,1,31,000,00,2,1,02,B01
201700042554,1,07,000,00,1,3,21,A01
201700042554,2,07,000,00,1,0,23,B01
201700042555,1,20,000,01,0,7,02,A01
201700042555,1,07,000,00,2,6,04,B01
201700042556,1,99,000,00,1,1,14,A01
201700042557,1,07,000,00,2,8,01,A01
201700042557,2,07,000,08,2,5,05,B01
201700042558,1,37,000,00,1,1,19,C01
201700042559,1,07,000,00,2,1,05,A01
201700042559,2,31,000,00,2,1,02,B01
201700042560,2,07,000,00,1,1,02,A01
201700042561,2,31,000,01,1,1,01,A01
201700042562,1,07,000,16,2,1,10,A01
201700042562,1,33,000,00,2,1,09,B01
201700042563,1,31,000,00,1,1,21,A01
201700042564,1,33,000,00,2,1,17,A01
201700042564,1,07,000,00,2,6,15,B01
201700042565,2,01,000,00,2,1,01,B01
201700042565,1,07,000,00,2,3,15,A01
201700042566,2,07,000,00,2,2,15,A01
201700042566,1,34,000,00,2,1,01,B01
201700042567,2,07,000,00,1,3,09,A01
201700042568,1,03,000,00,2,3,19,A01
201700042568,1,10,000,00,2,0,19,B01
201700042569,1,07,000,00,2,3,02,A01
201700042569,1,01,000,00,2,1,02,B01
201700042570,1,07,000,00,2,1,01,A01
201700042570,2,07,000,00,2,1,15,B01
201700042571,1,07,000,00,1,1,13,A01
201700042572,1,07,000,00,2,1,13,A01
201700042572,2,07,000,00,2,1,09,B01
201700042573,1,07,000,00,2,4,19,A01
201700042573,1,31,000,00,2,4,23,B01
201700042574,1,07,000,00,1,1,09,A01
201700042575,1,07,000,00,2,7,19,B01
201700042575,1,10,000,16,2,1,19,A01
201700042576,1,07,000,00,1,3,15,A01
201700042577,2,01,000,00,1,8,03,A01
201700042578,1,07,000,00,2,3,15,A01
201700042578,1,07,000,00,2,2,02,B01
201700042579,1,07,000,00,1,6,04,A01
201700042580,1,01,000,00,2,8,19,B01
201700042580,1,07,000,00,1,3,15,A01
201700042581,2,07,000,00,2,3,09,A01
201700042581,1,31,000,00,2,1,01,B01
201700042582,1,07,000,00,2,6,10,A01
201700042582,1,01,000,00,2,1,01,B01
201700042583,1,31,000,00,2,1,02,A01
201700042583,0,07,000,00,2,3,15,B01
201700042584,2,07,000,00,2,1,21,A01
201700042584,2,01,000,00,2,7,19,Y01
201700042585,1,07,000,00,2,1,01,A01
201700042585,1,07,000,00,2,1,01,B01
201700042586,1,07,000,00,1,6,04,A01
201700042587,0,02,000,00,2,1,19,A01
201700042587,0,07,000,00,2,2,02,B01
201700042588,2,01,000,00,2,5,15,A01
201700042588,2,33,000,00,2,1,17,B01
201700042588,2,07,000,00,2,6,23,C01
201700042589,2,31,000,00,1,1,17,A01
201700042590,2,07,000,00,2,3,15,A01
201700042590,2,31,000,00,2,2,17,B01
201700042591,2,31,000,00,2,2,17,A01
201700042591,1,07,000,00,2,3,10,B01
201700042592,1,07,000,00,9,1,19,A01
201700042592,1,01,000,00,2,1,00,B01
201700042593,1,07,000,00,2,3,01,A01
201700042593,2,07,000,00,2,5,04,B01
201700042594,1,07,000,00,2,4,23,A01
201700042594,1,07,000,00,2,0,01,B01
201700042595,1,07,000,00,2,1,09,A01
201700042595,2,31,000,00,2,7,17,B01
201700042596,1,07,000,00,9,3,15,A01
201700042596,1,33,000,00,2,2,11,B01
201700042597,1,07,000,00,9,3,15,A01
201700042597,1,31,000,00,2,2,02,B01
201700042598,1,10,000,00,1,7,01,A01
201700042599,1,34,000,01,0,1,01,A01
201700042599,1,07,000,00,2,4,00,B01
201700042600,2,14,000,00,2,1,09,A01
201700042600,2,07,000,00,2,1,13,B01
201700042600,2,07,000,00,2,6,23,C01
201700042600,2,07,000,00,2,4,23,D01
201700042601,1,34,000,00,1,0,19,A01