Num_Acc,senc,catv,occutc,obs,obsm,choc,manv,num_veh
201700044126,1,07,000,00,2,2,01,A01
201700044126,1,07,000,01,2,3,01,B01
201700044127,2,07,000,00,2,3,13,B01
201700044127,2,33,000,00,2,1,03,A01
201700044128,1,10,000,00,2,1,02,A01
201700044128,1,07,000,00,2,4,02,B01
201700044129,1,07,000,00,2,3,09,A01
201700044129,1,01,000,00,2,0,01,B01
201700044130,2,31,000,00,2,2,17,A01
201700044130,1,37,000,00,2,2,01,B01
201700044131,2,07,000,00,1,3,01,A01
201700044132,1,01,000,00,0,0,02,Z01
201700044133,2,07,000,00,1,3,21,A01
201700044134,1,10,000,01,1,2,01,A01
201700044134,1,07,000,00,2,3,22,B01
201700044135,1,07,000,00,2,2,15,B01
201700044135,1,31,000,00,2,1,03,A01
201700044136,2,07,000,00,1,0,00,Z01
201700044137,2,07,000,00,2,8,01,B01
201700044137,2,10,000,00,2,1,01,A01
201700044138,1,07,000,00,1,1,01,A01
201700044139,1,07,000,00,2,2,12,A01
201700044139,1,07,000,00,2,6,01,B01
201700044140,1,07,000,00,2,1,02,A01
201700044140,1,07,000,00,2,4,02,B01
201700044140,1,07,000,00,2,4,02,C01
201700044141,1,07,000,00,1,2,16,A01
201700044142,1,07,000,00,1,1,01,A01
201700044143,1,07,000,00,1,1,15,A01
201700044144,1,07,000,00,1,1,15,A01
201700044145,2,07,000,00,2,1,01,A01
201700044145,2,07,000,00,2,3,01,B01
201700044146,1,07,000,00,1,1,19,Z01
201700044147,2,07,000,00,2,1,16,A01
201700044147,2,07,000,00,2,3,01,B01
201700044148,1,07,000,00,1,1,16,Z01
201700044149,2,07,000,00,2,4,23,B01
201700044149,2,07,000,00,2,4,23,C01
201700044149,2,07,000,00,2,1,23,A01
201700044150,1,07,000,00,2,1,13,A01
201700044150,2,07,000,00,2,3,01,B01
201700044151,1,31,000,00,1,1,16,A01
201700044152,1,07,000,00,2,2,14,A01
201700044153,2,07,000,01,0,2,14,A01
201700044154,1,10,000,00,1,1,01,A01
201700044155,1,13,000,00,1,2,01,A01
201700044156,1,07,000,00,1,3,21,A01
201700044157,2,07,000,00,2,8,01,A01
201700044157,1,07,000,01,2,6,20,B01
201700044158,1,07,000,00,2,2,01,A01
201700044158,1,07,000,00,2,3,01,B01
201700044159,2,07,000,00,1,3,15,A01
201700044160,1,37,003,00,1,5,13,A01
201700044161,2,07,000,15,0,8,01,A01
201700044162,1,07,000,00,1,3,01,Z01
201700044163,1,31,000,00,2,2,13,A01
201700044163,1,07,000,00,2,3,14,B01
201700044164,2,07,000,08,1,1,17,A01
201700044165,2,07,000,00,2,7,15,A01
201700044165,1,07,000,00,2,1,01,B01
201700044166,2,07,000,00,2,3,09,A01
201700044166,1,33,000,00,2,1,01,B01
201700044167,1,33,000,14,0,1,11,A01
201700044168,2,07,000,00,1,7,01,A01
201700044169,1,07,000,00,1,2,01,A01
201700044170,2,07,000,12,1,3,01,A01
201700044171,1,36,000,02,0,1,14,A01
201700044172,1,15,000,00,2,7,01,B01
201700044172,2,07,000,00,2,3,16,A01
201700044173,1,07,000,00,2,7,09,A01
201700044173,1,37,003,00,2,1,09,B01
201700044174,1,07,000,00,2,8,22,A01
201700044174,1,01,000,01,0,1,07,B01
201700044175,1,07,000,00,2,2,15,A01
201700044175,1,07,000,00,2,1,02,B01
201700044176,2,07,000,00,2,1,01,A01
201700044176,1,07,000,00,2,5,15,B01
201700044177,1,33,000,00,2,1,01,A01
201700044177,1,07,000,00,2,5,15,B01
201700044178,1,07,000,00,2,8,11,A01
201700044178,1,10,000,00,2,2,17,B01
201700044179,1,07,000,00,2,3,13,A01
201700044179,1,34,000,00,2,7,17,B01
201700044180,2,07,000,00,2,2,09,A01
201700044180,2,07,000,00,2,3,01,B01
201700044181,2,07,000,00,1,0,15,A01
201700044182,1,07,000,00,2,3,01,B01
201700044182,2,34,000,00,2,1,17,A01
201700044183,1,33,000,00,2,1,01,B01
201700044183,1,07,000,00,2,7,15,A01
201700044184,2,34,000,00,2,1,01,A01
201700044184,2,07,000,00,2,6,15,B01
201700044185,2,33,000,00,0,8,15,A01
201700044186,1,33,000,15,0,3,14,A01
201700044187,1,07,000,00,2,1,00,A01
201700044187,1,07,000,12,0,3,00,B01
201700044188,1,07,000,00,1,1,01,A01
201700044189,1,34,000,00,2,1,01,B01
201700044189,2,10,000,00,2,1,15,A01
201700044190,1,07,000,00,1,1,15,A01
201700044191,1,07,000,00,2,1,01,B01
201700044191,2,99,000,00,2,7,15,A01
201700044192,1,07,000,00,2,3,11,B01
201700044192,1,07,000,00,2,1,02,A01
201700044193,1,34,000,00,2,7,01,B01
201700044193,1,07,000,00,2,3,10,A01
201700044194,1,07,000,04,0,1,14,A01
201700044195,1,07,000,00,2,8,10,A01
201700044195,1,37,000,00,2,2,01,B01
201700044196,2,31,000,00,2,8,18,A01
201700044196,2,07,000,00,2,7,16,B01
201700044197,1,07,000,00,2,1,01,B01
201700044197,1,10,000,00,2,1,16,A01
201700044198,1,07,000,15,0,1,01,A01
201700044199,1,07,000,00,1,3,01,A01
201700044200,2,07,000,00,0,3,02,A01
201700044200,2,07,000,00,0,1,02,B01
201700044201,2,07,000,00,2,5,23,B01
201700044201,2,07,000,00,2,2,02,A01
201700044202,1,07,000,01,2,2,13,A01
201700044202,1,07,000,00,2,6,02,B01
201700044202,1,37,000,00,2,6,07,C01
201700044203,2,07,000,00,2,4,02,B01
201700044203,2,15,000,00,2,1,02,A01
201700044204,1,07,000,00,2,4,02,B01
201700044204,1,07,000,00,2,1,02,A01
201700044205,1,31,000,00,2,1,01,A01
201700044205,1,07,000,00,2,3,01,B01
201700044206,1,13,000,01,0,2,01,A01
201700044207,1,07,000,00,2,8,13,A01
201700044207,1,33,000,00,2,1,21,B01
201700044208,1,31,000,00,0,8,01,A01
201700044209,2,07,000,00,2,6,02,B01
201700044209,2,34,000,00,2,2,02,A01
201700044210,1,07,000,00,2,1,09,B01
201700044210,1,07,000,00,2,3,09,A01
201700044211,2,07,000,00,2,6,13,A01
201700044211,1,30,000,00,2,1,17,B01
201700044212,1,07,000,00,2,8,10,A01
201700044212,1,02,000,00,2,1,01,B01
201700044213,2,07,000,00,2,3,15,B01
201700044213,2,07,000,00,2,4,04,Z01
201700044214,1,33,000,00,1,1,01,A01
201700044215,1,10,000,00,2,3,15,A01
201700044215,1,07,000,09,2,3,01,B01
201700044216,1,07,000,00,2,4,23,B01
201700044216,1,10,000,00,2,1,02,A01
201700044217,1,07,000,10,2,5,17,B01
201700044217,1,07,000,00,2,3,17,A01
201700044218,2,07,000,10,2,4,21,C01
201700044218,2,07,000,10,2,1,21,A01
201700044218,2,31,000,10,2,4,21,B01
201700044219,2,07,000,00,1,2,16,A01
201700044220,1,07,000,00,1,3,19,A01
201700044221,1,37,000,00,1,2,15,A01
201700044222,1,07,000,00,2,8,00,A01
201700044222,1,07,000,00,2,1,01,B01
201700044223,1,07,000,00,2,1,02,A01
201700044223,1,07,000,00,2,4,02,B01
201700044224,1,07,000,12,1,2,15,A01
201700044225,0,07,000,15,0,1,24,C01
201700044225,1,07,000,00,2,2,01,B01
201700044225,1,07,000,01,2,1,16,A01
201700044226,1,07,000,00,2,1,02,A01
201700044226,1,07,000,00,2,4,02,B01
201700044227,1,07,000,00,1,4,04,A01
201700044228,2,07,000,00,1,1,13,A01
201700044229,1,10,000,00,1,1,02,A01
201700044230,0,07,000,00,2,1,01,B01
201700044230,0,07,000,00,2,2,01,A01
201700044231,2,30,000,00,2,1,02,B01
201700044231,2,07,000,00,2,3,09,A01
201700044232,1,33,000,00,2,1,01,A01
201700044232,1,14,000,00,0,4,23,B01
201700044233,1,07,000,00,1,2,01,A01
201700044234,1,07,000,00,2,2,15,A01
201700044234,1,02,000,00,2,3,01,B01
201700044235,2,07,000,00,0,0,07,A01
201700044235,1,02,000,00,2,0,14,B01
201700044236,0,07,000,00,1,3,01,B01
201700044236,0,07,000,00,1,1,01,A01
201700044237,0,07,000,00,1,1,01,A01
201700044238,2,37,009,00,1,2,01,A01
201700044239,0,07,000,00,0,0,00,A01
201700044240,0,07,000,00,1,8,02,A01
201700044241,0,07,000,00,0,8,01,A01
201700044242,0,33,000,00,1,3,01,A01
201700044243,0,07,000,08,2,7,01,A01
201700044243,0,10,000,00,2,3,01,B01
201700044244,0,37,003,12,0,2,14,A01
201700044245,0,99,000,00,2,1,15,A01
201700044245,0,07,000,00,2,8,00,B01
201700044246,2,07,000,00,2,3,21,A01
201700044246,1,07,000,00,2,1,00,B01
201700044247,0,07,000,00,2,2,01,B01
201700044247,0,07,000,02,2,8,20,A01
201700044248,2,34,000,00,2,1,01,B01
201700044248,1,07,000,00,2,7,15,A01
201700044249,1,07,000,14,0,1,02,A01
201700044249,1,07,000,14,0,1,23,B01
201700044249,1,07,000,00,0,4,23,C01
201700044250,2,07,000,00,2,3,01,A01
201700044250,2,07,000,00,2,5,11,B01
201700044251,2,07,000,00,2,3,15,A01
201700044251,1,32,000,00,2,1,01,B01
201700044252,0,07,000,00,2,3,01,B01
201700044252,0,31,000,00,2,7,01,A01
201700044253,1,07,000,12,2,8,00,B01
201700044253,2,07,000,00,2,7,15,A01
201700044254,0,07,000,00,2,1,15,A01
201700044254,0,07,000,00,2,3,01,B01
201700044255,0,01,000,00,2,1,15,B01
201700044255,0,07,000,00,9,2,01,A01
201700044256,1,33,000,04,2,2,16,B01
201700044256,1,07,000,00,2,7,16,A01
201700044257,0,02,000,00,2,1,16,B01
201700044257,0,07,000,00,0,1,15,A01
201700044258,1,07,000,00,1,1,01,A01
201700044259,0,37,026,00,1,1,02,A01
201700044260,0,07,000,00,2,8,11,A01
201700044260,0,33,000,00,2,7,17,B01
201700044261,0,33,000,00,2,2,01,A01
201700044261,0,07,000,00,2,1,01,B01
201700044262,0,15,000,01,1,7,15,A01
201700044263,0,07,000,00,2,7,23,A01
201700044263,0,33,000,01,0,1,18,B01
201700044264,1,07,000,15,0,2,11,A01
201700044265,2,07,000,00,1,7,01,A01
201700044266,2,07,000,15,0,1,00,A01
201700044267,0,07,000,00,1,1,00,A01
201700044268,0,10,000,00,2,3,02,A01
201700044268,0,13,000,00,2,3,02,B01
201700044269,0,33,000,00,2,1,02,B01
201700044269,0,07,000,00,0,2,09,A01
201700044270,0,02,000,00,1,1,02,A01
201700044271,0,07,000,00,1,3,13,A01
201700044272,0,07,000,00,1,2,01,A01
201700044273,0,07,000,00,0,8,10,A01
201700044273,0,07,000,00,2,2,01,B01
201700044274,1,07,000,00,1,1,01,A01
201700044275,0,32,000,00,2,8,01,B01
201700044275,0,10,000,00,2,1,15,A01
201700044276,1,07,000,00,2,1,01,A01
201700044276,0,07,000,00,2,7,01,B01
201700044277,2,07,000,00,1,7,00,A01
201700044278,0,31,000,00,2,1,17,A01
201700044278,0,07,000,00,2,6,15,B01
201700044279,1,30,000,01,2,8,01,B01
201700044279,1,07,000,00,2,7,12,A01
201700044280,0,02,000,00,1,1,01,A01
201700044281,0,07,000,00,2,2,01,A01
201700044281,0,07,000,00,2,3,01,B01
201700044282,0,32,000,00,2,7,17,B01
201700044282,0,07,000,00,2,8,10,A01
201700044283,0,07,000,00,1,1,00,A01
201700044284,1,07,000,00,2,9,19,A01
201700044284,1,07,000,00,2,4,01,B01
201700044284,2,07,000,00,2,3,01,C01
201700044285,0,37,001,00,1,1,00,A01
201700044286,0,07,000,00,2,4,23,B01
201700044286,0,30,000,00,2,1,01,A01
201700044287,0,07,000,16,0,9,00,A01
201700044288,0,07,000,00,1,4,04,A01
201700044289,0,07,000,00,2,6,05,A01
201700044289,0,07,000,00,2,5,24,B01
201700044290,0,07,000,00,2,6,13,A01
201700044290,0,07,000,00,2,7,02,B01
201700044291,1,07,000,00,2,8,01,Z01
201700044291,1,33,000,00,2,7,12,B01
201700044292,0,31,000,00,2,1,20,A01
201700044292,0,01,000,00,2,8,09,B01
201700044293,0,31,000,00,2,1,01,A01
201700044293,0,01,000,00,2,8,19,B01
201700044294,0,07,000,00,1,1,01,A01
201700044295,0,07,000,00,1,8,00,A01
201700044296,1,07,000,02,0,1,01,A01
201700044297,0,07,000,00,1,1,01,A01
201700044298,0,07,000,00,2,8,01,C01
201700044298,0,07,000,00,0,8,01,B01
201700044298,0,07,000,00,2,3,01,A01
201700044299,0,01,000,00,2,7,09,B01
201700044299,0,30,000,00,2,8,18,A01
201700044300,0,07,000,00,2,7,19,A01
201700044300,0,37,002,00,2,1,01,B01
201700044301,0,07,000,04,0,9,01,A01
201700044302,1,07,000,00,2,3,09,A01
201700044302,1,32,000,00,2,1,01,B01
201700044303,0,07,000,00,1,1,02,A01
201700044304,0,07,000,00,9,9,17,A01
201700044305,0,10,000,00,2,4,04,A01
201700044305,0,32,000,00,2,1,02,B01
201700044306,0,01,000,00,2,1,02,B01
201700044306,0,07,000,00,2,1,13,A01
201700044307,0,07,000,00,0,7,01,A01
201700044307,0,07,000,00,0,5,20,B01
201700044308,0,07,000,00,2,1,02,A01
201700044308,0,07,000,00,2,4,01,B01
201700044309,0,07,000,00,1,4,20,A01
201700044310,0,33,000,00,2,1,02,B01
201700044310,0,13,000,00,2,4,23,A01
201700044311,0,13,000,00,1,8,15,A01
201700044312,0,07,000,04,0,2,09,A01
201700044313,0,07,000,00,2,3,17,A01
201700044313,0,37,004,00,2,3,02,B01
201700044314,0,07,000,00,9,1,00,A01
201700044315,0,01,000,00,2,1,19,B01
201700044315,0,07,000,00,2,1,00,A01
201700044316,0,07,000,00,0,1,16,A01
201700044317,0,37,001,00,1,1,01,A01
201700044318,0,07,000,00,2,4,01,B01
201700044318,0,07,000,00,2,4,01,C01
201700044318,0,07,000,00,2,1,01,A01
201700044319,0,07,000,00,1,1,01,A01
201700044320,0,07,000,00,2,1,01,A01
201700044320,0,07,000,00,0,4,02,B01
201700044321,0,07,000,00,2,1,01,A01
201700044321,0,07,000,00,2,1,09,B01
201700044322,0,02,000,00,2,8,13,A01
201700044323,0,07,000,00,2,7,02,B01
201700044323,0,07,000,00,2,2,02,A01
201700044324,0,07,000,00,2,1,15,A01
201700044324,0,07,000,00,2,3,09,B01
201700044325,0,10,000,00,1,3,09,A01
201700044326,0,07,000,00,2,3,11,A01
201700044326,0,33,000,09,0,7,01,B01
201700044327,2,07,000,00,2,4,20,A01
201700044327,2,30,000,00,2,1,01,B01
201700044328,0,07,000,01,0,2,00,A01
201700044329,0,07,000,14,2,2,02,A01
201700044330,1,07,000,00,2,8,10,A01
201700044330,1,33,000,00,2,7,01,B01
201700044331,1,07,000,00,2,4,23,B01
201700044331,1,10,000,00,2,1,02,A01
201700044332,0,07,000,00,1,0,00,A01
201700044333,0,07,000,00,2,1,14,A01
201700044333,0,07,000,00,2,6,01,C01
201700044333,0,07,000,00,2,5,01,B01
201700044334,0,01,000,00,1,1,02,A01
201700044335,0,07,000,00,2,1,14,A01
201700044335,0,02,000,00,2,8,15,B01
201700044336,2,10,000,00,1,1,01,A01
201700044337,0,07,000,00,2,1,02,B01
201700044337,0,14,000,00,2,1,12,A01
201700044338,0,07,000,00,1,7,09,A01
201700044339,0,33,000,00,2,7,02,A01
201700044339,0,07,000,00,0,0,01,B01
201700044340,0,07,000,00,0,1,00,A01
201700044340,0,07,000,00,0,4,00,B01
201700044341,0,10,000,00,2,1,02,A01
201700044341,0,07,000,00,2,4,23,B01
201700044342,0,07,000,00,0,1,00,A01
201700044342,0,01,000,00,2,7,00,B01
201700044343,0,14,000,00,2,4,00,A01
201700044343,0,17,000,00,2,1,00,B01
201700044344,0,02,000,00,2,0,09,A01
201700044345,0,07,000,00,1,1,10,A01
201700044346,0,07,000,00,2,7,01,A01
201700044346,0,07,000,00,2,1,16,B01
201700044347,0,07,000,00,0,1,01,A01
201700044347,0,07,000,00,0,8,01,B01
201700044348,0,07,000,00,2,5,13,A01
201700044348,0,07,000,01,2,9,14,B01
201700044349,0,13,000,00,2,1,02,A01
201700044349,0,13,000,00,2,4,02,B01
201700044350,0,07,000,00,1,2,01,A01
201700044351,0,07,000,00,2,1,15,B01
201700044351,0,07,000,00,2,1,01,A01
201700044352,0,07,000,00,1,1,01,A01
201700044353,0,31,000,00,0,9,02,A01
201700044354,0,07,000,00,1,1,01,A01
201700044355,0,07,000,08,0,1,00,A01
201700044356,0,07,000,00,2,1,02,A01
201700044356,0,33,000,00,2,4,02,B01
201700044357,0,30,000,00,2,1,00,A01
201700044357,0,07,000,00,2,4,00,Z01
201700044358,0,07,000,00,2,1,02,A01
201700044358,0,07,000,00,2,4,02,B01
201700044359,2,07,000,00,1,2,18,A01
201700044360,1,10,000,00,2,1,02,A01
201700044360,1,07,000,00,2,4,23,B01
201700044361,2,07,000,00,2,3,21,A01
201700044361,2,07,000,00,2,4,23,B01
201700044362,1,10,000,00,2,1,23,A01
201700044362,1,07,000,00,2,4,23,B01
201700044363,1,33,000,00,1,1,21,A01
201700044364,1,07,000,00,2,4,23,A01
201700044364,1,07,000,00,2,1,02,B01
201700044365,1,07,000,00,2,8,15,A01
201700044365,1,07,000,00,2,2,02,B01
201700044366,1,07,000,00,1,2,01,A01
201700044367,1,07,000,00,2,1,12,A01
201700044367,1,10,000,00,2,4,01,B01
201700044367,1,07,000,00,2,6,01,C01
201700044368,1,37,002,00,2,7,19,A01
201700044368,2,01,000,00,2,1,19,B01
201700044369,2,07,000,12,0,2,14,A01
201700044370,1,07,000,00,2,1,01,A01
201700044370,1,07,000,00,2,4,23,B01
201700044370,1,07,000,00,2,4,23,C01
201700044370,1,07,000,00,2,4,23,D01
201700044371,1,37,003,00,2,2,01,A01
201700044372,1,07,000,04,2,8,01,A01
201700044372,1,10,000,04,2,7,17,B01
201700044373,2,07,000,00,2,5,20,A01
201700044373,1,31,000,00,2,1,02,B01
201700044374,1,07,000,00,2,1,02,A01
201700044374,1,07,000,00,2,4,02,B01
201700044375,1,33,000,00,2,1,17,A01
201700044375,2,07,000,00,2,1,09,B01
201700044376,1,07,000,00,2,1,02,A01
201700044376,1,07,000,00,9,4,23,B01
201700044377,1,07,000,00,2,2,15,A01
201700044377,2,34,000,00,2,1,01,B01
201700044378,1,07,000,00,2,7,07,A01
201700044378,1,37,002,00,2,6,01,B01
201700044379,1,07,000,01,2,2,01,A01
201700044379,1,07,000,00,2,3,24,B01
201700044380,1,07,000,00,1,1,19,A01
201700044381,1,07,000,00,2,1,02,A01
201700044381,1,07,000,00,2,4,02,B01
201700044382,1,37,003,00,2,1,19,B01
201700044382,2,07,000,00,2,3,19,A01
201700044383,1,99,000,00,2,1,14,A01
201700044383,1,07,000,00,2,4,07,B01
201700044384,1,33,000,00,0,7,01,A01
201700044385,1,07,000,01,1,1,21,A01
201700044386,0,07,000,00,2,2,15,A01
201700044386,0,01,000,00,2,1,01,B01
201700044387,1,07,000,00,1,2,01,A01
201700044388,1,07,000,00,1,2,01,A01
201700044389,1,37,003,00,2,2,21,B01
201700044389,1,07,000,00,2,3,16,A01
201700044390,1,07,000,00,2,3,09,A01
201700044390,1,33,000,00,2,2,11,B01
201700044391,1,07,000,00,2,2,02,A01
201700044391,1,07,000,00,2,4,02,B01
201700044392,2,07,000,00,2,1,15,A01
201700044392,1,07,000,00,2,1,01,B01
201700044393,1,07,000,04,9,1,09,A01
201700044394,2,07,000,00,2,1,02,A01
201700044394,2,33,000,00,2,4,02,B01
201700044395,2,07,000,00,2,1,09,B01
201700044395,1,07,000,00,2,5,16,A01
201700044396,1,07,000,00,2,1,00,Z01
201700044396,1,32,000,00,2,1,02,B01
201700044397,2,10,000,00,2,6,23,C01
201700044397,2,07,000,00,2,5,23,B01
201700044397,2,07,000,00,2,2,12,A01
201700044398,1,07,000,00,2,3,21,B01
201700044398,2,34,000,00,2,1,17,A01
201700044399,2,07,000,00,2,5,15,B01
201700044399,1,07,000,00,2,1,01,A01
201700044400,2,07,000,00,2,3,19,B01
201700044400,2,07,000,08,2,1,15,A01
201700044401,1,07,000,00,2,1,09,A01
201700044401,1,07,000,00,2,7,16,B01
201700044402,2,07,000,00,2,3,01,B01
201700044402,2,07,000,00,2,2,14,A01
201700044403,1,07,000,00,2,4,23,C01
201700044403,1,07,000,00,2,9,23,B01
201700044403,1,14,000,00,2,1,02,A01
201700044404,2,07,000,00,2,3,09,B01
201700044404,1,33,000,00,2,1,15,A01
201700044405,1,30,000,00,0,7,19,A01
201700044405,1,37,000,00,0,1,01,B01
201700044406,1,33,000,00,2,7,16,A01
201700044406,1,10,000,00,2,8,15,B01
201700044407,1,07,000,00,2,4,23,C01
201700044407,1,07,000,00,2,1,02,A01
201700044407,1,07,000,00,2,4,02,B01
201700044408,1,34,000,00,2,8,18,B01
201700044408,1,99,000,00,2,2,12,A01
201700044409,1,34,000,00,2,1,01,A01
201700044409,1,01,000,00,2,7,19,B01
201700044410,1,07,000,00,1,1,01,A01
201700044411,1,33,000,14,0,0,19,A01
201700044412,2,07,000,00,2,1,01,A01
201700044412,1,07,000,00,2,3,15,B01
201700044413,0,33,000,00,2,3,13,A01
201700044413,0,07,000,00,2,7,02,B01
201700044414,1,10,000,00,2,4,20,Z01
201700044415,1,07,000,00,1,3,01,A01
201700044416,2,07,000,00,2,3,23,B01
201700044416,1,07,000,00,2,3,13,A01
201700044417,2,07,000,00,2,4,23,B01
201700044417,2,07,000,00,2,3,02,A01
201700044418,1,07,000,00,1,7,01,A01
201700044419,2,07,000,00,2,1,15,A01
201700044419,1,33,000,00,2,1,01,B01
201700044420,1,07,000,00,2,4,02,B01
201700044420,1,33,000,00,2,9,02,A01
201700044421,1,07,000,00,0,0,01,A01
201700044422,1,07,000,00,2,8,15,B01
201700044422,1,31,000,00,2,1,19,A01
201700044423,1,07,000,00,1,1,00,A01
201700044424,1,07,000,00,1,1,19,A01
201700044424,1,01,000,00,2,3,19,B01
201700044425,1,33,000,00,2,1,01,B01
201700044425,1,07,000,00,2,4,15,A01
201700044426,1,07,000,00,2,2,15,A01
201700044426,2,33,000,00,2,1,19,B01
201700044427,1,07,000,00,1,1,15,A01
201700044428,1,34,000,00,1,1,05,A01
201700044429,1,07,000,00,2,3,02,A01
201700044429,1,33,000,00,2,4,02,B01
201700044430,1,07,000,00,2,1,02,B01
201700044430,2,07,000,00,2,4,02,A01
201700044431,1,07,000,00,2,1,19,A01
201700044431,1,07,000,00,9,4,11,B01
201700044432,1,07,000,04,0,3,09,A01
201700044432,1,07,000,16,2,5,01,B01
201700044433,1,07,000,00,2,1,02,A01
201700044433,1,07,000,00,2,4,02,B01
201700044433,1,07,000,00,2,0,23,C01
201700044433,1,07,000,00,2,4,23,D01
201700044434,1,07,000,00,1,3,02,A01
201700044435,1,07,000,00,0,4,02,B01
201700044435,1,07,000,00,2,4,23,A01
201700044436,1,37,000,00,2,3,02,A01
201700044436,1,07,000,00,1,4,02,C01
201700044436,1,07,000,00,2,4,02,B01
201700044437,1,07,000,00,1,2,01,A01
201700044438,1,07,000,00,2,1,01,B01
201700044438,1,01,000,00,2,1,01,A01
201700044439,1,07,000,00,1,1,16,A01
201700044440,1,31,000,00,2,1,01,B01
201700044440,1,07,000,00,2,7,16,A01
201700044441,1,07,000,10,2,1,02,A01
201700044441,1,07,000,00,2,4,02,B01
201700044442,1,07,000,04,2,1,15,A01
201700044443,1,10,000,00,2,1,12,A01
201700044443,1,07,000,00,2,4,02,B01
201700044444,1,07,000,00,2,1,23,A01
201700044444,1,10,000,00,2,4,02,C01
201700044444,1,07,000,00,2,0,23,B01
201700044444,1,07,000,00,2,4,23,D01
201700044445,1,07,000,00,2,8,09,A01
201700044445,1,31,000,00,2,1,01,B01
201700044446,1,10,000,00,2,3,15,A01
201700044446,1,10,000,00,2,1,02,B01
201700044447,1,07,000,00,1,1,15,A01
201700044448,1,07,000,00,0,0,15,A01
201700044448,2,33,000,00,0,8,02,B01
201700044449,1,07,000,00,1,1,09,A01
201700044450,1,07,000,00,2,2,02,A01
201700044450,1,07,000,14,2,4,02,B01
201700044451,1,07,000,00,1,1,02,A01
201700044452,1,07,000,00,2,1,02,A01
201700044452,1,13,000,00,2,4,02,B01
201700044453,1,37,000,00,2,1,07,A01
201700044453,0,07,000,00,2,7,16,B01
201700044454,1,07,000,00,1,2,02,A01
201700044455,1,07,000,00,2,1,01,A01
201700044455,1,07,000,00,2,4,00,B01
201700044455,1,07,000,00,2,4,00,C01
201700044455,1,07,000,00,2,4,00,D01
201700044456,2,07,000,00,2,8,09,A01
201700044456,2,07,000,00,2,6,09,B01
201700044457,1,07,000,00,2,1,01,A01
201700044457,1,07,000,00,2,6,11,B01
201700044458,1,07,000,06,0,1,15,A01
201700044459,1,07,000,00,1,1,01,A01
201700044460,0,07,000,00,1,0,15,A01
201700044461,1,07,000,00,2,3,15,A01
201700044461,2,31,000,01,2,1,01,B01
201700044462,1,31,000,00,0,8,17,A01
201700044462,0,34,000,00,2,1,21,B01
201700044463,1,07,000,00,1,3,01,A01
201700044464,2,07,000,00,2,1,23,B01
201700044464,1,07,000,14,2,1,01,A01
201700044465,1,07,000,12,2,2,02,A01
201700044465,1,07,000,00,2,6,09,B01
201700044466,1,07,000,00,2,1,01,B01
201700044466,1,07,000,00,2,2,01,A01
201700044467,1,37,000,01,0,5,17,A01
201700044467,1,07,000,00,2,6,22,B01
201700044468,1,10,000,00,2,1,07,A01
201700044468,1,07,000,09,0,4,23,B01
201700044469,1,07,000,00,2,8,09,A01
201700044469,1,07,000,00,2,8,23,B01
201700044469,1,07,000,00,2,6,23,C01
201700044469,1,07,000,00,2,6,23,D01
201700044470,1,07,000,09,0,1,14,A01
201700044471,0,32,000,00,2,2,01,B01
201700044471,0,32,000,00,2,1,01,C01
201700044471,0,07,000,00,2,3,05,A01
201700044472,0,07,000,00,1,2,01,A01
201700044473,0,07,000,00,1,1,15,A01
201700044474,1,32,000,00,2,1,01,B01
201700044474,2,07,000,00,2,3,15,A01
201700044475,0,07,000,00,1,1,02,A01
201700044476,0,07,000,00,2,3,15,A01
201700044476,0,30,000,00,2,8,02,B01
201700044477,0,07,000,00,0,1,00,A01
201700044477,0,07,000,00,0,1,02,B01
201700044478,0,07,000,00,0,2,20,A01
201700044478,0,33,000,00,2,3,21,B01
201700044479,0,33,000,00,2,2,03,A01
201700044480,0,10,000,00,0,0,11,Z01
201700044480,0,34,000,00,2,2,00,A01
201700044480,0,07,000,00,9,2,01,B01
201700044481,1,34,000,01,2,1,17,B01
201700044481,1,07,000,08,0,8,13,A01
201700044482,2,07,000,00,2,1,02,A01
201700044482,2,07,000,00,2,4,02,B01
201700044483,1,07,000,00,2,3,02,A01
201700044483,1,07,000,00,2,3,01,B01
201700044484,0,02,000,00,2,1,00,A01
201700044484,0,07,000,00,2,3,09,B01
201700044485,2,07,000,00,1,3,01,A01
201700044486,0,07,000,00,2,0,09,B01
201700044486,0,07,000,00,2,1,01,C01
201700044486,0,34,000,00,2,7,01,D01
201700044486,0,07,000,00,2,3,21,A01
201700044487,0,07,000,00,0,4,20,A01
201700044487,0,02,000,00,2,0,01,B01
201700044488,0,02,000,00,2,1,17,A01
201700044488,0,03,000,00,2,3,15,B01
201700044489,0,07,000,00,1,1,01,A01
201700044490,0,01,000,00,0,1,00,A01
201700044491,0,07,000,00,1,1,01,A01
201700044492,0,07,000,00,0,3,01,A01
201700044492,0,34,000,00,0,5,01,B01
201700044493,0,10,000,00,0,1,01,A01
201700044493,0,07,000,00,0,4,12,B01
201700044494,2,34,000,00,2,1,01,B01
201700044494,1,07,000,00,2,7,15,A01
201700044495,0,01,000,00,1,1,00,A01
201700044496,0,07,000,00,2,5,04,A01
201700044496,0,01,000,00,2,7,01,B01
201700044497,0,07,000,00,2,3,15,A01