Num_Acc,senc,catv,occutc,obs,obsm,choc,manv,num_veh
201700045263,0,30,000,00,2,1,01,B01
201700045263,0,07,000,00,2,2,01,A01
201700045264,0,07,000,00,2,1,01,A01
201700045264,0,13,000,00,2,6,01,B01
201700045265,0,07,000,00,2,1,01,B01
201700045265,0,01,000,00,2,8,15,A01
201700045266,0,07,000,00,1,1,15,A01
201700045267,0,07,000,00,2,2,01,A01
201700045267,0,07,000,00,2,3,01,B01
201700045268,1,07,000,01,0,1,01,A01
201700045269,0,07,000,00,1,1,15,A01
201700045270,1,07,000,00,2,3,15,A01
201700045270,2,33,000,01,2,2,21,B01
201700045271,2,10,000,00,2,5,01,A01
201700045271,2,07,000,00,2,3,01,B01
201700045272,0,07,000,00,1,1,15,A01
201700045273,0,01,000,00,2,1,01,A01
201700045273,0,07,000,00,2,3,01,B01
201700045274,0,07,000,00,2,1,01,B01
201700045274,0,07,000,00,2,1,16,A01
201700045275,1,37,010,00,0,0,01,A01
201700045275,0,07,000,00,0,0,15,B01
201700045276,2,07,000,00,1,0,02,A01
201700045277,0,33,000,00,2,1,01,A01
201700045277,0,07,000,00,2,7,01,B01
201700045278,0,10,000,00,2,3,01,A01
201700045278,0,33,000,00,0,4,09,B01
201700045279,0,30,000,00,2,1,02,A01
201700045279,0,07,000,00,0,6,02,B01
201700045280,2,07,000,00,1,3,02,A01
201700045281,0,07,000,00,2,7,01,A01
201700045281,2,10,000,00,2,1,01,B01
201700045282,1,07,000,00,1,2,15,A01
201700045283,1,32,000,11,0,1,13,A01
201700045284,0,30,000,00,2,1,01,B01
201700045284,0,07,000,00,2,1,15,A01
201700045285,2,33,000,00,0,4,02,A01
201700045285,2,07,000,00,2,1,02,B01
201700045286,0,37,000,00,1,2,16,A01
201700045287,0,07,000,00,2,3,09,A01
201700045287,0,02,000,00,2,2,01,B01
201700045288,0,30,000,00,0,4,01,A01
201700045288,0,07,000,00,0,4,00,B01
201700045289,1,07,000,00,2,7,01,A01
201700045289,2,07,000,00,2,2,01,B01
201700045290,0,07,000,00,2,7,02,A01
201700045290,0,07,000,00,2,1,02,B01
201700045291,2,07,000,00,2,1,01,A01
201700045291,2,07,000,09,0,3,01,B01
201700045292,2,10,000,00,2,1,02,A01
201700045292,0,07,000,00,2,8,19,B01
201700045293,0,34,000,00,2,1,02,A01
201700045293,0,07,000,00,2,5,02,B01
201700045294,0,07,000,00,1,6,04,A01
201700045295,0,07,000,00,2,1,00,A01
201700045295,0,07,000,00,2,3,00,B01
201700045296,0,37,001,00,0,5,02,B01
201700045296,0,01,000,01,2,3,11,A01
201700045297,0,01,000,00,0,0,02,A01
201700045297,0,37,000,00,1,2,02,B01
201700045298,0,10,000,00,2,0,01,A01
201700045298,0,33,000,00,2,0,15,B01
201700045299,0,07,000,02,0,1,14,A01
201700045300,0,07,000,00,0,8,01,B01
201700045300,0,01,000,00,2,1,01,A01
201700045301,2,30,000,00,0,0,00,A01
201700045302,0,07,000,00,0,8,01,A01
201700045302,0,33,000,00,2,2,01,B01
201700045303,1,07,000,01,0,3,13,A01
201700045304,1,07,000,00,2,2,10,A01
201700045304,2,31,000,00,2,1,01,B01
201700045305,0,34,000,00,0,8,19,A01
201700045306,1,07,000,02,0,1,13,A01
201700045307,1,14,000,02,0,1,13,A01
201700045308,2,10,000,00,2,2,19,A01
201700045308,1,07,000,00,2,3,01,B01
201700045309,1,07,000,00,2,2,01,A01
201700045309,2,33,000,00,2,1,01,B01
201700045310,0,07,000,00,2,2,01,A01
201700045310,1,30,000,00,2,1,01,B01
201700045311,1,99,000,00,2,4,01,B01
201700045311,1,07,000,00,9,2,17,Z01
201700045312,1,30,000,00,2,1,08,A01
201700045312,2,07,000,00,2,2,15,B01
201700045313,1,34,000,00,2,1,09,A01
201700045313,2,07,000,00,2,3,01,B01
201700045314,1,07,000,00,2,1,09,A01
201700045314,1,30,000,00,2,8,01,B01
201700045315,2,33,000,00,2,1,01,A01
201700045315,1,07,000,00,2,3,15,B01
201700045316,1,07,000,00,2,2,01,A01
201700045316,1,07,000,00,2,3,01,B01
201700045317,2,07,000,00,2,2,01,A01
201700045317,1,07,000,00,2,3,01,B01
201700045318,0,07,000,00,2,1,19,A01
201700045318,0,07,000,08,2,8,19,B01
201700045319,2,99,000,00,2,1,01,A01
201700045319,1,07,000,15,2,3,01,B01
201700045320,1,01,000,00,2,7,01,A01
201700045320,0,07,000,00,2,1,01,B01
201700045321,1,07,000,00,2,1,15,A01
201700045321,1,34,000,00,2,1,02,B01
201700045322,1,01,000,08,0,8,01,A01
201700045323,2,07,000,00,2,1,01,B01
201700045323,2,07,000,00,2,2,01,A01
201700045324,1,07,000,02,0,1,13,A01
201700045325,2,07,000,00,2,2,16,A01
201700045325,2,01,000,00,2,3,01,B01
201700045326,2,07,000,00,2,5,15,A01
201700045326,1,01,000,00,2,1,01,B01
201700045327,2,07,000,06,0,1,05,A01
201700045328,1,07,000,00,2,4,15,B01
201700045328,1,07,000,00,2,1,01,A01
201700045329,1,07,000,00,2,8,01,B01
201700045329,2,07,000,00,2,1,01,A01
201700045330,2,31,000,00,2,1,01,B01
201700045330,1,07,000,00,2,7,01,A01
201700045331,1,07,000,01,0,2,01,A01
201700045332,2,07,000,00,2,3,01,B01
201700045332,2,07,000,00,2,1,01,A01
201700045333,1,07,000,00,2,3,16,B01
201700045333,2,07,000,00,2,2,01,A01
201700045334,2,07,000,00,1,1,02,A01
201700045335,1,07,000,01,0,1,02,A01
201700045336,1,07,000,03,0,1,19,A01
201700045337,1,07,000,06,2,1,19,A01
201700045337,1,33,000,00,2,3,19,B01
201700045338,2,30,000,00,2,1,01,A01
201700045338,0,07,000,00,2,3,09,B01
201700045339,1,07,000,01,2,8,20,A01
201700045339,1,07,000,00,2,2,01,B01
201700045340,0,07,000,02,0,1,15,A01
201700045341,2,10,000,06,2,1,01,A01
201700045341,2,07,000,00,2,1,15,B01
201700045342,1,07,000,00,2,3,15,B01
201700045342,1,07,000,00,2,3,10,A01
201700045343,2,07,000,00,2,3,16,B01
201700045343,1,07,000,00,2,3,15,A01
201700045344,1,34,000,01,2,8,19,B01
201700045344,1,07,000,00,2,1,19,A01
201700045345,1,07,000,00,2,1,02,A01
201700045345,1,07,000,00,2,4,02,D01
201700045345,1,07,000,00,2,4,02,B01
201700045345,1,07,000,00,2,4,02,C01
201700045346,1,07,000,00,2,8,19,A01
201700045346,1,37,000,00,2,1,07,B01
201700045347,2,33,000,00,0,0,01,A01
201700045348,1,33,000,00,2,1,01,B01
201700045348,2,10,000,00,2,7,15,A01
201700045349,1,02,000,00,2,1,19,A01
201700045349,2,07,000,00,2,3,19,B01
201700045350,2,07,000,00,2,5,02,B01
201700045350,2,33,000,00,2,3,02,A01
201700045351,1,07,000,00,1,1,15,A01
201700045352,2,03,000,00,2,1,01,A01
201700045352,1,07,000,00,2,1,23,B01
201700045353,2,07,000,00,1,3,02,A01
201700045354,1,37,000,01,1,2,01,A01
201700045355,2,07,000,00,2,2,01,A01
201700045355,1,07,000,00,2,3,01,B01
201700045356,1,07,000,00,1,1,01,A01
201700045357,1,07,000,00,2,1,01,A01
201700045357,1,07,000,00,2,4,23,B01
201700045358,1,07,000,00,2,5,15,Z01
201700045358,2,07,000,00,2,1,01,C01
201700045358,1,07,000,00,2,1,01,B01
201700045359,0,07,000,06,0,1,20,A01
201700045360,1,31,000,00,2,1,01,A01
201700045360,1,07,000,00,2,4,23,B01
201700045361,2,07,000,16,2,1,09,A01
201700045361,2,34,000,00,2,2,01,B01
201700045362,2,07,000,00,2,4,19,B01
201700045362,2,07,000,00,2,2,19,A01
201700045363,2,01,000,01,0,2,01,B01
201700045363,2,07,000,00,1,8,22,A01
201700045364,1,31,000,00,1,1,02,A01
201700045365,1,33,000,04,0,2,02,A01
201700045366,1,01,000,00,1,1,01,A01
201700045367,2,07,000,00,1,5,20,A01
201700045368,2,07,000,00,9,2,01,A01
201700045369,0,07,000,00,2,1,01,A01
201700045369,0,07,000,00,2,8,15,B01
201700045370,2,30,000,00,2,1,21,A01
201700045370,1,07,000,00,2,5,02,B01
201700045371,1,31,000,01,2,1,02,B01
201700045371,1,07,000,00,2,2,11,A01
201700045372,2,31,000,00,0,0,15,A01
201700045373,1,07,000,01,0,2,14,A01
201700045374,2,33,000,00,0,8,13,A01
201700045375,1,07,000,02,0,2,14,A01
201700045376,2,07,000,00,1,2,02,A01
201700045377,2,07,000,00,2,1,01,A01
201700045377,2,07,000,08,2,6,01,B01
201700045378,1,34,000,00,2,8,18,A01
201700045378,1,07,000,00,2,7,16,B01
201700045379,2,07,000,12,0,5,01,A01
201700045380,2,07,000,00,2,2,02,A01
201700045380,1,07,000,00,2,1,19,B01
201700045381,2,07,000,00,2,3,01,B01
201700045381,1,07,000,00,2,2,01,A01
201700045382,1,07,000,00,2,5,04,A01
201700045382,2,33,000,00,2,1,21,B01
201700045383,2,07,000,00,9,4,02,B01
201700045383,2,07,000,00,2,1,01,A01
201700045384,2,07,000,00,1,7,21,A01
201700045385,1,07,000,00,1,3,19,A01
201700045386,1,07,000,06,0,1,01,A01
201700045387,2,34,000,00,2,8,15,A01
201700045387,1,34,000,00,2,8,01,B01
201700045388,1,07,000,00,1,1,19,A01
201700045389,1,07,000,00,1,3,15,A01
201700045390,0,01,000,00,2,8,19,B01
201700045390,0,07,000,00,2,1,09,A01
201700045391,1,07,000,00,2,3,01,A01
201700045391,2,07,000,00,2,6,16,B01
201700045392,1,07,000,00,1,2,21,A01
201700045393,0,07,000,00,1,1,01,Z01
201700045394,0,07,000,15,2,2,15,A01
201700045394,0,07,000,00,2,3,15,B01
201700045395,0,33,000,00,1,1,01,A01
201700045396,1,31,000,00,2,1,01,A01
201700045396,1,07,000,00,2,4,23,B01
201700045397,0,07,000,00,2,4,02,B01
201700045397,0,33,000,00,2,1,02,A01
201700045398,0,07,000,00,0,0,00,A01
201700045399,0,07,000,01,0,1,01,A01
201700045400,0,07,000,00,0,1,01,A01
201700045400,0,07,000,00,2,7,01,B01
201700045401,2,07,000,00,1,1,15,A01
201700045402,1,31,000,12,0,9,12,A01
201700045403,1,07,000,00,1,1,16,A01
201700045404,1,07,000,00,2,1,02,A01
201700045404,1,07,000,00,2,4,23,B01
201700045405,2,34,000,04,2,3,13,A01
201700045405,2,07,000,00,2,5,01,B01
201700045406,2,07,000,00,1,4,20,A01
201700045407,2,07,000,00,1,1,17,A01
201700045408,1,38,003,00,1,5,16,A01
201700045409,1,31,000,00,2,1,01,A01
201700045409,2,07,000,00,2,6,15,B01
201700045410,2,07,000,00,2,5,12,A01
201700045410,2,33,000,00,2,8,01,B01
201700045411,2,33,000,00,0,7,01,A01
201700045412,2,07,000,00,2,2,01,B01
201700045412,1,34,000,00,2,8,01,C01
201700045412,2,07,000,00,2,5,13,Z01
201700045413,1,07,000,00,1,1,01,A01
201700045414,1,07,000,00,2,2,02,A01
201700045414,1,07,000,00,2,4,02,B01
201700045415,1,07,000,09,0,1,16,A01
201700045416,1,07,000,00,2,3,15,B01
201700045416,1,33,000,00,2,1,02,A01
201700045417,2,07,000,00,2,4,01,B01
201700045417,2,07,000,00,2,2,01,A01
201700045418,1,07,000,00,9,4,01,E01
201700045418,1,07,000,00,2,1,02,C01
201700045418,1,07,000,00,2,4,01,B01
201700045418,1,07,000,00,2,1,02,D01
201700045418,1,07,000,00,2,1,02,A01
201700045419,1,34,000,00,2,4,21,B01
201700045419,1,31,000,00,2,1,21,A01
201700045420,2,34,000,00,2,1,00,B01
201700045420,2,07,000,00,2,3,16,A01
201700045421,0,07,000,00,9,8,01,B01
201700045421,0,01,000,00,2,1,19,A01
201700045422,2,07,000,00,9,6,00,A01
201700045422,2,07,000,00,2,2,00,B01
201700045423,1,01,000,00,0,0,00,A01
201700045424,2,30,000,15,0,7,14,A01
201700045425,1,07,000,00,2,1,21,A01
201700045425,1,33,000,00,2,4,07,B01
201700045426,1,33,000,08,0,1,13,A01
201700045427,1,37,000,00,2,1,09,A01
201700045427,1,07,000,00,2,4,23,B01
201700045428,1,07,000,01,0,1,00,A01
201700045428,1,37,000,00,2,4,00,B01
201700045429,2,07,000,00,2,1,01,B01
201700045429,1,10,000,00,2,7,15,A01
201700045430,2,31,000,08,0,1,00,A01
201700045431,2,07,000,00,2,4,23,B01
201700045432,1,07,000,00,2,4,02,B01
201700045432,1,07,000,01,2,1,23,A01
201700045433,0,07,000,04,0,1,11,A01
201700045434,0,07,000,00,2,1,00,A01
201700045434,0,07,000,00,2,4,01,B01
201700045435,1,30,000,00,2,1,17,B01
201700045435,1,07,000,00,9,3,15,A01
201700045436,0,07,000,00,1,0,07,Z01
201700045437,1,34,000,00,2,1,17,A01
201700045437,1,07,000,00,2,3,15,B01
201700045438,1,07,000,00,2,6,10,A01
201700045438,1,33,000,00,2,1,02,B01
201700045439,1,07,000,00,2,4,24,B01
201700045439,1,07,000,00,2,1,23,A01
201700045440,0,02,000,00,2,1,01,B01
201700045440,0,07,000,00,2,3,05,A01
201700045441,1,07,000,00,2,2,19,A01
201700045441,2,33,000,00,2,1,19,B01
201700045442,1,07,000,00,2,1,02,A01
201700045442,1,07,000,00,2,4,01,B01
201700045443,2,07,000,00,0,6,23,B01
201700045443,2,33,000,00,0,1,21,A01
201700045444,0,01,000,00,0,7,02,B01
201700045444,0,07,000,00,9,2,02,A01
201700045445,2,34,000,00,2,1,02,A01
201700045445,2,10,000,00,2,1,02,C01
201700045445,2,10,000,00,2,5,01,B01
201700045446,2,15,000,00,1,1,02,A01
201700045447,2,34,000,12,0,1,21,A01
201700045448,1,07,000,00,2,7,00,A01
201700045448,1,07,000,00,2,1,00,B01
201700045449,2,07,000,15,0,2,21,A01
201700045450,1,07,000,11,0,2,01,A01
201700045451,2,07,000,00,0,2,22,B01
201700045451,2,07,000,00,2,8,02,C01
201700045451,2,33,000,00,2,1,18,A01
201700045452,2,07,000,00,2,1,23,B01
201700045452,2,07,000,00,2,4,23,C01
201700045452,2,07,000,00,2,1,02,Z01
201700045453,2,07,000,00,2,6,02,B01
201700045453,2,07,000,00,2,1,02,A01
201700045454,1,07,000,00,0,8,15,B01
201700045454,1,07,000,00,0,1,17,A01
201700045455,1,07,000,00,0,2,19,A01
201700045455,2,07,000,09,2,7,21,B01
201700045456,1,07,000,00,2,3,01,B01
201700045456,2,07,000,00,2,1,01,A01
201700045457,1,31,000,12,5,3,19,A01
201700045458,1,07,000,00,1,0,01,Z01
201700045459,1,07,000,00,2,1,16,B01
201700045459,1,37,000,00,2,2,02,A01
201700045460,2,07,000,00,2,4,02,B01
201700045460,2,07,000,00,2,1,02,A01
201700045461,1,07,000,00,2,3,23,B01
201700045461,2,07,000,00,2,3,13,A01
201700045462,2,07,000,00,2,1,15,B01
201700045462,1,07,000,00,2,9,21,A01
201700045463,2,07,000,00,2,1,15,A01
201700045463,1,34,000,00,2,1,02,B01
201700045464,1,99,000,00,0,0,07,A01
201700045465,2,07,000,01,0,1,02,A01
201700045466,1,07,000,01,0,1,00,A01
201700045467,2,14,000,00,2,2,12,A01
201700045467,2,07,000,00,2,8,02,B01
201700045468,1,33,000,00,2,1,01,A01
201700045468,1,99,000,00,2,7,00,B01
201700045469,2,07,000,15,2,2,01,B01
201700045469,2,07,000,00,2,8,11,A01
201700045469,2,07,000,00,9,2,00,C01
201700045470,1,14,000,01,0,0,02,A01
201700045470,1,99,000,01,0,0,00,B01
201700045471,2,07,000,00,2,1,07,A01
201700045471,2,07,000,00,2,4,02,B01
201700045472,2,07,000,00,2,0,13,A01
201700045472,1,07,000,00,2,3,02,B01
201700045473,1,07,000,00,2,1,01,A01
201700045473,1,01,000,00,0,0,01,B01
201700045474,1,07,000,00,2,7,19,A01
201700045474,1,07,000,00,2,5,16,B01
201700045474,1,07,000,01,2,3,23,C01
201700045475,1,07,000,00,1,1,00,A01
201700045476,1,34,000,15,0,3,02,A01
201700045477,1,07,000,00,2,1,01,A01
201700045477,1,07,000,00,9,6,09,B01
201700045478,2,07,000,00,2,4,23,B01
201700045478,2,07,000,00,2,1,02,A01
201700045478,2,07,000,00,2,4,23,C01
201700045479,1,07,000,00,2,1,23,A01
201700045479,1,33,000,00,2,4,23,B01
201700045480,1,07,000,01,0,1,17,Z01
201700045481,2,07,000,00,2,1,13,A01
201700045481,1,14,000,00,2,1,01,B01
201700045482,2,37,050,00,2,1,02,A01
201700045482,2,07,000,00,2,4,01,C01
201700045482,2,07,000,00,2,9,02,B01
201700045483,1,07,000,00,1,1,09,A01
201700045484,1,33,000,00,1,1,18,A01
201700045485,1,07,000,00,2,1,02,A01
201700045485,1,07,000,00,2,4,23,B01
201700045486,1,07,000,00,2,1,00,A01
201700045486,1,07,000,00,2,1,01,B01
201700045487,1,33,000,00,2,0,00,B01
201700045487,1,07,000,00,2,0,00,A01
201700045488,1,07,000,00,1,1,16,A01
201700045489,1,07,000,00,0,0,16,A01
201700045490,1,07,000,09,2,1,15,A01
201700045490,1,07,000,00,2,3,02,B01
201700045491,2,07,000,00,2,1,02,A01
201700045491,2,07,000,00,2,4,23,B01
201700045492,1,07,000,00,1,8,15,A01
201700045493,2,07,000,00,2,4,02,C01
201700045493,2,07,000,00,2,4,02,B01
201700045493,2,07,000,00,2,1,02,A01
201700045494,1,07,000,00,1,0,19,A01
201700045495,2,31,000,05,0,7,00,A01
201700045496,1,07,000,00,2,3,15,A01
201700045496,1,33,000,00,2,2,23,B01
201700045497,2,07,000,00,1,1,01,A01
201700045498,2,07,000,00,2,4,02,B01
201700045498,2,07,000,00,2,1,02,A01
201700045499,1,07,000,00,1,3,15,A01
201700045500,1,07,000,00,1,1,15,A01
201700045501,1,07,000,00,1,1,01,A01
201700045502,1,07,000,00,1,1,15,A01
201700045503,1,07,000,00,0,3,00,A01
201700045504,2,10,000,00,9,3,01,A01
201700045505,2,07,000,00,2,1,02,A01
201700045505,2,07,000,00,2,4,23,B01
201700045505,2,07,000,00,2,4,23,C01
201700045506,1,07,000,02,0,3,01,A01
201700045507,1,07,000,03,2,9,05,A01
201700045507,2,07,000,00,2,1,01,B01
201700045508,0,07,000,00,0,3,15,A01
201700045509,0,07,000,00,2,4,02,B01
201700045510,0,01,000,00,0,0,00,A01
201700045511,1,07,000,00,1,2,14,A01
201700045512,2,34,000,00,2,1,01,A01
201700045512,2,07,000,00,2,8,15,B01
201700045513,0,07,000,01,2,0,20,A01
201700045513,0,02,000,00,2,0,21,B01
201700045514,0,07,000,00,1,1,01,A01
201700045515,2,10,000,00,2,3,01,A01
201700045515,1,07,000,00,2,1,15,B01
201700045516,2,07,000,00,0,4,02,B01
201700045516,2,07,000,00,2,1,02,A01
201700045517,1,07,000,00,2,3,11,A01
201700045517,1,33,000,00,2,7,01,B01
201700045518,0,07,000,00,0,6,11,B01
201700045518,0,33,000,00,0,8,01,A01
201700045519,0,07,000,00,1,6,04,A01
201700045520,1,07,000,04,2,1,05,A01
201700045520,2,07,000,00,2,1,01,B01
201700045521,1,07,000,00,1,3,01,A01
201700045522,0,07,000,00,2,1,02,A01
201700045522,0,07,000,00,2,4,02,B01
201700045523,2,07,000,08,2,2,01,A01
201700045523,0,07,000,00,2,1,01,B01
201700045524,0,07,000,00,2,2,02,A01
201700045525,0,07,000,00,0,0,00,A01
201700045525,0,33,000,00,0,0,00,B01
201700045526,0,07,000,00,1,1,01,A01
201700045527,0,07,000,08,0,1,01,A01
201700045528,0,07,000,00,2,7,14,C01
201700045528,0,07,000,00,2,1,00,B01
201700045528,0,07,000,00,2,1,15,A01
201700045529,0,07,000,06,0,1,01,A01
201700045530,2,07,000,00,2,1,02,A01
201700045530,2,07,000,00,2,6,01,B01
201700045531,2,07,000,00,2,4,23,B01
201700045531,2,07,000,00,2,1,02,A01
201700045532,1,07,000,00,2,1,01,A01
201700045532,0,37,001,00,2,8,01,B01
201700045533,0,32,000,00,0,3,00,A01
201700045534,0,07,000,00,0,6,23,B01
201700045534,0,10,000,00,2,2,01,A01
201700045535,1,33,000,00,2,1,02,A01
201700045535,1,07,000,00,2,4,23,Z01
201700045536,1,33,000,00,2,2,03,B01
201700045536,1,07,000,00,2,2,01,C01
201700045536,1,07,000,00,2,3,13,A01
201700045537,0,07,000,00,2,1,17,A01
201700045537,0,07,000,00,2,8,02,B01
201700045538,1,07,000,00,2,1,02,Z01
201700045538,1,07,000,00,2,6,10,A01
201700045539,0,07,000,00,0,0,00,A01
201700045539,0,33,000,00,0,0,00,B01
201700045540,1,07,000,09,0,4,02,B01
201700045540,1,07,000,00,0,0,00,Z01
201700045541,0,07,000,00,0,0,00,A01
201700045541,0,07,000,00,0,0,00,B01
201700045542,0,07,000,00,1,1,02,A01
201700045543,2,30,000,00,2,1,01,A01
201700045543,1,07,000,00,2,7,15,B01
201700045544,1,07,000,00,1,3,01,A01
201700045545,0,07,000,00,0,3,02,A01
201700045546,1,07,000,12,0,3,00,A01
201700045546,0,07,000,00,0,9,00,C01
201700045546,0,07,000,00,0,9,00,D01
201700045546,0,07,000,00,0,9,00,B01
201700045547,1,30,000,00,0,7,21,A01
201700045548,0,07,000,00,2,1,12,A01
201700045548,0,07,000,00,2,3,01,B01
201700045549,0,07,000,00,2,2,01,A01
201700045549,0,07,000,00,2,3,09,B01
201700045550,1,07,000,00,2,1,01,A01
201700045550,0,07,000,,2,3,15,B01
201700045551,2,10,000,00,2,1,02,D01
201700045551,2,07,000,00,2,4,23,C01
201700045551,2,14,000,00,2,9,02,A01
201700045551,2,07,000,00,2,9,23,B01
201700045552,0,07,000,09,0,1,16,A01
201700045553,0,07,000,00,2,8,01,B01
201700045553,0,33,000,00,2,1,17,A01
201700045554,0,07,000,00,1,1,00,A01
201700045555,0,01,000,00,2,1,01,B01
201700045555,0,07,000,00,2,3,09,A01
201700045556,1,07,000,00,1,2,01,A01
201700045557,1,07,000,08,0,1,21,A01
201700045558,1,34,000,00,1,1,00,A01
201700045559,0,07,000,00,2,3,01,B01
201700045559,0,03,000,00,2,1,01,A01
201700045560,0,07,000,00,1,1,01,A01
201700045561,2,07,000,00,2,1,05,A01
201700045561,1,13,000,00,2,1,01,B01
201700045562,2,07,000,00,2,1,15,A01
201700045562,2,07,000,00,2,3,01,B01
201700045563,2,33,000,00,2,3,03,A01
201700045563,1,10,000,00,2,3,15,B01
201700045564,0,34,000,00,1,7,17,A01
201700045565,0,34,000,00,2,2,15,A01
201700045565,0,07,000,00,2,1,00,B01
201700045566,0,07,000,00,1,1,01,A01
201700045567,0,01,000,00,2,5,01,A01
201700045567,0,34,000,00,2,1,15,B01
201700045568,2,07,000,00,1,8,00,Z01
201700045569,0,01,000,00,1,1,01,A01
201700045570,0,99,000,00,1,1,01,Z01
201700045571,0,07,000,00,2,3,01,A01
201700045571,0,32,000,00,2,3,15,B01
201700045572,0,07,000,00,1,2,00,A01
201700045573,0,02,000,00,2,1,01,B01
201700045573,0,10,000,00,2,6,01,A01
201700045574,0,07,000,00,9,3,22,A01
201700045574,0,01,000,01,2,1,17,B01
201700045575,0,33,000,00,2,4,01,B01
201700045575,2,07,000,00,2,1,01,A01
201700045576,0,33,000,00,2,1,01,A01
201700045576,0,07,000,00,2,3,20,B01
201700045577,0,02,000,00,0,7,10,A01
201700045578,0,30,000,01,2,7,02,A01
201700045578,0,37,000,00,2,5,02,C01
201700045579,0,07,000,00,1,1,15,Z01
201700045580,0,07,000,00,1,1,14,A01
201700045581,0,99,000,08,0,1,01,A01
201700045582,1,34,000,14,2,1,00,A01
201700045583,0,31,000,00,0,0,02,B01
201700045583,0,02,000,00,0,0,02,A01
201700045584,0,30,000,00,0,7,01,A01
201700045585,0,07,000,00,2,8,10,Z01
201700045585,0,02,000,00,2,1,01,B01
201700045586,0,32,000,00,2,7,01,A01
201700045586,0,07,000,00,2,3,01,Z01
201700045587,0,07,000,15,0,1,01,A01
201700045588,1,07,000,00,2,3,01,A01
201700045588,1,07,000,00,2,8,15,B01
201700045589,0,07,000,00,2,7,15,A01
201700045589,0,02,000,00,2,1,01,B01
201700045590,0,07,000,00,2,3,09,A01
201700045590,0,02,000,00,2,7,01,B01
201700045591,2,07,000,00,2,2,01,A01
201700045591,2,31,000,00,2,8,16,B01
201700045592,2,07,000,00,2,6,15,A01
201700045592,1,01,000,00,1,1,01,B01
201700045593,2,10,000,00,2,8,22,A01
201700045593,2,01,000,01,0,1,07,B01
201700045594,1,07,000,00,1,3,16,A01
201700045595,2,07,000,00,2,8,24,A01
201700045595,2,01,000,01,0,1,01,B01
201700045596,1,07,000,00,2,3,02,A01
201700045596,1,01,000,00,2,7,15,B01
201700045597,2,07,000,00,2,1,01,A01
201700045597,2,99,000,00,2,8,01,B01
201700045598,2,33,000,00,1,1,01,A01
201700045599,0,07,000,00,2,3,13,A01
201700045599,0,07,000,00,2,3,20,B01
201700045600,0,31,000,00,2,7,17,A01
201700045600,0,10,000,00,2,8,15,B01
201700045601,1,07,000,00,1,2,01,Z01
201700045602,1,07,000,00,2,6,23,A01
201700045602,1,10,000,00,2,6,02,B01
201700045603,1,14,000,00,2,7,13,A01
201700045603,1,07,000,14,2,8,13,B01
201700045604,2,07,000,00,1,2,20,A01
201700045605,0,36,000,12,0,1,02,A01
201700045606,1,30,000,00,0,7,01,A01
201700045607,2,07,000,02,9,1,20,A01
201700045608,1,07,000,00,2,2,12,A01
201700045608,1,33,000,00,2,8,02,B01
201700045609,1,99,000,00,2,3,15,B01
201700045609,1,07,000,00,2,1,01,A01
201700045610,1,37,000,00,0,0,17,A01
201700045610,1,31,000,00,0,7,17,B01
201700045611,2,31,000,00,1,1,01,A01
201700045612,2,31,000,00,0,0,13,A01
201700045613,2,34,000,00,1,2,01,A01
201700045614,1,07,000,00,1,3,01,A01
201700045615,1,10,000,16,1,4,14,A01
201700045615,1,33,000,01,1,4,24,B01
201700045616,1,31,000,00,2,1,01,A01
201700045617,1,07,000,00,2,2,01,A01
201700045617,1,01,000,00,2,1,02,B01
201700045618,2,07,000,00,2,2,15,A01
201700045618,1,34,000,00,2,1,01,B01
201700045619,2,07,000,06,0,1,16,A01
201700045620,2,07,000,00,2,1,01,A01
201700045620,2,07,000,00,2,4,02,B01
201700045621,1,31,000,00,2,7,01,A01
201700045621,2,07,000,00,2,6,01,B01
201700045622,2,07,000,00,2,1,02,A01
201700045622,2,07,000,00,2,4,02,B01
201700045623,2,02,000,00,0,8,21,A01
201700045624,1,07,000,00,2,5,15,A01
201700045624,2,33,000,00,2,1,01,B01
201700045625,1,07,000,00,2,3,15,B01
201700045625,1,34,000,00,2,7,01,A01
201700045626,2,10,000,00,1,1,01,A01
201700045627,1,34,000,00,1,1,21,A01
201700045628,1,33,000,00,2,8,01,B01
201700045628,2,07,000,00,2,3,01,A01
201700045629,1,07,000,00,2,1,15,A01
201700045629,2,34,000,00,2,1,21,B01
201700045630,2,34,000,00,2,1,14,A01
201700045630,1,99,000,00,2,1,23,B01
201700045631,0,30,000,00,2,2,02,A01
201700045631,0,07,000,00,2,3,06,B01
201700045632,0,33,000,00,0,7,11,B01
201700045632,0,07,000,00,0,3,11,A01
201700045633,1,10,000,00,2,2,06,A01
201700045633,2,10,000,00,2,3,16,B01
201700045634,1,30,000,00,2,0,21,A01
201700045634,0,07,000,00,0,0,00,B01
201700045635,2,07,000,00,1,1,09,A01
201700045636,2,07,000,00,1,8,01,A01
201700045637,1,07,000,00,0,1,10,A01
201700045637,0,01,000,00,0,8,02,B01
201700045638,0,07,000,00,2,0,00,A01
201700045638,0,07,000,00,2,3,00,B01
201700045639,1,07,000,12,0,1,01,A01
201700045640,0,02,000,00,1,1,11,A01
201700045641,0,07,000,00,1,1,00,A01
201700045642,2,33,000,04,2,2,17,A01