Num_Acc,senc,catv,occutc,obs,obsm,choc,manv,num_veh
201700046979,1,33,000,00,2,8,09,B01
201700046979,1,07,000,00,2,7,02,C01
201700046979,1,31,000,00,2,7,03,A01
201700046980,2,07,000,04,2,3,02,A01
201700046980,2,07,000,00,2,8,01,B01
201700046981,1,31,000,00,2,7,02,A01
201700046982,2,07,000,00,0,1,01,A01
201700046983,1,07,000,04,0,1,13,A01
201700046984,1,07,000,00,2,1,01,B01
201700046984,1,07,000,00,2,1,01,C01
201700046984,1,07,000,00,2,4,01,D01
201700046984,1,07,000,00,2,1,01,A01
201700046985,1,07,000,00,9,0,12,A01
201700046985,1,07,000,03,0,1,21,B01
201700046986,1,07,000,00,2,8,11,A01
201700046986,1,33,000,00,2,7,01,B01
201700046987,1,31,000,00,2,2,01,A01
201700046988,1,13,000,00,2,6,02,B01
201700046988,1,07,000,00,2,1,02,A01
201700046989,2,07,000,00,2,6,00,B01
201700046989,2,33,000,00,2,1,21,A01
201700046990,1,07,000,00,2,4,00,D01
201700046990,1,07,000,00,2,4,00,B01
201700046990,1,14,000,00,2,1,12,A01
201700046990,1,07,000,00,2,4,00,C01
201700046991,1,07,000,00,2,5,02,A01
201700046991,1,07,000,00,2,1,13,B01
201700046992,2,15,000,00,2,3,01,B01
201700046992,2,07,000,00,2,8,01,C01
201700046992,2,07,000,00,2,3,09,A01
201700046992,2,32,000,00,2,1,21,D01
201700046993,2,07,000,00,2,4,02,D01
201700046993,2,07,000,00,2,1,02,A01
201700046993,2,07,000,00,2,4,02,B01
201700046993,2,07,000,00,2,1,01,C01
201700046994,1,31,000,00,2,0,01,A01
201700046995,1,07,000,00,2,1,02,A01
201700046995,1,07,000,00,2,4,02,B01
201700046996,1,07,000,00,2,4,01,C01
201700046996,1,07,000,00,2,3,01,A01
201700046996,1,13,000,00,2,1,02,B01
201700046997,2,07,000,00,2,1,02,A01
201700046997,2,07,000,00,2,4,02,B01
201700046998,1,07,000,00,2,7,02,C01
201700046998,1,33,000,00,2,1,03,A01
201700046998,1,07,000,00,2,6,12,B01
201700046999,2,31,000,00,2,8,03,A01
201700047000,2,07,000,00,2,5,23,A01
201700047000,2,33,000,00,2,1,12,B01
201700047001,2,07,000,00,2,5,01,B01
201700047001,2,07,000,00,2,3,13,A01
201700047002,2,07,000,04,0,1,00,A01
201700047003,2,07,000,00,2,1,02,C01
201700047003,2,07,000,00,2,4,02,B01
201700047003,2,07,000,00,0,4,02,A01
201700047004,2,33,000,00,0,0,21,A01
201700047005,2,33,000,00,2,0,03,A01
201700047006,1,07,000,00,2,4,01,B01
201700047006,1,15,000,00,2,1,01,A01
201700047007,2,07,000,00,2,6,01,A01
201700047007,2,14,000,00,2,3,01,B01
201700047008,2,07,000,00,2,5,01,C01
201700047008,2,33,000,00,2,7,03,B01
201700047008,2,07,000,00,2,8,11,A01
201700047009,2,31,000,00,2,1,01,B01
201700047009,2,07,000,00,2,6,11,A01
201700047010,2,07,000,00,2,4,01,C01
201700047010,2,07,000,00,2,4,01,B01
201700047010,2,10,000,00,2,1,01,A01
201700047011,2,07,000,00,2,4,01,B01
201700047011,2,31,000,00,2,1,01,A01
201700047012,2,07,000,00,2,1,11,A01
201700047012,2,07,000,00,2,7,01,B01
201700047013,2,07,000,04,0,9,01,A01
201700047014,2,07,000,00,1,1,01,A01
201700047015,2,07,000,00,2,8,02,A01
201700047015,2,10,000,00,2,7,16,B01
201700047016,1,07,000,04,0,2,01,A01
201700047017,1,07,000,00,2,3,01,A01
201700047017,1,33,000,00,2,1,02,B01
201700047018,2,33,000,00,2,1,02,A01
201700047019,1,07,000,00,2,8,02,A01
201700047019,1,07,000,00,2,2,02,B01
201700047020,1,07,000,00,2,6,02,A01
201700047020,2,13,000,00,2,2,02,B01
201700047021,1,07,000,00,2,8,11,B01
201700047021,1,33,000,00,2,7,03,A01
201700047022,2,10,000,00,2,1,02,A01
201700047022,2,10,000,00,2,4,02,B01
201700047023,2,33,000,00,2,3,02,A01
201700047023,2,10,000,00,2,6,11,B01
201700047024,2,32,000,00,2,2,03,A01
201700047025,1,07,000,00,2,8,18,A01
201700047025,1,15,000,00,2,2,01,B01
201700047026,2,31,000,00,2,1,01,A01
201700047026,2,07,000,00,2,8,11,B01
201700047027,2,07,000,03,0,2,21,A01
201700047028,1,07,000,00,2,0,09,A01
201700047028,1,07,000,00,2,8,01,B01
201700047029,2,07,000,00,2,1,02,A01
201700047029,2,07,000,00,2,4,01,B01
201700047030,2,07,000,03,2,1,02,B01
201700047030,2,07,000,03,2,4,02,A01
201700047031,1,07,000,00,2,1,17,A01
201700047031,1,07,000,00,2,8,09,B01
201700047032,2,07,000,00,2,1,02,A01
201700047032,2,07,000,00,2,4,02,B01
201700047033,2,14,000,00,9,0,02,B01
201700047033,2,10,000,03,0,1,12,A01
201700047034,1,07,000,00,2,6,02,A01
201700047034,1,15,000,00,2,2,12,B01
201700047035,1,07,000,03,0,3,01,A01
201700047036,1,07,000,04,0,1,13,A01
201700047037,1,07,000,03,0,0,01,A01
201700047038,1,07,000,00,2,7,17,A01
201700047038,1,07,000,00,2,8,01,B01
201700047039,1,07,000,00,2,8,17,A01
201700047039,1,07,000,00,2,2,02,B01
201700047040,2,07,000,02,0,1,14,A01
201700047041,2,07,000,03,0,1,14,A01
201700047042,2,07,000,00,2,4,02,A01
201700047042,2,07,000,00,2,1,01,B01
201700047043,2,07,000,00,2,2,02,A01
201700047044,2,07,000,00,2,9,00,A01
201700047045,1,07,000,04,0,1,00,A01
201700047046,1,07,000,00,2,1,00,A01
201700047046,1,07,000,00,2,4,00,B01
201700047046,1,07,000,00,2,4,00,C01
201700047047,2,07,000,04,0,1,00,A01
201700047048,2,07,000,00,2,3,09,A01
201700047048,2,15,000,00,2,7,01,B01
201700047049,1,07,000,00,2,4,02,A01
201700047049,1,07,000,00,2,4,02,B01
201700047049,1,07,000,00,2,1,01,C01
201700047050,1,07,000,00,2,7,01,B01
201700047050,1,07,000,00,2,1,12,A01
201700047051,2,31,000,00,2,7,00,A01
201700047051,2,07,000,00,2,8,00,B01
201700047052,1,31,000,00,0,0,00,A01
201700047053,2,07,000,00,2,1,02,A01
201700047053,0,07,000,00,2,4,02,B01
201700047053,2,07,000,00,2,4,02,C01
201700047054,1,15,000,00,2,4,02,A01
201700047054,1,07,000,00,2,1,02,B01
201700047055,1,07,000,04,0,1,11,A01
201700047056,1,07,000,00,2,9,02,D01
201700047056,1,07,000,00,2,4,02,C01
201700047056,1,07,000,04,0,1,01,B01
201700047056,1,07,000,04,2,1,01,A01
201700047056,1,07,000,00,2,6,02,E01
201700047056,1,07,000,00,2,1,02,F02
201700047057,1,07,000,00,2,2,01,A01
201700047057,1,10,000,00,2,6,02,B01
201700047058,1,07,000,04,0,1,13,A01
201700047059,2,07,000,00,2,1,01,A01
201700047059,2,07,000,00,2,4,02,B01
201700047059,2,07,000,00,2,4,02,C01
201700047060,2,07,000,00,2,5,00,A01
201700047060,2,07,000,00,2,3,00,Z01
201700047061,2,07,000,00,2,1,01,B01
201700047061,2,07,000,00,2,4,02,A01
201700047062,1,07,000,03,0,7,16,A01
201700047063,1,07,000,00,2,0,00,A01
201700047063,1,33,000,00,2,3,02,B01
201700047064,1,07,000,00,2,1,02,A01
201700047064,1,10,000,00,2,4,02,B01
201700047064,1,07,000,00,2,4,02,C01
201700047064,1,07,000,00,2,4,02,D01
201700047065,2,07,000,16,2,3,02,A01
201700047066,1,07,000,00,2,1,00,A01
201700047066,1,15,000,00,2,2,00,B01
201700047066,1,10,000,00,2,5,00,C01
201700047067,2,07,000,00,2,2,12,B01
201700047067,2,33,000,00,2,8,03,A01
201700047068,1,33,000,00,2,1,03,A01
201700047069,2,34,000,00,2,1,03,B01
201700047069,2,07,000,00,2,5,12,A01
201700047069,2,07,000,00,2,5,02,C01
201700047070,1,07,000,04,0,3,11,A01
201700047071,1,07,000,00,2,2,01,A01
201700047071,1,10,000,00,2,4,02,B01
201700047071,1,07,000,00,2,1,02,C01
201700047072,2,07,000,00,2,0,00,A01
201700047072,2,33,000,00,2,0,00,B01
201700047072,2,07,000,00,2,0,00,C01
201700047073,1,07,000,00,2,3,01,B01
201700047073,1,34,000,00,2,2,03,A01
201700047074,2,33,000,14,0,8,01,A01
201700047075,2,07,000,16,0,9,21,A01
201700047076,1,07,000,00,2,7,14,A01
201700047076,1,15,000,00,2,3,01,B01
201700047077,2,07,000,00,2,1,02,A01
201700047077,2,07,000,00,2,4,02,C01
201700047077,2,07,000,00,2,4,02,B01
201700047078,1,07,000,03,9,1,00,A01
201700047079,2,07,000,00,2,3,11,A01
201700047079,2,07,000,00,2,1,01,B01
201700047080,2,07,000,00,2,1,02,A01
201700047080,2,07,000,00,2,4,00,B01
201700047080,2,10,000,00,2,3,00,C01
201700047080,2,07,000,00,2,3,02,D01
201700047081,2,33,000,00,2,1,01,B01
201700047081,2,07,000,00,2,4,23,A01
201700047082,2,07,000,00,2,7,00,A01
201700047082,2,33,000,00,2,8,00,B01
201700047083,2,07,000,04,0,1,21,A01
201700047084,2,07,000,00,2,7,01,B01
201700047084,2,13,000,00,2,3,11,A01
201700047085,2,07,000,04,0,3,13,A01
201700047086,1,07,000,04,0,3,00,A01
201700047087,2,07,000,00,2,8,11,A01
201700047087,2,32,000,00,2,7,01,B01
201700047088,1,07,000,03,0,3,01,A01
201700047089,2,07,000,00,2,1,00,A01
201700047089,2,07,000,00,2,4,02,B01
201700047089,2,07,000,00,2,4,02,C01
201700047090,1,07,000,04,0,1,00,A01
201700047091,2,07,000,04,0,3,11,A01
201700047092,2,07,000,00,2,4,00,A01
201700047092,2,10,000,00,2,1,00,B01
201700047093,2,07,000,00,2,1,02,A01
201700047093,2,07,000,00,2,4,02,B01
201700047094,1,10,000,00,2,1,01,A01
201700047094,1,15,000,00,2,4,02,B01
201700047095,1,07,000,00,2,4,11,A01
201700047095,1,34,000,00,2,1,01,B01
201700047096,2,31,000,00,2,2,01,A01
201700047096,2,07,000,00,0,0,00,Z01
201700047097,1,07,000,00,2,1,00,A01
201700047097,1,33,000,00,2,1,00,B01
201700047098,2,07,000,03,0,1,00,A01
201700047099,1,10,000,00,2,1,02,A01
201700047099,1,07,000,00,2,4,02,B01
201700047100,1,38,045,06,0,2,14,A01
201700047101,2,07,000,00,2,3,03,A01
201700047101,2,15,000,00,2,5,02,B01
201700047102,2,07,000,00,2,3,00,A01
201700047102,1,07,000,00,2,5,00,B01
201700047102,1,07,000,00,2,1,00,C01
201700047103,2,07,000,16,0,9,13,A01
201700047104,1,07,000,00,2,4,02,A01
201700047104,1,07,000,00,2,0,00,B01
201700047105,2,07,000,04,0,9,17,A01
201700047106,1,31,000,00,2,1,01,A01
201700047107,1,07,000,00,2,1,00,A01
201700047107,1,07,000,00,2,4,00,B01
201700047108,2,07,000,04,0,1,02,A01
201700047109,2,07,000,04,0,3,13,A01
201700047110,1,07,000,03,0,2,12,A01
201700047111,2,07,000,04,0,1,21,A01
201700047112,2,07,000,00,2,6,00,A01
201700047112,2,07,000,00,2,1,00,Z01
201700047113,2,07,000,00,2,6,02,B01
201700047113,2,10,000,00,2,2,02,A01
201700047114,2,07,000,16,0,9,21,A01
201700047115,2,07,000,00,2,4,02,B01
201700047115,2,07,000,00,2,4,02,C01
201700047115,2,07,000,00,2,1,01,A01
201700047116,1,07,000,00,2,1,01,A01
201700047116,1,07,000,03,2,4,02,B01
201700047117,1,33,000,00,0,0,00,A01
201700047118,1,14,000,00,2,1,00,A01
201700047118,1,07,000,00,2,4,00,B01
201700047119,2,07,000,00,2,6,02,A01
201700047119,2,07,000,00,2,0,00,Z01
201700047120,1,07,000,00,2,1,02,A01
201700047120,1,07,000,00,2,4,02,B01
201700047120,1,15,000,00,2,5,02,C01
201700047121,1,33,000,00,2,2,03,A01
201700047121,1,07,000,00,2,6,11,B01
201700047122,2,37,000,00,2,5,00,A01
201700047122,2,10,000,00,2,1,00,B01
201700047123,2,07,000,00,2,1,01,A01
201700047123,2,07,000,00,2,4,02,B01
201700047124,2,07,000,00,2,3,11,A01
201700047124,2,07,000,00,2,2,02,B01
201700047125,1,07,000,04,0,2,00,A01
201700047126,2,07,000,04,0,3,13,A01
201700047127,2,07,000,04,0,9,01,A01
201700047128,2,34,000,00,2,1,01,A01
201700047128,2,07,000,00,2,4,01,B01
201700047129,2,07,000,00,0,0,00,B01
201700047129,2,33,000,00,0,0,00,A01
201700047130,1,07,000,00,2,4,02,B01
201700047130,1,07,000,00,2,1,01,A01
201700047131,1,07,000,00,2,1,02,A01
201700047131,1,07,000,00,2,4,02,B01
201700047132,1,07,000,00,2,1,01,A01
201700047132,1,07,000,00,2,4,02,B01
201700047132,1,07,000,00,2,4,02,C01
201700047133,2,07,000,00,2,1,02,A01
201700047133,2,07,000,00,2,4,02,B01
201700047133,2,07,000,00,2,4,02,C01
201700047134,1,07,000,04,0,3,11,A01
201700047135,1,15,000,00,2,7,01,B01
201700047135,1,07,000,04,2,8,13,A01
201700047136,2,07,000,04,0,3,13,A01
201700047137,2,07,000,04,0,3,11,A01
201700047138,1,10,000,03,0,1,00,A01
201700047139,2,10,000,04,0,1,00,A01
201700047140,1,34,000,00,2,0,00,A01
201700047140,1,10,000,00,2,0,00,B01
201700047141,1,07,000,00,2,3,02,A01
201700047141,1,10,000,00,2,5,12,B01
201700047142,1,15,000,00,2,6,11,A01
201700047142,1,07,000,00,2,7,02,B01
201700047142,1,33,000,00,2,1,03,C01
201700047143,2,07,000,00,2,4,02,A01
201700047143,2,07,000,00,2,1,01,B01
201700047144,2,07,000,00,2,3,13,B01
201700047144,2,07,000,04,2,9,01,A01
201700047145,1,07,000,00,2,1,01,B01
201700047145,1,07,000,00,2,5,12,A01
201700047146,1,07,000,00,2,1,01,C01
201700047146,1,07,000,00,2,4,23,B01
201700047146,1,10,000,00,2,4,23,A01
201700047147,2,07,000,00,2,4,00,A01
201700047147,2,07,000,00,2,1,00,B01
201700047148,1,31,000,04,0,9,13,A01
201700047149,2,07,000,00,2,4,02,B01
201700047149,2,07,000,00,2,3,02,C01
201700047149,2,07,000,00,2,1,00,Z01
201700047150,1,07,000,00,2,1,01,A01
201700047150,1,07,000,00,2,4,02,B01
201700047151,1,07,000,03,0,1,00,A01
201700047152,2,31,000,00,2,1,01,A01
201700047152,2,07,000,00,2,4,01,B01
201700047153,2,07,000,04,0,1,00,A01
201700047154,2,07,000,05,0,1,01,A01
201700047155,1,33,000,00,0,0,00,A01
201700047156,1,34,000,00,2,4,02,A01
201700047156,1,07,000,00,2,1,01,B01
201700047157,1,07,000,00,2,1,01,B01
201700047157,1,15,000,00,2,4,02,A01
201700047158,2,07,000,04,0,2,14,A01
201700047159,2,07,000,04,0,2,14,A01
201700047160,1,07,000,04,0,1,00,A01
201700047161,2,07,000,05,0,2,14,A01
201700047162,2,07,000,00,2,0,01,A01
201700047162,2,07,000,00,2,0,09,B01
201700047163,1,07,000,13,0,9,01,A01
201700047164,2,07,000,00,2,1,01,A01
201700047164,2,07,000,00,2,4,02,B01
201700047165,2,14,000,00,2,2,12,A01
201700047165,2,07,000,00,2,5,02,B01
201700047166,1,07,000,04,0,2,14,A01
201700047167,1,07,000,00,2,4,00,C01
201700047167,1,07,000,00,2,1,00,A01
201700047167,1,07,000,00,2,4,00,D01
201700047167,1,07,000,00,2,4,00,B01
201700047168,1,07,000,00,2,9,02,C01
201700047168,1,07,000,00,2,4,02,B01
201700047168,1,07,000,00,2,6,03,D01
201700047168,1,15,000,00,2,2,01,A01
201700047169,2,31,000,00,2,6,15,A01
201700047169,2,07,000,00,2,3,02,B01
201700047170,1,07,000,03,0,2,14,A01
201700047171,2,31,000,01,0,1,02,A01
201700047171,2,07,000,00,2,4,23,B01
201700047172,1,07,000,00,2,4,02,A01
201700047172,1,07,000,00,2,1,02,B01
201700047173,1,07,000,04,0,3,11,A01
201700047174,2,07,000,04,2,4,02,A01
201700047174,2,15,000,00,2,3,01,B01
201700047175,1,10,000,00,2,6,00,A01
201700047175,1,31,000,00,2,1,00,B01
201700047176,1,07,000,00,2,2,00,A01
201700047176,1,07,000,00,2,4,00,B01
201700047177,2,33,000,00,2,1,01,A01
201700047177,2,07,000,00,2,4,02,B01
201700047178,1,07,000,00,2,4,02,B01
201700047178,1,07,000,00,2,1,02,C01
201700047178,1,07,000,00,2,4,01,A01
201700047179,2,07,000,00,0,9,00,A01
201700047180,2,07,000,01,0,3,02,B01
201700047181,2,17,000,00,2,6,02,A01
201700047181,2,17,000,00,0,0,00,Z01
201700047181,2,07,000,00,2,3,01,B01
201700047182,1,07,000,00,2,1,02,A01
201700047182,1,07,000,00,2,4,02,B01
201700047183,2,07,000,03,0,2,00,A01
201700047184,2,07,000,04,0,1,01,A01
201700047185,2,07,000,00,2,1,00,A01
201700047185,2,07,000,00,2,4,01,B01
201700047185,2,07,000,00,2,4,00,C01
201700047186,2,07,000,00,2,1,01,A01
201700047186,2,07,000,00,2,4,01,B01
201700047187,1,07,000,00,2,3,13,A01
201700047187,1,07,000,04,2,5,14,B01
201700047188,2,07,000,03,0,6,01,A01
201700047188,0,07,000,00,0,0,00,Z01
201700047189,1,07,000,00,2,1,01,B01
201700047189,1,07,000,00,2,4,02,A01
201700047190,2,07,000,00,2,6,02,A01
201700047190,2,07,000,00,2,4,02,B01
201700047190,2,07,000,00,2,1,09,C01
201700047191,2,07,000,00,9,1,13,A01
201700047192,1,07,000,00,2,1,02,B01
201700047192,1,07,000,00,2,1,02,A01
201700047192,1,07,000,00,2,4,02,D01
201700047192,1,07,000,00,2,4,02,C01
201700047193,1,07,000,00,2,3,01,B01
201700047193,1,07,000,00,2,2,12,A01
201700047194,1,07,000,00,2,1,02,A01
201700047194,1,07,000,00,2,4,02,B01
201700047195,1,07,000,16,0,9,01,A01
201700047196,1,07,000,00,2,4,02,B01
201700047196,1,07,000,00,2,1,01,A01
201700047197,2,07,000,00,2,8,01,B01
201700047197,2,07,000,00,2,2,12,A01
201700047198,2,07,000,00,2,1,02,A01
201700047198,2,07,000,00,2,4,02,B01
201700047198,2,10,000,00,2,4,02,C01
201700047199,2,07,000,00,2,7,01,A01
201700047199,2,33,000,00,2,8,03,B01
201700047200,2,07,000,00,2,4,02,C01
201700047200,2,07,000,00,2,8,01,B01
201700047200,2,33,000,00,2,7,03,A01
201700047201,2,07,000,00,2,5,02,A01
201700047201,2,33,000,00,2,1,02,B01
201700047202,1,07,000,00,2,0,00,A01
201700047202,1,31,000,00,2,0,00,B01
201700047203,2,31,000,16,0,1,00,A01
201700047203,2,07,000,00,2,0,00,Z01
201700047204,2,10,000,00,2,4,00,A01
201700047204,2,07,000,00,2,1,00,B01
201700047204,2,07,000,04,0,1,00,C01
201700047205,1,33,000,04,0,7,00,A01
201700047206,2,33,000,00,2,8,00,A01
201700047206,2,07,000,00,2,0,00,Z01
201700047207,2,34,000,14,0,1,01,A01
201700047208,2,07,000,04,0,1,00,A01
201700047209,1,07,000,00,2,5,12,A01
201700047209,1,32,000,00,2,1,03,B01
201700047210,2,07,000,00,2,6,02,B01
201700047210,2,34,000,00,2,8,03,A01
201700047210,2,07,000,00,2,7,12,Z01
201700047211,1,33,000,04,0,3,01,A01
201700047212,1,07,000,00,2,1,02,Z01
201700047212,1,34,000,00,2,4,01,A01
201700047213,2,33,000,00,2,2,01,B01
201700047213,2,07,000,00,2,3,13,A01
201700047214,2,07,000,00,2,1,01,A01
201700047214,2,10,000,00,2,4,02,B01
201700047215,2,07,000,00,2,8,01,B01
201700047215,2,14,000,00,2,2,16,A01
201700047216,1,07,000,00,2,6,11,A01
201700047216,1,07,000,00,2,2,01,B01
201700047216,1,07,000,00,2,1,02,C01
201700047217,2,07,000,00,2,6,00,A01
201700047217,2,33,000,00,2,1,03,B01
201700047218,1,33,000,00,2,3,03,A01
201700047218,1,10,000,00,2,5,01,B01
201700047218,1,07,000,00,2,6,01,C01
201700047219,1,07,000,03,0,3,01,A01
201700047220,1,07,000,00,2,1,01,A01
201700047220,1,07,000,00,2,4,02,B01
201700047220,1,07,000,00,2,4,02,C01
201700047220,1,07,000,00,2,4,02,D01
201700047220,1,07,000,00,2,4,02,E01
201700047221,1,07,000,04,0,9,01,A01
201700047222,2,07,000,04,0,3,13,A01
201700047223,1,07,000,04,0,1,13,A01
201700047224,2,07,000,04,0,1,14,A01
201700047225,1,07,000,00,2,1,01,A01
201700047225,1,07,000,04,2,4,02,B01
201700047226,2,07,000,00,2,4,00,A01
201700047226,2,07,000,00,2,1,00,B01
201700047227,2,07,000,00,2,1,14,A01
201700047227,2,07,000,00,2,1,02,B01
201700047228,1,07,000,16,0,9,13,A01
201700047229,2,07,000,00,2,1,01,A01
201700047229,2,07,000,00,2,4,00,B01
201700047230,1,07,000,04,0,3,11,A01
201700047231,2,07,000,00,2,8,01,B01
201700047231,2,07,000,00,2,7,17,A01
201700047232,1,07,000,04,0,3,11,A01
201700047233,1,07,000,04,0,3,11,A01
201700047234,2,33,000,16,0,7,14,A01
201700047235,2,07,000,03,0,2,14,A01
201700047236,1,33,000,00,2,7,03,A01
201700047236,1,07,000,00,2,8,02,B01
201700047237,1,07,000,00,2,4,02,A01
201700047237,1,07,000,00,2,1,02,B01
201700047237,1,07,000,00,2,1,02,C01
201700047238,2,15,000,00,2,2,11,A01
201700047238,2,07,000,00,2,5,12,B01
201700047239,1,07,000,04,0,3,11,A01
201700047240,2,15,000,00,2,2,01,B01
201700047240,2,07,000,00,2,8,11,A01
201700047241,2,38,000,00,2,5,02,A01
201700047241,2,07,000,00,2,1,02,B01
201700047241,2,07,000,00,2,8,00,C01
201700047242,2,07,000,00,2,4,23,A01
201700047242,2,07,000,01,0,1,02,B01
201700047243,2,07,000,16,0,9,01,A01
201700047244,2,07,000,04,0,1,00,A01
201700047245,2,07,000,00,2,1,02,A01
201700047245,2,07,000,00,2,4,00,B01
201700047246,2,15,000,00,2,2,01,A01
201700047246,2,07,000,00,2,8,09,B01
201700047247,1,32,000,04,0,7,14,A01
201700047248,1,07,000,04,0,2,12,A01
201700047249,2,07,000,00,9,4,23,A01
201700047249,0,07,000,00,0,0,00,B01
201700047250,1,07,000,00,2,1,02,A01
201700047250,1,07,000,00,2,4,02,B01
201700047250,1,07,000,00,2,4,02,C01
201700047251,2,07,000,00,2,1,02,A01
201700047251,2,07,000,00,2,4,02,B01
201700047252,1,33,000,00,2,1,03,A01
201700047252,1,07,000,00,2,6,11,B01
201700047253,2,07,000,04,0,1,01,A01
201700047254,2,07,000,00,2,4,02,C01
201700047254,2,07,000,00,2,9,02,B01
201700047254,2,07,000,00,2,1,01,A01
201700047255,1,07,000,00,0,8,11,A01
201700047255,1,33,000,00,2,1,03,B01
201700047256,2,07,000,00,2,1,00,A01
201700047256,2,07,000,00,2,4,00,B01
201700047257,2,07,000,00,2,6,11,A01
201700047257,2,15,000,00,2,2,02,B01
201700047258,2,07,000,00,2,0,00,A01
201700047258,2,10,000,00,2,0,02,B01
201700047258,2,10,000,00,2,9,02,C01
201700047258,2,15,000,00,2,0,00,D01
201700047259,1,07,000,00,2,4,02,B01
201700047259,1,07,000,00,2,1,01,A01
201700047260,2,07,000,00,2,1,01,A01
201700047260,2,07,000,00,2,3,00,B01
201700047260,2,07,000,00,2,4,01,C01
201700047261,2,13,000,01,2,3,23,B01
201700047261,2,07,000,01,0,2,21,A01
201700047262,2,33,000,00,2,1,03,A01
201700047262,2,07,000,00,2,3,01,B01
201700047263,1,07,000,03,0,1,13,A01
201700047264,2,07,000,04,0,1,14,A01
201700047265,2,33,000,00,2,7,01,A01
201700047265,2,07,000,00,2,8,11,B01
201700047266,1,07,000,00,2,5,02,A01
201700047266,1,07,000,00,2,2,01,B01
201700047266,1,33,000,00,2,1,02,C01
201700047267,2,33,000,00,2,2,12,A01
201700047267,2,14,000,00,2,6,01,B01
201700047268,2,07,000,00,2,1,01,D01
201700047268,2,07,000,00,2,4,02,B01
201700047268,2,07,000,00,2,4,02,A01
201700047268,2,07,000,00,2,4,02,C01
201700047269,1,10,000,00,2,1,02,A01
201700047269,1,07,000,00,2,1,02,B01
201700047269,1,07,000,00,2,5,02,C01
201700047270,1,07,000,02,0,9,14,A01
201700047271,2,33,000,00,2,1,03,A01
201700047271,2,33,000,00,2,4,03,B01
201700047271,2,10,000,00,2,5,02,C01
201700047272,2,07,000,00,2,1,01,A01
201700047272,2,07,000,00,2,4,01,B01
201700047272,2,07,000,00,2,4,01,C01
201700047273,2,07,000,00,2,1,00,A01
201700047273,2,07,000,00,2,4,00,B01
201700047274,1,15,000,00,2,1,01,A01
201700047274,1,07,000,00,2,4,12,B01
201700047275,2,07,000,00,2,6,00,A01
201700047275,2,31,000,00,2,2,00,B01
201700047276,2,07,000,00,2,5,00,A01
201700047276,2,07,000,00,2,8,00,B01
201700047276,2,07,000,00,2,1,00,C01
201700047277,2,07,000,04,0,9,01,A01
201700047278,2,07,000,04,0,1,14,A01
201700047279,2,07,000,00,2,1,01,A01
201700047279,2,07,000,00,2,4,02,B01
201700047280,2,07,000,04,0,1,01,A01
201700047281,1,07,000,00,0,0,00,A01
201700047282,1,33,000,14,0,3,00,A01
201700047283,2,15,000,00,2,6,00,A01
201700047283,2,07,000,14,9,1,01,B01
201700047283,2,07,000,14,9,1,01,C01
201700047283,2,07,000,14,9,1,01,D01
201700047284,2,07,000,00,2,3,02,A01
201700047284,2,07,000,00,2,5,02,B01
201700047285,1,07,000,00,2,8,01,B01
201700047285,1,15,000,00,2,2,01,A01
201700047286,2,07,000,00,2,1,02,A01
201700047286,2,07,000,00,2,1,02,B01
201700047286,2,07,000,00,2,1,02,C01
201700047286,2,07,000,00,2,4,02,D01
201700047287,2,07,000,00,2,1,01,Z01
201700047287,2,07,000,00,2,4,02,A01
201700047288,2,14,000,00,2,1,02,A01
201700047288,2,07,000,00,2,4,02,B01
201700047289,1,34,000,00,2,8,03,A01
201700047289,1,07,000,00,2,7,02,B01
201700047290,1,07,000,04,0,1,02,A01
201700047291,2,07,000,00,2,4,02,B01
201700047291,2,07,000,00,2,4,02,D01
201700047291,2,07,000,00,2,4,02,C01
201700047291,2,07,000,00,2,1,01,A01
201700047292,2,33,000,00,2,5,03,B01
201700047292,2,33,000,00,2,5,03,A01
201700047292,2,07,000,00,2,8,01,C01
201700047292,2,07,000,00,2,1,01,D01
201700047293,1,07,000,00,2,6,01,A01
201700047293,1,07,000,00,2,1,02,B01
201700047293,1,07,000,00,2,2,02,C01
201700047293,1,07,000,00,2,2,02,D01
201700047294,1,07,000,00,2,1,01,A01
201700047294,1,10,000,00,2,6,02,B01
201700047294,1,07,000,00,2,4,02,D01
201700047294,1,10,000,00,2,4,02,C01
201700047295,2,07,000,00,2,5,02,A01
201700047295,2,33,000,00,2,1,03,B01
201700047296,2,07,000,04,0,1,01,A01
201700047297,2,07,000,04,0,3,13,A01
201700047298,2,33,000,00,2,1,01,B01
201700047298,2,07,000,00,2,4,02,A01
201700047299,1,15,000,04,0,3,11,A01
201700047299,1,15,000,00,2,3,01,B01
201700047300,2,07,000,00,2,2,12,A01
201700047300,2,07,000,00,2,9,02,B01
201700047301,2,07,000,00,2,8,00,A01
201700047301,2,33,000,00,2,2,00,B01
201700047302,2,07,000,00,2,6,01,A01
201700047302,2,15,000,00,2,2,12,B01
201700047303,1,33,000,00,2,3,03,A01
201700047303,1,07,000,00,2,2,01,B01
201700047304,1,07,000,00,2,5,02,B01
201700047304,1,07,000,00,2,3,11,A01
201700047305,1,31,000,00,2,4,03,A01
201700047305,1,10,000,00,2,1,02,B01
201700047306,1,33,000,00,2,1,02,A01
201700047306,1,07,000,00,2,6,11,B01