Num_Acc,senc,catv,occutc,obs,obsm,choc,manv,num_veh
201700047307,1,07,000,00,2,1,02,A01
201700047307,1,07,000,00,2,4,02,B01
201700047307,1,07,000,00,2,4,02,C01
201700047308,1,15,000,00,2,8,01,B01
201700047308,1,10,000,00,2,1,01,C01
201700047308,1,07,000,00,2,4,02,A01
201700047309,2,15,000,00,2,2,00,A01
201700047309,2,33,000,00,2,5,01,B01
201700047309,2,07,000,00,2,3,02,C01
201700047310,2,07,000,04,0,3,01,A01
201700047311,1,33,000,00,2,2,03,A01
201700047311,1,07,000,00,2,6,02,B01
201700047312,1,07,000,03,0,1,00,A01
201700047313,2,07,000,04,0,2,14,A01
201700047314,1,07,000,04,0,3,11,A01
201700047315,1,07,000,00,2,1,02,A01
201700047315,1,07,000,00,2,4,02,B01
201700047316,1,07,000,16,0,3,01,A01
201700047317,1,07,000,04,0,3,13,A01
201700047318,1,07,000,00,2,2,00,A01
201700047318,1,33,000,00,2,8,00,B01
201700047319,1,14,000,00,2,3,02,A01
201700047319,1,07,000,00,2,1,00,B01
201700047320,1,07,000,00,2,7,03,A01
201700047320,1,33,000,00,2,3,03,B01
201700047321,1,33,000,00,2,1,03,A01
201700047321,1,07,000,00,2,5,02,B01
201700047321,1,07,000,00,2,3,02,C01
201700047322,1,07,000,00,6,1,00,A01
201700047323,2,33,000,00,2,8,02,A01
201700047323,2,07,000,00,2,2,00,B01
201700047324,1,07,000,00,2,1,02,A01
201700047324,1,10,000,00,2,5,02,B01
201700047325,1,07,000,04,0,1,21,A01
201700047326,1,14,000,00,2,6,01,A01
201700047326,1,07,000,00,2,1,12,B01
201700047327,1,33,000,04,0,7,21,A01
201700047328,2,14,000,00,2,2,12,A01
201700047328,2,07,000,04,2,6,00,B01
201700047328,2,07,000,00,2,5,01,C01
201700047329,1,33,000,14,0,1,01,A01
201700047330,1,14,000,00,1,2,21,A01
201700047331,1,07,000,00,2,6,02,B01
201700047331,1,33,000,00,2,1,01,A01
201700047332,1,10,000,00,2,8,18,A01
201700047332,1,15,000,00,2,5,02,B01
201700047332,1,15,000,00,2,5,02,C01
201700047333,1,07,000,00,2,1,11,A01
201700047333,1,15,000,00,2,2,01,B01
201700047334,2,10,000,00,2,1,01,A01
201700047334,2,07,000,00,2,4,01,B01
201700047334,2,07,000,00,2,4,01,C01
201700047335,2,07,000,04,0,9,01,A01
201700047336,2,07,000,00,2,7,01,B01
201700047336,2,33,000,04,2,7,17,A01
201700047337,1,07,000,06,0,1,01,A01
201700047338,1,07,000,00,2,8,01,B01
201700047338,1,07,000,00,2,2,17,A01
201700047339,1,15,000,00,2,1,01,A01
201700047339,1,07,000,00,2,4,02,B01
201700047340,1,07,000,00,2,1,02,A01
201700047340,1,07,000,00,2,4,02,B01
201700047341,1,33,000,00,2,3,03,B01
201700047341,1,07,000,00,2,4,01,A01
201700047342,2,07,000,00,2,1,02,A01
201700047342,2,10,000,00,2,4,02,B01
201700047342,2,07,000,00,2,4,02,C01
201700047343,2,07,000,00,2,4,02,B01
201700047343,2,07,000,00,2,1,01,A01
201700047344,2,33,000,00,2,1,03,A01
201700047344,2,07,000,00,2,4,12,B01
201700047345,1,33,000,16,0,7,14,A01
201700047346,2,07,000,00,2,2,12,A01
201700047346,2,07,000,00,2,6,02,B01
201700047347,1,33,000,00,2,1,14,A01
201700047347,1,07,000,00,2,4,01,B01
201700047348,1,34,000,00,2,5,02,B01
201700047348,1,07,000,00,2,3,01,A01
201700047349,2,07,000,00,2,6,02,A01
201700047350,1,07,000,00,2,1,01,A01
201700047350,1,07,000,00,2,4,02,B01
201700047351,1,07,000,00,2,1,09,A01
201700047351,1,10,000,00,2,7,01,B01
201700047351,1,15,000,00,2,1,01,C01
201700047352,1,15,000,00,2,1,12,A01
201700047352,1,07,000,00,2,4,01,B01
201700047352,1,07,000,00,2,4,00,C01
201700047353,1,07,000,00,2,2,01,B01
201700047353,1,07,000,00,2,3,01,A01
201700047353,1,07,000,00,2,4,02,C01
201700047354,1,07,000,00,2,4,00,A01
201700047354,1,33,000,00,2,1,00,B01
201700047355,2,15,000,00,2,0,00,A01
201700047355,2,07,000,00,2,0,00,B01
201700047356,2,07,000,04,0,1,01,A01
201700047357,2,33,000,00,9,7,00,A01
201700047358,2,07,000,00,2,3,11,A01
201700047358,2,34,000,00,2,2,14,B01
201700047359,1,07,000,00,2,1,02,A01
201700047359,1,07,000,00,2,4,02,B01
201700047359,1,07,000,00,2,1,02,C01
201700047360,1,07,000,00,2,4,02,A01
201700047360,1,07,000,00,2,1,02,B01
201700047361,1,07,000,00,2,4,02,A01
201700047361,1,07,000,14,0,1,02,B01
201700047361,1,10,000,00,2,0,00,C01
201700047362,1,07,000,00,2,2,02,A01
201700047362,1,10,000,00,2,1,02,B01
201700047362,1,07,000,00,2,4,02,C01
201700047363,2,33,000,00,2,1,01,A01
201700047363,2,33,000,00,2,4,02,B01
201700047363,2,10,000,00,2,4,02,C01
201700047364,1,33,000,04,0,3,00,A01
201700047365,1,07,000,14,0,1,01,A01
201700047366,1,07,000,00,2,8,11,A01
201700047366,1,33,000,00,2,2,01,B01
201700047367,2,07,000,00,2,2,12,A01
201700047368,1,07,000,03,0,1,01,A01
201700047369,1,07,000,00,2,4,02,A01
201700047369,1,07,000,00,2,7,01,B01
201700047369,1,07,000,00,2,2,02,C01
201700047369,1,07,000,00,2,8,02,Z01
201700047370,2,33,000,00,2,3,01,A01
201700047370,2,07,000,00,2,4,00,B01
201700047371,1,07,000,13,0,1,01,A01
201700047372,1,07,000,00,2,1,00,A01
201700047372,1,07,000,00,2,4,00,B01
201700047373,1,07,000,00,2,2,12,B01
201700047373,1,07,000,00,2,6,01,A01
201700047373,1,07,000,00,2,2,01,C01
201700047374,1,07,000,00,2,1,01,A01
201700047374,1,07,000,00,2,4,01,B01
201700047374,1,07,000,00,2,4,01,C01
201700047374,1,07,000,00,2,4,01,D01
201700047374,1,07,000,00,2,4,01,E01
201700047375,2,07,000,00,2,8,11,A01
201700047375,2,33,000,00,2,7,02,B01
201700047376,2,37,001,04,0,3,09,A01
201700047377,1,07,000,00,2,4,02,B01
201700047377,1,07,000,00,2,1,02,A01
201700047378,1,07,000,00,2,1,02,A01
201700047378,1,07,000,00,2,4,02,B01
201700047378,1,07,000,00,2,4,02,C01
201700047379,1,07,000,00,2,5,23,B01
201700047379,1,07,000,01,0,3,01,A01
201700047380,2,07,000,00,2,4,02,A01
201700047380,2,07,000,00,2,1,02,B01
201700047381,1,10,000,00,2,3,01,A01
201700047381,1,10,000,00,2,4,09,Z01
201700047382,2,10,000,00,2,3,11,A01
201700047382,2,02,000,00,2,2,02,B01
201700047383,1,33,000,00,2,3,01,A01
201700047383,1,07,000,00,2,4,12,Z01
201700047384,1,07,000,00,2,1,02,A01
201700047384,1,07,000,00,2,4,02,B01
201700047385,1,07,000,00,2,1,01,A01
201700047385,1,07,000,00,2,4,02,B01
201700047385,1,07,000,00,2,4,02,C01
201700047386,1,07,000,00,2,4,01,A01
201700047386,1,07,000,00,2,1,02,B01
201700047387,1,07,000,00,2,1,02,A01
201700047388,1,07,000,00,2,4,01,A01
201700047388,1,07,000,00,2,1,02,B01
201700047388,1,07,000,00,2,1,02,C01
201700047389,1,10,000,00,2,1,01,A01
201700047389,1,07,000,00,2,4,01,B01
201700047390,2,07,000,00,2,1,02,B01
201700047390,2,10,000,00,2,4,02,A01
201700047391,1,07,000,16,0,3,13,A01
201700047392,2,32,000,16,0,0,03,A01
201700047393,2,33,000,00,2,5,02,A01
201700047393,2,10,000,00,2,3,02,B01
201700047394,1,33,000,00,2,1,03,A01
201700047394,1,07,000,00,2,8,01,B01
201700047395,2,33,000,00,2,8,01,A01
201700047395,2,02,000,00,2,7,12,B01
201700047396,2,10,000,03,0,7,01,A01
201700047397,2,07,000,01,0,1,01,A01
201700047397,2,07,000,00,2,4,24,C01
201700047397,2,07,000,00,0,4,24,B01
201700047398,2,07,000,03,0,2,14,A01
201700047399,2,07,000,04,0,1,01,A01
201700047400,2,07,000,04,0,1,01,A01
201700047401,2,33,000,04,2,1,03,A01
201700047401,2,07,000,00,2,7,00,B01
201700047401,2,07,000,00,2,8,02,C01
201700047401,2,10,000,00,2,6,02,D01
201700047402,2,07,000,04,0,1,13,A01
201700047403,2,07,000,00,2,4,11,A01
201700047403,2,33,000,00,2,1,01,B01
201700047403,2,07,000,00,2,8,01,C01
201700047404,1,07,000,00,2,2,02,C01
201700047404,1,07,000,00,2,6,09,A01
201700047404,1,07,000,00,2,2,21,B01
201700047405,2,07,000,00,2,3,01,A01
201700047405,2,33,000,00,2,5,12,B01
201700047406,2,10,000,00,2,4,23,A01
201700047406,2,10,000,01,0,1,01,B01
201700047407,1,07,000,00,2,6,11,A01
201700047407,1,33,000,00,2,2,03,B01
201700047408,2,07,000,04,0,3,13,A01
201700047409,1,07,000,03,0,2,00,A01
201700047410,2,07,000,04,0,1,00,A01
201700047411,2,07,000,04,0,3,13,A01
201700047412,1,07,000,04,0,3,00,A01
201700047413,2,07,000,00,2,1,00,A01
201700047413,2,07,000,00,2,6,00,B01
201700047414,1,07,000,04,0,3,12,A01
201700047415,1,07,000,00,2,5,00,A01
201700047415,1,07,000,00,2,3,00,B01
201700047416,2,33,000,00,2,2,12,A01
201700047416,2,33,000,00,2,6,01,B01
201700047417,1,33,000,00,2,4,00,A01
201700047418,1,15,000,00,2,7,12,A01
201700047418,1,07,000,00,2,8,01,B01
201700047419,2,33,000,00,2,2,03,A01
201700047419,2,07,000,00,2,5,02,B01
201700047419,2,10,000,00,2,3,02,C01
201700047420,1,07,000,04,0,9,00,A01
201700047421,1,13,000,04,2,2,14,A01
201700047421,1,07,000,00,2,8,01,B01
201700047421,1,07,000,00,2,7,01,C01
201700047422,2,10,000,00,2,6,00,A01
201700047422,2,34,000,00,2,1,00,B01
201700047423,1,07,000,04,2,3,02,A01
201700047424,2,07,000,00,2,6,02,A01
201700047424,2,10,000,00,2,2,14,B01
201700047425,2,07,000,00,2,4,02,C01
201700047425,2,07,000,00,2,1,01,A01
201700047425,2,07,000,00,2,4,02,B01
201700047426,1,33,000,00,2,2,21,A01
201700047426,1,07,000,00,2,6,11,B01
201700047427,2,07,000,00,2,4,01,A01
201700047427,2,07,000,00,2,1,01,B01
201700047428,1,07,000,03,0,2,14,A01
201700047429,1,07,000,00,2,6,11,A01
201700047429,1,33,000,00,2,7,03,B01
201700047430,2,33,000,00,2,3,00,A01
201700047430,2,07,000,00,2,2,12,B01
201700047431,2,07,000,04,0,1,13,A01
201700047432,2,07,000,00,2,1,00,A01
201700047432,2,10,000,00,2,4,00,B01
201700047432,2,07,000,00,2,4,00,C01
201700047433,1,07,000,03,0,1,01,A01
201700047434,2,07,000,03,0,1,01,A01
201700047435,2,07,000,04,9,4,00,A01
201700047436,1,07,000,03,2,1,12,A01
201700047436,1,07,000,03,2,4,01,B01
201700047437,2,07,000,00,2,4,02,A01
201700047437,2,07,000,00,2,1,01,B01
201700047438,1,07,000,04,0,1,01,A01
201700047439,2,07,000,04,0,1,01,A01
201700047440,1,07,000,03,0,1,01,A01
201700047441,2,07,000,00,2,6,01,A01
201700047441,2,07,000,00,2,2,00,B01
201700047441,2,07,000,00,2,6,01,C01
201700047442,1,33,000,00,2,3,01,A01
201700047442,1,07,000,00,2,0,00,Z01
201700047443,2,07,000,00,2,3,11,A01
201700047443,2,15,000,00,2,1,01,B01
201700047444,1,33,000,00,2,2,03,A01
201700047444,1,10,000,00,2,5,02,B01
201700047444,1,07,000,00,2,3,02,C01
201700047445,2,33,000,00,2,2,00,A01
201700047445,2,07,000,00,2,3,00,B01
201700047446,2,31,000,03,0,8,00,A01
201700047447,1,31,000,04,0,1,14,A01
201700047448,2,07,000,00,2,7,01,B01
201700047448,2,31,000,00,2,3,03,A01
201700047449,2,07,000,00,2,1,02,A01
201700047449,2,07,000,00,2,1,01,B01
201700047449,2,07,000,00,2,4,11,C01
201700047450,2,33,000,00,2,8,13,A01
201700047450,2,07,000,00,2,7,02,B01
201700047451,1,07,000,00,2,3,12,A01
201700047451,1,07,000,00,2,8,01,B01
201700047451,1,07,000,00,2,1,01,C01
201700047452,2,34,000,00,2,2,01,A01
201700047452,2,34,000,00,2,4,01,B01
201700047453,1,07,000,00,2,1,02,A01
201700047453,1,07,000,00,2,1,02,B01
201700047453,1,07,000,00,2,1,02,C01
201700047453,1,07,000,00,2,4,02,D01
201700047453,1,10,000,00,2,2,12,E01
201700047454,2,07,000,00,2,9,02,A01
201700047454,2,07,000,00,2,4,02,C01
201700047454,2,07,000,00,2,5,02,B01
201700047455,2,10,000,00,2,1,01,A01
201700047455,2,17,000,00,2,4,02,B01
201700047456,1,07,000,04,0,2,14,A01
201700047457,2,15,000,00,2,5,00,A01
201700047457,2,07,000,00,2,3,09,B01
201700047458,2,07,000,04,0,8,01,A01
201700047459,1,07,000,00,2,5,02,A01
201700047459,1,07,000,00,2,3,11,Z01
201700047460,2,07,000,00,2,5,02,B01
201700047460,2,07,000,00,2,1,01,A01
201700047461,1,10,000,00,9,1,01,A01
201700047462,1,07,000,00,2,4,02,C01
201700047462,1,07,000,00,2,1,01,A01
201700047462,1,07,000,00,2,4,02,B01
201700047463,1,07,000,00,2,8,11,A01
201700047463,1,33,000,00,2,7,03,B01
201700047464,1,33,000,00,2,1,03,A01
201700047464,1,10,000,00,2,8,01,B01
201700047464,1,10,000,00,2,8,01,C01
201700047465,2,07,000,00,2,1,02,A01
201700047465,2,07,000,00,2,4,02,B01
201700047465,2,07,000,00,2,4,02,C01
201700047466,2,07,000,04,0,2,12,A01
201700047467,2,07,000,00,2,3,01,B01
201700047467,2,07,000,00,2,4,02,A01
201700047467,2,07,000,00,2,4,02,C01
201700047468,2,33,000,00,2,8,01,B01
201700047468,2,10,000,00,2,2,12,A01
201700047469,2,10,000,00,2,1,02,A01
201700047469,2,10,000,00,2,4,02,B01
201700047470,2,07,000,03,0,1,14,A01
201700047471,1,07,000,00,2,9,00,A01
201700047471,1,07,000,00,2,2,02,B01
201700047471,1,07,000,00,2,0,00,Z01
201700047472,1,07,000,00,2,3,11,A01
201700047472,1,07,000,00,2,5,01,B01
201700047473,2,07,000,00,2,8,11,A01
201700047473,2,15,000,00,2,2,12,B01
201700047474,1,07,000,00,2,4,02,A01
201700047474,1,07,000,00,2,1,02,B01
201700047475,1,33,000,00,2,3,21,B01
201700047475,1,07,000,00,2,1,11,Z01
201700047475,1,07,000,00,2,2,01,A01
201700047476,2,07,000,00,2,8,02,A01
201700047476,2,07,000,00,2,0,00,Z01
201700047477,2,13,000,00,2,3,02,A01
201700047477,2,07,000,00,2,7,09,B01
201700047478,2,07,000,04,0,1,13,A01
201700047479,1,07,000,00,2,5,00,A01
201700047479,1,33,000,00,2,1,11,B01
201700047479,1,07,000,00,2,6,00,C01
201700047480,2,07,000,03,0,7,01,A01
201700047481,2,33,000,00,2,7,11,A01
201700047481,2,07,000,00,2,6,11,B01
201700047482,2,07,000,00,2,4,02,A01
201700047482,2,07,000,00,2,1,02,B01
201700047482,2,07,000,00,2,4,02,C01
201700047482,2,07,000,00,2,4,02,D01
201700047483,1,33,000,00,2,8,03,A01
201700047483,1,10,000,00,2,5,01,B01
201700047484,1,07,000,00,2,2,12,A01
201700047484,1,33,000,00,2,8,03,B01
201700047485,2,07,000,03,0,1,13,A01
201700047486,1,07,000,03,0,3,13,A01
201700047487,1,33,000,00,2,1,17,A01
201700047487,1,10,000,00,2,4,02,B01
201700047488,1,15,000,00,2,2,12,A01
201700047488,1,07,000,00,2,8,01,B01
201700047489,1,07,000,00,0,1,01,A01
201700047489,1,07,000,04,2,4,02,C01
201700047489,1,07,000,00,2,1,01,B01
201700047490,1,07,000,00,2,4,02,D01
201700047490,1,07,000,00,2,5,01,B01
201700047490,1,07,000,00,2,4,02,C01
201700047490,1,33,000,03,2,1,03,A01
201700047491,1,07,000,00,2,0,01,Z01
201700047491,1,13,000,00,2,2,01,B01
201700047491,1,07,000,00,2,4,02,C01
201700047491,1,07,000,00,2,4,02,A01
201700047492,1,07,000,00,2,5,01,B01
201700047492,1,07,000,00,2,3,11,A01
201700047493,1,33,000,00,2,6,01,A01
201700047493,1,07,000,00,9,2,12,B01
201700047494,1,07,000,00,2,4,02,B01
201700047494,1,10,000,00,2,1,01,A01
201700047495,1,14,000,00,2,2,02,A01
201700047495,1,07,000,00,2,9,11,B01
201700047496,1,07,000,04,2,3,17,A01
201700047496,1,07,000,00,2,8,01,B01
201700047496,1,07,000,,2,6,02,C01
201700047497,2,33,000,00,2,7,03,A01
201700047497,1,07,000,00,2,8,01,B01
201700047498,1,34,000,00,2,7,03,A01
201700047498,1,07,000,00,2,8,01,B01
201700047498,1,07,000,00,2,6,01,C01
201700047498,1,38,000,00,2,7,01,D01
201700047499,1,34,000,00,2,1,02,A01
201700047499,1,07,000,00,2,5,02,B01
201700047500,2,07,000,00,2,8,11,A01
201700047500,2,07,000,00,2,4,02,E01
201700047500,2,07,000,00,2,2,01,C01
201700047500,2,07,000,00,2,7,01,B01
201700047500,2,07,000,00,2,2,02,D01
201700047501,1,07,000,04,0,3,13,A01
201700047502,2,33,000,00,0,0,01,A01
201700047503,1,07,000,04,2,1,02,A01
201700047503,1,07,000,00,2,9,01,B01
201700047504,1,33,000,00,2,2,02,A01
201700047505,2,07,000,00,6,3,01,A01
201700047506,2,10,000,00,2,6,12,A01
201700047506,2,07,000,00,2,2,01,B01
201700047507,2,07,000,00,2,6,11,A01
201700047507,2,15,000,00,2,2,01,B01
201700047507,2,07,000,00,2,4,02,C01
201700047507,2,07,000,00,2,1,01,D01
201700047508,1,33,000,00,2,1,03,A01
201700047508,1,07,000,00,2,2,01,B01
201700047508,1,07,000,00,2,4,01,C01
201700047509,2,33,000,00,0,2,02,A01
201700047510,2,07,000,00,2,3,11,A01
201700047510,2,33,000,00,2,2,01,B01
201700047511,2,14,000,00,2,1,00,A01
201700047511,2,07,000,00,2,8,00,B01
201700047512,1,07,000,04,0,3,17,A01
201700047513,1,07,000,00,2,8,11,A01
201700047513,1,15,000,00,2,2,01,B01
201700047514,1,33,000,00,0,7,01,A01
201700047515,1,33,000,00,2,8,03,A01
201700047515,1,07,000,00,2,7,14,B01
201700047516,1,07,000,00,2,1,02,C01
201700047516,1,07,000,00,2,8,11,A01
201700047516,1,33,000,00,2,7,12,B01
201700047517,1,07,000,04,0,2,14,A01
201700047518,1,07,000,04,0,3,13,A01
201700047519,2,07,000,00,2,4,02,C01
201700047519,2,07,000,00,2,2,01,A01
201700047519,2,07,000,03,2,6,02,B01
201700047520,2,07,000,00,2,1,00,A01
201700047520,2,07,000,00,2,1,00,Z01
201700047521,1,07,000,00,2,3,11,A01
201700047521,1,07,000,00,2,2,00,B01
201700047522,2,33,000,00,2,1,03,A01
201700047522,2,07,000,00,2,7,01,B01
201700047523,2,33,000,16,0,1,09,A01
201700047524,2,14,000,00,2,2,02,A01
201700047524,2,07,000,00,2,9,02,B01
201700047524,2,07,000,00,2,9,02,C01
201700047524,2,07,000,00,2,4,02,D01
201700047525,2,07,000,00,2,1,02,A01
201700047525,2,07,000,00,2,4,02,B01
201700047525,2,07,000,00,2,4,02,C01
201700047525,2,07,000,00,2,1,02,D01
201700047526,2,34,000,00,2,6,03,A01
201700047526,2,07,000,00,2,7,01,B01
201700047527,1,07,000,00,2,2,01,A01
201700047527,1,07,000,00,2,1,13,B01
201700047528,1,14,000,04,0,2,11,A01
201700047529,1,17,000,00,2,5,12,A01
201700047529,1,07,000,00,2,3,01,B01
201700047530,1,10,000,00,2,2,14,A01
201700047530,1,33,000,00,2,7,21,B01
201700047530,1,07,000,00,2,8,01,C01
201700047530,1,33,000,00,2,8,00,D01
201700047531,2,33,000,04,0,8,00,A01
201700047532,1,07,000,04,0,9,12,A01
201700047533,1,07,000,00,2,2,12,A01
201700047533,1,31,000,00,2,3,03,B01
201700047534,1,33,000,00,2,1,03,A01
201700047534,1,07,000,00,2,4,01,B01
201700047535,2,33,000,16,0,7,01,A01
201700047536,2,10,000,00,0,0,11,A01
201700047536,2,34,000,00,2,8,03,B01
201700047537,2,07,000,00,2,1,12,A01
201700047537,2,07,000,00,2,4,02,B01
201700047537,2,38,000,00,2,4,02,C01
201700047538,2,07,000,00,2,1,02,A01
201700047538,2,07,000,00,2,4,02,B01
201700047539,2,07,000,00,2,4,02,A01
201700047539,2,07,000,00,2,1,02,B01
201700047540,1,07,000,04,0,3,21,A01
201700047541,2,34,000,00,2,3,01,B01
201700047541,2,10,000,00,2,2,12,A01
201700047542,1,14,000,00,2,2,00,A01
201700047542,1,07,000,00,2,8,00,B01
201700047543,2,07,000,00,2,0,00,Z01
201700047543,2,31,000,00,2,1,01,A01
201700047544,1,33,000,00,2,3,02,A01
201700047544,1,07,000,00,2,5,02,B01
201700047545,1,33,000,00,2,1,00,Z01
201700047545,1,07,000,00,2,3,01,A01
201700047546,2,10,000,00,2,6,02,A01
201700047546,2,07,000,00,2,2,12,B01
201700047547,1,33,000,00,2,8,02,A01
201700047547,1,07,000,00,2,5,12,Z01
201700047548,1,33,000,00,2,3,11,A01
201700047548,1,10,000,00,2,2,21,B01
201700047549,1,07,000,00,2,3,02,A01
201700047549,1,07,000,00,2,4,02,B01
201700047550,2,07,000,00,2,6,11,A01
201700047550,2,34,000,00,2,1,03,B01
201700047551,1,10,000,00,2,4,02,B01
201700047551,1,07,000,00,2,1,02,A01
201700047552,1,07,000,00,2,1,02,A01
201700047552,1,07,000,00,2,4,02,B01
201700047553,2,15,000,00,2,2,02,A01
201700047553,2,07,000,00,2,6,11,B01
201700047554,2,07,000,03,0,2,01,A01
201700047555,1,07,000,04,2,4,21,A01
201700047555,1,07,000,00,2,2,00,B01
201700047555,1,07,000,00,2,0,00,Z01
201700047556,2,07,000,00,2,4,02,A01
201700047556,2,15,000,00,2,3,02,B01
201700047557,2,07,000,03,0,1,00,A01
201700047558,1,07,000,00,2,4,02,D01
201700047558,1,07,000,00,2,4,02,B01
201700047558,1,10,000,00,2,1,01,A01
201700047558,1,07,000,00,2,4,02,C01
201700047559,2,10,000,00,2,3,01,A01
201700047559,2,07,000,00,2,2,12,B01
201700047560,1,10,000,00,2,1,00,A01
201700047560,1,07,000,00,2,4,00,B01
201700047560,1,07,000,00,2,4,00,C01
201700047561,2,33,000,00,2,8,03,B01
201700047561,2,07,000,00,2,5,14,A01
201700047562,2,07,000,00,2,3,09,A01
201700047562,2,15,000,00,2,2,02,B01
201700047563,2,07,000,00,2,4,01,B01
201700047563,2,07,000,00,2,3,09,A01
201700047564,2,10,000,00,2,1,02,Z01
201700047564,2,07,000,00,2,4,02,B01
201700047564,2,07,000,00,2,4,02,D01
201700047564,2,07,000,00,2,4,02,C01
201700047565,2,07,000,16,0,4,01,A01
201700047566,2,07,000,00,2,1,01,A01
201700047566,2,07,000,00,2,4,02,B01
201700047567,1,07,000,00,2,4,02,B01
201700047567,1,07,000,00,2,1,02,A01
201700047567,1,07,000,00,2,4,02,C01
201700047568,1,33,000,04,0,1,14,A01
201700047569,2,34,000,00,0,1,00,A01
201700047570,2,07,000,00,2,4,24,A01
201700047570,2,13,000,00,2,1,14,B01
201700047571,1,07,000,00,2,3,00,A01
201700047571,1,07,000,00,2,4,00,B01
201700047571,1,07,000,00,2,4,00,C01
201700047571,1,07,000,00,2,4,00,D01
201700047571,1,07,000,00,2,4,00,E01
201700047571,1,07,000,00,2,4,00,F02
201700047571,1,07,000,00,2,4,00,G02
201700047571,1,07,000,00,2,4,00,H02
201700047571,1,07,000,00,2,4,00,I02
201700047572,2,07,000,00,2,4,02,A01
201700047573,2,15,000,00,2,2,02,A01
201700047573,2,07,000,00,2,6,02,B01
201700047573,2,07,000,00,2,4,02,C01
201700047574,1,34,000,14,0,8,01,A01
201700047575,1,33,000,04,0,1,00,A01
201700047576,2,07,000,00,2,2,12,A01
201700047576,2,33,000,00,2,8,03,B01
201700047577,1,10,000,00,2,4,23,A01
201700047577,1,07,000,00,2,1,21,B01
201700047578,2,07,000,00,2,2,23,C01
201700047578,2,33,000,00,2,1,11,B01
201700047578,2,07,000,00,2,4,13,A01
201700047579,1,15,000,04,0,8,11,A01
201700047580,1,07,000,00,2,3,01,A01
201700047580,1,15,000,00,2,5,01,B01
201700047581,2,07,000,00,2,2,14,A01
201700047581,2,07,000,00,2,6,01,B01
201700047581,2,14,000,00,2,7,01,C01
201700047582,2,07,000,00,2,6,17,B01
201700047582,2,07,000,00,2,2,12,A01
201700047583,2,07,000,00,2,1,02,A01
201700047583,2,07,000,00,2,4,02,B01
201700047584,1,07,000,12,0,9,16,A01
201700047585,1,07,000,04,0,3,21,A01
201700047586,2,33,000,00,2,1,00,A01
201700047586,2,07,000,00,2,4,00,B01
201700047587,1,07,000,00,2,2,14,A01
201700047587,1,07,000,00,2,3,02,B01
201700047588,1,07,000,00,2,4,02,A01
201700047588,1,07,000,00,2,4,02,B01
201700047588,1,10,000,00,2,4,02,C01
201700047588,1,14,000,00,2,1,02,D01
201700047589,2,17,000,00,2,1,02,A01
201700047589,2,07,000,00,2,8,02,B01
201700047590,2,33,000,00,2,1,03,A01
201700047590,2,07,000,00,2,2,01,B01
201700047591,2,33,000,00,2,9,00,A01
201700047591,2,07,000,00,2,3,01,B01
201700047591,2,07,000,00,2,0,01,C01
201700047592,2,07,000,04,0,9,00,A01
201700047593,1,07,000,00,2,8,11,A01
201700047593,1,33,000,00,2,7,03,B01
201700047594,1,15,000,00,2,7,02,B01
201700047594,1,07,000,04,2,9,02,A01
201700047595,2,07,000,00,2,4,02,B01
201700047595,2,07,000,00,2,1,01,A01
201700047596,1,34,000,00,2,1,00,A01
201700047596,1,07,000,00,2,0,00,Z01
201700047597,1,10,000,04,0,3,00,A01
201700047598,1,10,000,00,2,1,02,A01
201700047598,1,07,000,00,2,4,02,B01
201700047599,2,07,000,00,2,2,12,A01
201700047599,2,33,000,00,2,3,02,B01
201700047600,2,10,000,00,2,1,02,A01
201700047600,2,10,000,00,2,4,02,B01
201700047601,1,34,000,00,2,0,00,A01
201700047601,1,07,000,00,2,0,00,B01
201700047602,2,07,000,00,2,7,12,B01
201700047602,2,33,000,00,2,8,01,A01
201700047602,2,07,000,00,2,7,01,C01
201700047603,2,14,000,00,2,1,02,A01
201700047603,2,10,000,00,2,4,02,B01
201700047604,1,33,000,00,2,1,02,A01
201700047604,1,10,000,00,2,4,21,B01
201700047605,2,07,000,00,0,0,00,A01
201700047606,1,07,000,00,2,6,02,A01
201700047606,1,33,000,00,2,7,03,B01
201700047607,2,07,000,00,2,4,02,A01
201700047607,1,07,000,00,2,1,02,B01
201700047608,1,10,000,00,2,1,01,A01
201700047608,1,17,000,00,2,4,01,B01
201700047609,1,33,000,00,2,1,02,A01
201700047609,1,07,000,00,2,4,02,B01
201700047610,1,07,000,04,2,7,19,A01
201700047610,1,07,000,00,2,1,01,B01
201700047610,1,07,000,00,2,4,01,C01
201700047611,1,33,000,00,2,1,00,A01
201700047611,1,07,000,00,2,8,00,B01
201700047612,1,07,000,04,0,1,01,A01
201700047613,1,07,000,00,2,1,02,A01
201700047613,1,07,000,00,2,1,02,B01
201700047613,1,14,000,00,2,2,00,C01
201700047614,2,07,000,04,0,4,16,A01
201700047615,1,07,000,00,2,0,00,A01
201700047615,1,07,000,00,2,6,02,B01
201700047615,1,07,000,00,2,4,02,C01
201700047616,1,07,000,04,0,2,14,A01
201700047617,1,07,000,00,2,0,00,Z01
201700047617,1,07,000,00,2,3,01,A01
201700047618,2,07,000,04,0,1,00,A01
201700047619,1,07,000,00,2,1,01,A01
201700047619,1,07,000,00,2,4,02,B01
201700047620,2,07,000,00,2,1,02,A01