Num_Acc,senc,catv,occutc,obs,obsm,choc,manv,num_veh
201700047620,2,07,000,00,2,4,02,B01
201700047620,2,07,000,00,2,4,02,C01
201700047621,1,07,000,00,2,1,02,A01
201700047621,1,07,000,00,2,4,02,B01
201700047621,1,07,000,00,2,4,02,C01
201700047622,2,07,000,00,2,1,02,A01
201700047622,2,07,000,00,2,4,02,B01
201700047622,2,07,000,00,2,4,02,C01
201700047622,2,07,000,00,2,4,02,D01
201700047622,2,07,000,00,2,4,02,E01
201700047622,2,10,000,00,2,4,02,F02
201700047623,2,10,000,00,2,1,02,A01
201700047623,2,10,000,00,2,1,02,B01
201700047623,2,13,000,00,2,4,02,C01
201700047624,2,07,000,00,2,1,02,A01
201700047624,2,07,000,00,2,4,02,B01
201700047625,2,15,000,00,2,3,01,A01
201700047625,2,07,000,00,2,5,02,B01
201700047625,2,15,000,00,2,6,02,C01
201700047625,2,10,000,00,2,5,02,D01
201700047626,1,10,000,00,2,1,02,A01
201700047626,1,07,000,00,2,4,02,B01
201700047627,1,10,000,00,2,1,21,A01
201700047627,1,07,000,00,2,4,02,B01
201700047628,1,07,000,04,0,3,01,A01
201700047629,2,07,000,04,0,2,14,A01
201700047630,2,07,000,14,0,2,14,A01
201700047631,1,07,000,00,9,4,02,B01
201700047631,1,13,000,00,2,1,01,A01
201700047632,2,07,000,00,2,4,11,A01
201700047632,2,33,000,00,2,1,03,B01
201700047633,1,07,000,00,2,2,00,A01
201700047633,1,33,000,00,2,0,00,B01
201700047633,1,15,000,00,2,0,00,C01
201700047634,1,07,000,00,2,5,01,A01
201700047634,1,33,000,00,2,1,03,B01
201700047635,1,07,000,04,0,9,13,A01
201700047636,2,07,000,04,0,1,01,A01
201700047637,2,07,000,02,0,2,14,A01
201700047638,1,33,000,00,2,1,02,A01
201700047638,1,07,000,00,2,6,02,B01
201700047639,1,07,000,03,0,1,11,A01
201700047640,1,10,000,08,0,2,14,A01
201700047641,1,33,000,04,0,2,14,A01
201700047642,1,07,000,00,2,1,02,A01
201700047642,1,07,000,00,2,4,02,B01
201700047643,2,07,000,04,0,1,01,A01
201700047644,2,07,000,04,0,9,00,A01
201700047645,1,14,000,00,2,4,04,A01
201700047645,1,33,000,00,2,1,23,B01
201700047646,1,33,000,00,2,0,00,A01
201700047646,1,10,000,00,2,0,00,B01
201700047646,1,10,000,00,2,0,00,C01
201700047647,1,07,000,00,2,4,02,B01
201700047647,1,07,000,00,2,1,01,A01
201700047648,2,07,000,00,2,4,02,B01
201700047648,2,07,000,00,2,1,14,Z01
201700047649,2,07,000,00,2,5,01,A01
201700047649,2,33,000,00,2,1,01,B01
201700047650,1,07,000,00,2,3,01,C01
201700047650,1,07,000,00,2,4,02,A01
201700047650,1,07,000,00,2,1,01,B01
201700047651,1,07,000,04,0,1,00,A01
201700047652,2,13,000,00,2,8,11,A01
201700047652,2,33,000,00,2,7,01,B01
201700047652,2,07,000,00,2,5,21,C01
201700047652,2,07,000,01,0,0,00,D01
201700047653,2,07,000,00,2,3,00,A01
201700047653,2,15,000,00,2,2,00,B01
201700047654,1,15,000,00,2,4,02,A01
201700047654,1,07,000,00,2,1,01,B01
201700047655,1,07,000,00,2,6,02,A01
201700047655,1,07,000,00,2,2,02,B01
201700047656,2,07,000,00,2,4,02,B01
201700047656,2,10,000,00,2,1,01,A01
201700047657,1,10,000,00,2,1,02,A01
201700047657,1,07,000,00,2,4,02,B01
201700047658,1,10,000,00,2,6,00,A01
201700047658,1,33,000,00,2,1,00,B01
201700047659,1,33,000,00,2,1,11,A01
201700047659,1,07,000,00,2,5,01,B01
201700047659,1,07,000,00,2,3,01,C01
201700047660,2,10,000,00,2,1,02,A01
201700047660,2,07,000,00,2,4,02,B01
201700047660,2,07,000,00,2,4,02,C01
201700047661,1,07,000,00,2,7,12,A01
201700047661,1,15,000,00,2,1,02,B01
201700047662,1,07,000,00,2,5,02,A01
201700047662,1,07,000,00,2,1,02,B01
201700047663,1,33,000,04,0,1,00,A01
201700047664,2,33,000,00,2,1,01,A01
201700047664,2,07,000,00,2,4,02,B01
201700047665,2,07,000,04,0,2,01,A01
201700047666,1,07,000,00,2,4,02,A01
201700047666,1,07,000,00,2,1,01,C01
201700047666,1,07,000,00,2,9,01,B01
201700047667,2,07,000,16,0,9,00,A01
201700047668,1,07,000,00,2,4,01,A01
201700047668,1,07,000,00,2,1,02,Z01
201700047669,1,07,000,04,0,1,12,A01
201700047670,1,07,000,00,2,6,01,A01
201700047670,1,07,000,00,2,2,14,Z01
201700047671,1,07,000,16,2,1,12,A01
201700047672,2,10,000,00,2,3,01,A01
201700047672,2,07,000,00,2,5,21,B01
201700047673,2,07,000,00,2,1,21,A01
201700047673,2,07,000,00,2,4,21,B01
201700047674,2,33,000,00,0,8,00,A01
201700047675,2,10,000,00,2,7,12,A01
201700047675,2,14,000,00,2,3,01,B01
201700047676,1,07,000,04,0,3,13,A01
201700047677,2,07,000,00,2,5,01,A01
201700047677,2,13,000,00,2,1,00,B01
201700047678,2,33,000,00,2,1,02,A01
201700047678,2,10,000,00,2,5,02,B01
201700047679,1,07,000,00,2,5,21,B01
201700047679,1,07,000,00,2,9,21,A01
201700047679,1,17,000,00,2,8,21,C01
201700047680,2,14,000,01,,1,01,B01
201700047680,2,15,000,00,2,4,11,C01
201700047680,2,15,000,00,2,1,11,D01
201700047680,2,07,000,00,2,4,23,A01
201700047681,2,16,000,00,2,3,13,A01
201700047681,2,07,000,03,2,6,01,B01
201700047682,1,33,000,00,2,1,01,B01
201700047682,1,07,000,00,2,4,02,A01
201700047683,2,10,000,00,2,4,02,B01
201700047683,2,07,000,00,2,2,01,A01
201700047684,1,15,000,00,2,1,00,A01
201700047684,1,07,000,00,2,7,00,B01
201700047685,1,14,000,00,2,1,02,A01
201700047685,1,07,000,00,2,4,02,B01
201700047685,1,07,000,00,2,4,02,C01
201700047686,2,07,000,04,0,2,00,A01
201700047687,2,33,000,00,2,1,21,A01
201700047687,2,07,000,00,9,4,21,B01
201700047688,2,07,000,00,2,1,01,A01
201700047688,2,07,000,00,2,4,02,B01
201700047689,1,07,000,03,0,1,21,A01
201700047690,2,07,000,04,0,8,13,A01
201700047691,1,07,000,00,2,4,12,A01
201700047691,1,33,000,00,2,1,03,B01
201700047692,2,10,000,00,2,4,01,A01
201700047692,2,07,000,00,2,1,01,B01
201700047693,2,33,000,03,0,1,12,A01
201700047694,2,07,000,04,2,2,01,A01
201700047694,2,13,000,00,2,3,13,Z01
201700047695,2,37,000,00,2,1,02,A01
201700047695,2,10,000,00,2,4,02,B01
201700047696,1,07,000,04,2,1,02,A01
201700047696,1,07,000,00,2,4,02,B01
201700047697,2,07,000,00,2,1,02,A01
201700047697,2,07,000,00,2,4,02,B01
201700047698,2,07,000,00,2,0,00,A01
201700047698,2,07,000,00,2,0,00,B01
201700047699,1,07,000,00,2,4,02,B01
201700047699,1,07,000,00,2,1,02,A01
201700047700,2,07,000,01,0,1,00,A01
201700047700,2,07,000,00,2,4,00,Z01
201700047701,1,07,000,04,0,1,01,A01
201700047702,1,07,000,00,2,1,11,A01
201700047702,1,07,000,00,2,4,02,B01
201700047703,2,07,000,04,0,1,01,A01
201700047704,1,07,000,06,2,5,00,A01
201700047704,1,07,000,06,2,6,00,B01
201700047704,1,10,000,06,2,8,01,C01
201700047705,2,07,000,00,2,4,00,C01
201700047705,2,07,000,00,2,4,00,B01
201700047705,2,07,000,00,2,4,00,D01
201700047705,2,14,000,00,2,1,00,A01
201700047705,2,07,000,00,2,4,00,E01
201700047706,2,07,000,05,0,9,19,A01
201700047707,2,10,000,03,0,1,12,A01
201700047708,2,15,000,00,2,1,01,A01
201700047708,2,07,000,00,2,4,02,B01
201700047708,2,07,000,00,2,4,02,C01
201700047709,2,07,000,00,2,3,01,B01
201700047709,2,34,000,00,2,2,03,A01
201700047710,2,07,000,00,2,6,02,A01
201700047710,2,07,000,00,2,2,14,B01
201700047711,1,07,000,00,1,1,01,A01
201700047712,1,07,000,00,1,0,00,Z01
201700047712,1,07,000,00,1,1,01,A01
201700047713,1,07,000,04,0,3,14,A01
201700047714,1,07,000,00,2,1,14,A01
201700047714,1,07,000,00,2,4,01,B01
201700047715,2,10,000,00,2,1,02,A01
201700047715,2,07,000,00,2,4,02,B01
201700047715,2,07,000,00,2,5,02,C01
201700047716,1,33,000,04,0,8,11,A01
201700047717,1,33,000,00,2,9,03,A01
201700047717,1,07,000,00,2,7,12,B01
201700047717,1,14,000,00,2,6,01,C01
201700047718,1,07,000,00,2,1,00,A01
201700047718,1,07,000,00,2,4,00,B01
201700047719,1,07,000,04,0,1,01,A01
201700047720,1,07,000,00,2,1,14,A01
201700047720,1,07,000,00,2,4,01,B01
201700047720,1,07,000,04,2,4,21,C01
201700047721,1,33,000,00,2,1,01,A01
201700047721,1,07,000,00,2,4,02,B01
201700047722,1,07,000,03,2,6,01,A01
201700047722,1,17,000,00,2,2,12,B01
201700047723,1,10,000,00,2,1,02,A01
201700047723,1,07,000,00,2,4,02,B01
201700047723,1,10,000,00,2,4,02,C01
201700047723,1,07,000,00,2,4,02,D01
201700047724,1,07,000,00,2,7,01,A01
201700047724,1,33,000,00,2,8,03,B01
201700047725,1,07,000,16,2,1,21,A01
201700047726,2,07,000,00,2,8,11,B01
201700047726,2,33,000,00,2,7,03,A01
201700047727,2,07,000,04,0,8,14,A01
201700047728,2,07,000,16,2,1,01,A01
201700047729,2,07,000,04,0,2,01,A01
201700047729,2,13,000,04,0,0,00,Z01
201700047730,2,07,000,04,0,1,01,A01
201700047731,1,07,000,04,0,1,14,A01
201700047732,1,07,000,00,2,8,01,B01
201700047732,1,07,000,00,2,2,14,A01
201700047733,2,07,000,00,2,6,01,A01
201700047733,2,07,000,00,2,1,00,Z01
201700047734,1,33,000,16,0,9,01,A01
201700047735,1,07,000,00,2,1,02,A01
201700047735,1,07,000,00,2,4,02,B01
201700047736,2,07,000,00,2,2,17,A01
201700047736,2,07,000,00,2,6,02,B01
201700047737,1,07,000,00,2,6,02,C01
201700047737,1,07,000,00,2,1,01,A01
201700047737,1,07,000,00,2,4,02,B01
201700047738,2,07,000,04,0,6,11,A01
201700047739,1,10,000,00,2,2,02,A01
201700047739,1,07,000,00,2,4,02,B01
201700047739,1,10,000,00,2,4,02,C01
201700047740,2,07,000,00,2,7,01,C01
201700047740,2,07,000,00,2,6,02,A01
201700047740,2,15,000,00,2,2,12,B01
201700047741,2,07,000,04,0,1,01,A01
201700047742,2,07,000,04,2,2,15,A01
201700047742,2,10,000,00,2,1,15,B01
201700047743,2,07,000,04,0,1,00,A01
201700047744,1,07,000,04,0,1,00,A01
201700047745,2,07,000,04,0,9,12,A01
201700047746,1,07,000,00,2,1,00,A01
201700047746,1,07,000,00,2,4,00,B01
201700047747,1,07,000,03,0,9,12,A01
201700047748,1,07,000,00,2,4,02,B01
201700047748,1,10,000,00,2,1,01,A01
201700047749,2,07,000,04,0,4,02,B01
201700047749,2,07,000,00,2,4,02,C01
201700047749,2,07,000,00,2,1,01,A01
201700047750,2,07,000,00,2,0,00,Z01
201700047750,2,33,000,00,2,9,01,A01
201700047751,2,07,000,00,2,4,23,A01
201700047751,2,07,000,00,2,1,01,B01
201700047751,2,07,000,00,2,1,01,C01
201700047752,2,07,000,00,2,1,02,A01
201700047752,2,07,000,00,2,5,02,B01
201700047752,2,07,000,00,2,4,02,C01
201700047753,2,07,000,04,2,8,00,A01
201700047753,2,07,000,00,2,5,01,B01
201700047754,2,07,000,04,2,2,09,A01
201700047754,2,07,000,00,2,3,01,B01
201700047755,1,07,000,00,2,1,02,A01
201700047755,1,07,000,00,2,4,02,B01
201700047756,2,07,000,04,0,2,14,A01
201700047757,1,07,000,03,0,1,11,A01
201700047758,2,07,000,00,2,1,00,A01
201700047758,2,14,000,00,2,2,00,B01
201700047759,2,07,000,00,2,4,01,B01
201700047759,2,07,000,00,2,1,02,Z01
201700047760,1,07,000,04,2,9,01,A01
201700047760,1,07,000,00,2,2,14,B01
201700047761,1,07,000,00,2,4,09,A01
201700047761,1,07,000,00,2,1,02,B01
201700047762,1,07,000,00,2,1,02,C01
201700047762,1,07,000,00,2,1,01,A01
201700047762,1,07,000,00,2,4,02,B01
201700047762,1,07,000,00,2,8,11,D01
201700047763,2,07,000,00,1,4,23,B01
201700047763,2,07,000,01,0,1,01,A01
201700047764,2,07,000,00,2,2,00,A01
201700047764,2,07,000,00,2,6,01,B01
201700047765,2,07,000,04,0,1,02,A01
201700047766,2,07,000,00,0,9,00,A01
201700047767,1,07,000,01,0,2,14,A01
201700047768,2,32,000,00,2,1,00,A01
201700047768,2,07,000,00,2,5,00,B01
201700047769,1,07,000,04,0,1,13,A01
201700047770,1,07,000,00,2,2,13,A01
201700047770,1,07,000,00,2,3,01,B01
201700047771,2,07,000,04,0,2,01,A01
201700047772,2,07,000,03,0,1,01,A01
201700047773,2,07,000,04,0,1,02,A01
201700047774,1,07,000,03,9,1,13,A01
201700047775,1,07,000,00,9,1,01,A01
201700047776,1,07,000,00,9,1,01,A01
201700047777,2,07,000,00,2,4,02,A01
201700047777,2,14,000,00,2,1,02,Z01
201700047778,2,33,000,00,2,8,02,A01
201700047778,2,07,000,00,2,7,02,Z01
201700047779,2,07,000,00,2,2,02,A01
201700047779,2,15,000,00,2,6,01,B01
201700047780,2,07,000,04,0,3,01,A01
201700047781,1,07,000,04,0,3,00,A01
201700047782,1,07,000,00,2,1,02,A01
201700047782,1,07,000,00,2,6,23,B01
201700047783,1,07,000,00,2,2,02,A01
201700047783,1,07,000,00,2,6,02,B01
201700047784,2,37,000,00,2,1,02,A01
201700047784,2,07,000,00,2,4,02,B01
201700047784,2,07,000,00,2,4,02,C01
201700047784,2,07,000,00,2,4,02,D01
201700047784,2,07,000,00,2,4,02,E01
201700047785,1,07,000,04,0,3,00,A01
201700047786,1,15,000,00,2,2,01,A01
201700047786,1,07,000,00,2,6,11,B01
201700047787,2,07,000,00,2,1,02,A01
201700047787,2,07,000,00,2,4,02,B01
201700047787,2,07,000,00,2,4,02,C01
201700047787,2,07,000,00,2,4,02,D01
201700047787,2,07,000,00,2,4,02,E01
201700047787,2,07,000,00,2,4,02,F02
201700047788,1,15,000,00,2,2,12,A01
201700047788,1,07,000,00,2,6,01,B01
201700047789,2,07,000,04,0,1,11,A01
201700047790,2,07,000,00,2,1,00,A01
201700047790,2,07,000,00,2,4,00,C01
201700047790,2,07,000,00,2,4,00,B01
201700047791,1,07,000,00,2,8,00,A01
201700047791,1,33,000,00,2,7,00,B01
201700047792,1,33,000,04,0,8,13,A01
201700047793,1,10,000,00,2,3,01,A01
201700047793,1,07,000,00,2,5,12,B01
201700047794,1,07,000,00,2,2,14,B01
201700047794,1,07,000,04,2,3,11,A01
201700047795,2,07,000,00,2,4,02,A01
201700047795,2,07,000,00,2,1,02,B01
201700047795,2,07,000,00,2,4,02,Z01
201700047796,1,07,000,00,2,2,00,B01
201700047796,1,07,000,00,2,3,00,A01
201700047797,1,07,000,00,2,2,14,B01
201700047797,1,15,000,00,2,6,01,A01
201700047798,2,07,000,00,2,4,02,A01
201700047798,2,07,000,00,2,4,02,B01
201700047798,2,07,000,00,2,1,09,C01
201700047799,2,07,000,03,0,2,02,A01
201700047800,2,07,000,00,2,4,02,A01
201700047800,2,07,000,00,2,1,02,B01
201700047800,2,07,000,00,2,1,02,C01
201700047801,2,07,000,04,0,2,13,A01
201700047802,1,07,000,04,0,4,01,A01
201700047803,1,07,000,00,2,4,02,A01
201700047803,1,07,000,00,2,1,01,B01
201700047804,2,07,000,00,2,1,02,A01
201700047804,2,15,000,00,2,1,02,B01
201700047804,2,15,000,00,2,4,02,C01
201700047805,1,31,000,00,2,3,03,A01
201700047805,1,07,000,00,2,5,12,B01
201700047806,1,07,000,00,2,3,01,B01
201700047806,1,33,000,00,2,1,03,A01
201700047807,1,07,000,00,2,1,02,A01
201700047807,1,10,000,00,2,4,01,B01
201700047808,2,07,000,01,2,3,01,A01
201700047808,2,13,000,00,2,2,00,B01
201700047809,1,32,000,00,2,5,01,A01
201700047809,1,07,000,00,2,3,11,B01
201700047809,1,07,000,00,2,2,01,C01
201700047810,2,33,000,04,0,1,00,A01
201700047811,1,07,000,00,2,1,02,A01
201700047811,1,07,000,00,2,6,02,B01
201700047811,1,07,000,00,2,4,02,C01
201700047812,2,07,000,04,2,3,01,A01
201700047813,1,07,000,00,2,1,02,A01
201700047813,1,07,000,00,2,4,02,B01
201700047814,1,14,000,00,2,1,02,A01
201700047814,1,07,000,00,2,4,02,B01
201700047815,1,07,000,00,2,1,12,A01
201700047815,1,07,000,00,2,4,01,B01
201700047815,1,10,000,00,2,4,01,C01
201700047816,1,07,000,00,2,1,01,C01
201700047816,1,07,000,00,2,8,23,B01
201700047816,1,07,000,04,2,6,23,A01
201700047817,1,07,000,04,0,1,13,A01
201700047817,1,07,000,14,0,1,02,B01
201700047818,2,07,000,04,0,1,11,A01
201700047819,1,33,000,00,2,8,21,A01
201700047819,1,07,000,00,2,0,11,B01
201700047820,2,07,000,00,2,4,01,A01
201700047820,2,07,000,00,2,1,02,B01
201700047820,2,10,000,00,2,1,02,C01
201700047821,1,31,000,00,2,1,03,A01
201700047821,1,07,000,00,2,3,11,B01
201700047822,1,33,000,00,2,1,03,A01
201700047822,1,10,000,00,2,6,11,B01
201700047823,1,33,000,00,2,1,14,A01
201700047823,1,07,000,00,2,4,02,B01
201700047824,2,07,000,00,2,6,23,D01
201700047824,2,17,000,00,2,3,01,A01
201700047824,2,07,000,00,2,6,23,C01
201700047824,2,07,000,00,2,4,23,B01
201700047825,1,07,000,00,2,8,11,A01
201700047825,1,33,000,00,2,7,01,B01
201700047826,2,07,000,04,0,7,13,A01
201700047827,2,10,000,00,2,1,02,A01
201700047827,2,07,000,00,2,4,02,B01
201700047828,2,07,000,00,2,6,02,A01
201700047828,2,07,000,00,2,2,02,B01
201700047828,2,10,000,00,2,3,02,C01
201700047829,1,33,000,00,2,2,14,A01
201700047830,2,07,000,04,0,2,01,A01
201700047831,1,33,000,00,2,1,01,A01
201700047831,1,07,000,04,2,3,09,B01
201700047831,1,07,000,00,2,2,01,C01
201700047831,1,07,000,00,2,2,01,D01
201700047832,2,07,000,00,2,1,02,A01
201700047832,2,07,000,00,2,4,01,B01
201700047833,1,33,000,00,2,1,03,A01
201700047833,1,07,000,00,2,2,12,B01
201700047834,2,07,000,04,2,1,01,A01
201700047835,1,07,000,07,0,1,01,A01
201700047836,1,33,000,00,2,2,17,A01
201700047836,1,07,000,00,2,8,13,B01
201700047837,2,33,000,00,2,1,00,A01
201700047837,2,07,000,00,2,4,00,B01
201700047837,2,14,000,00,2,1,00,C01
201700047838,2,33,000,00,9,1,00,A01
201700047839,1,33,000,00,2,6,03,A01
201700047839,1,10,000,00,2,5,02,B01
201700047840,2,07,000,00,2,1,17,A01
201700047840,2,07,000,00,2,6,01,B01
201700047840,2,07,000,00,2,4,02,C01
201700047841,2,10,000,03,2,4,01,A01
201700047841,2,07,000,00,2,1,01,B01
201700047842,2,10,000,00,2,5,02,B01
201700047842,2,33,000,00,2,3,02,A01
201700047843,1,07,000,06,0,1,21,A01
201700047844,2,07,000,03,0,3,12,A01
201700047845,1,07,000,04,0,1,00,A01
201700047846,1,07,000,00,2,3,00,A01
201700047846,1,07,000,00,2,2,00,B01
201700047847,2,07,000,04,0,1,14,A01
201700047848,2,07,000,00,2,8,11,A01
201700047848,2,14,000,00,2,2,01,B01
201700047849,2,33,000,00,9,3,13,A01
201700047850,1,07,000,04,0,3,01,A01
201700047851,2,33,000,04,0,3,16,A01
201700047852,2,07,000,00,2,8,09,B01
201700047852,2,15,000,00,2,2,01,A01
201700047853,2,07,000,00,2,4,02,A01
201700047853,2,07,000,00,2,4,02,B01
201700047853,2,07,000,00,2,5,02,C01
201700047853,2,07,000,01,0,3,14,D01
201700047854,2,07,000,00,2,1,02,A01
201700047854,2,07,000,00,2,4,02,B01
201700047855,2,07,000,00,2,4,00,A01
201700047855,2,07,000,00,2,4,00,B01
201700047855,2,07,000,04,2,1,00,C01
201700047856,2,07,000,00,2,4,02,B01
201700047856,2,07,000,00,2,4,02,D01
201700047856,2,07,000,00,2,4,02,C01
201700047856,2,07,000,00,2,1,02,A01
201700047857,2,07,000,00,2,4,02,B01
201700047857,2,07,000,00,2,1,01,C01
201700047857,2,07,000,00,2,1,01,A01
201700047858,2,07,000,00,2,1,13,A01
201700047858,2,33,000,00,2,4,01,B01
201700047858,2,31,000,00,2,4,01,C01
201700047859,1,07,000,00,2,8,11,A01
201700047859,1,33,000,00,2,2,02,B01
201700047860,1,07,000,13,0,9,14,A01
201700047861,1,07,000,00,2,3,11,A01
201700047861,1,33,000,00,2,7,01,B01
201700047862,2,33,000,00,2,7,03,A01
201700047862,2,07,000,00,2,6,13,B01
201700047863,1,07,000,04,0,0,01,A01
201700047864,2,07,000,04,0,3,12,A01
201700047865,2,33,000,00,2,4,01,A01
201700047865,2,34,000,00,2,1,02,B01
201700047866,1,34,000,14,9,1,01,A01
201700047867,2,07,000,00,2,4,11,A01
201700047867,2,33,000,00,2,1,03,B01
201700047868,2,33,000,00,2,0,03,A01
201700047868,2,07,000,00,2,0,01,B01
201700047869,1,07,000,00,2,1,00,A01
201700047869,1,07,000,00,2,1,11,B01
201700047870,2,07,000,00,2,1,02,A01
201700047870,2,07,000,00,2,4,02,B01
201700047871,2,07,000,00,2,1,02,A01
201700047871,2,07,000,00,2,4,02,B01
201700047871,2,07,000,00,2,4,02,C01
201700047871,2,07,000,00,2,4,02,D01
201700047871,2,07,000,00,2,4,02,E01
201700047871,2,07,000,00,2,4,02,F02
201700047872,1,07,000,00,2,4,02,A01
201700047872,1,07,000,00,2,4,02,B01
201700047872,1,07,000,00,2,4,02,C01
201700047872,1,07,000,00,2,1,02,D01
201700047873,1,07,000,00,2,4,09,A01
201700047873,1,07,000,00,2,1,00,B01
201700047873,1,07,000,00,2,4,00,C01
201700047873,1,07,000,00,2,0,00,Z01
201700047874,2,07,000,04,0,3,11,A01
201700047875,1,07,000,03,0,1,01,A01
201700047876,1,07,000,00,2,1,02,A01
201700047876,1,07,000,00,2,4,02,B01
201700047877,1,07,000,00,2,3,00,Z01
201700047877,1,07,000,03,2,5,01,A01
201700047878,2,07,000,00,2,1,02,A01
201700047878,2,10,000,00,2,4,02,B01
201700047879,2,33,000,00,2,1,03,A01
201700047879,2,07,000,00,2,4,11,B01
201700047880,2,07,000,00,2,1,01,A01
201700047880,2,07,000,00,2,4,02,C01
201700047880,2,31,000,00,2,4,02,B01
201700047881,1,07,000,00,2,4,01,B01
201700047881,1,07,000,00,2,4,01,D01
201700047881,1,07,000,00,2,1,09,A01
201700047881,1,07,000,00,2,4,02,C01
201700047882,1,07,000,00,2,5,01,B01
201700047882,1,31,000,00,2,1,21,A01
201700047883,2,33,000,00,2,0,00,Z01
201700047883,2,33,000,00,2,7,01,A01
201700047884,1,17,000,00,2,5,01,B01
201700047884,1,07,000,00,2,2,12,A01
201700047885,2,33,000,00,2,7,01,A01
201700047885,2,07,000,00,2,8,13,B01
201700047886,2,33,000,00,2,8,03,A01
201700047886,2,10,000,00,2,2,01,B01
201700047887,2,07,000,00,2,7,13,A01
201700047887,2,10,000,00,2,1,02,C01
201700047887,2,07,000,00,2,7,02,B01
201700047888,1,07,000,00,2,2,00,A01
201700047888,1,07,000,00,2,3,00,B01
201700047889,1,07,000,00,2,1,02,A01
201700047889,1,07,000,00,2,4,23,B01
201700047889,1,07,000,00,2,4,23,C01
201700047890,1,07,000,00,2,1,02,A01
201700047890,1,07,000,00,2,4,02,B01
201700047890,1,07,000,00,2,4,02,C01
201700047890,1,07,000,00,2,4,02,D01
201700047891,2,07,000,04,0,6,00,A01
201700047891,2,07,000,16,0,0,00,B01
201700047892,2,33,000,00,2,1,03,A01
201700047892,2,07,000,00,2,7,12,B01
201700047892,2,07,000,00,2,8,01,C01
201700047893,1,07,000,00,2,6,11,A01
201700047893,1,34,000,00,2,2,03,B01
201700047894,2,33,000,00,2,8,18,B01
201700047894,2,07,000,00,2,7,12,A01
201700047895,2,07,000,00,2,7,12,A01
201700047895,2,07,000,00,2,8,01,B01
201700047895,2,33,000,00,2,3,03,C01
201700047896,2,07,000,04,0,1,00,A01
201700047897,2,07,000,04,2,7,17,A01
201700047897,2,07,000,04,2,8,02,B01
201700047898,2,10,000,00,2,1,01,A01
201700047898,2,07,000,00,2,4,02,C01
201700047898,2,07,000,00,2,4,02,B01
201700047898,2,07,000,00,2,4,02,D01
201700047899,2,07,000,00,2,4,02,C01
201700047899,2,07,000,00,2,1,02,A01
201700047899,2,07,000,00,2,4,02,B01
201700047900,1,07,000,06,0,3,13,A01
201700047901,2,07,000,00,2,4,02,A01
201700047901,2,07,000,00,2,4,02,B01
201700047901,2,07,000,00,2,1,01,D01
201700047901,2,07,000,00,2,4,02,C01
201700047902,2,07,000,00,2,4,02,F02
201700047902,2,10,000,00,2,4,02,C01
201700047902,2,07,000,00,2,4,02,E01
201700047902,2,14,000,00,2,1,02,A01
201700047902,2,07,000,00,2,4,02,B01
201700047902,2,10,000,00,2,4,02,D01
201700047903,2,33,000,16,0,7,14,A01
201700047904,1,10,000,03,0,1,01,A01
201700047905,2,34,000,00,2,2,03,A01
201700047905,2,07,000,00,2,6,01,B01
201700047906,2,07,000,00,2,1,02,A01
201700047906,2,07,000,00,2,4,02,B01
201700047907,1,07,000,00,2,1,01,A01
201700047907,1,07,000,00,2,4,01,B01
201700047908,2,31,000,00,2,1,03,A01
201700047908,2,07,000,00,2,6,11,B01
201700047909,2,07,000,00,2,1,02,A01
201700047909,2,07,000,00,2,4,02,B01
201700047909,2,07,000,00,2,6,02,C01
201700047909,2,10,000,00,2,8,02,D01
201700047910,1,10,000,00,2,1,00,A01
201700047910,1,07,000,00,2,4,00,B01
201700047910,1,07,000,00,2,4,00,Z01
201700047911,1,07,000,04,0,3,13,A01
201700047912,2,33,000,14,0,3,13,A01
201700047913,1,07,000,04,2,3,13,A01
201700047913,1,07,000,00,2,1,02,B01
201700047914,1,15,000,00,2,6,02,A01
201700047914,1,07,000,00,2,1,14,B01
201700047915,2,07,000,00,2,0,00,A01
201700047915,2,07,000,00,2,0,00,B01
201700047915,2,07,000,00,2,0,00,C01
201700047916,1,07,000,04,0,1,01,A01
201700047917,2,33,000,00,2,3,02,A01
201700047917,2,07,000,00,2,0,00,Z01
201700047918,2,07,000,00,2,1,02,A01
201700047918,2,07,000,00,2,4,02,B01
201700047918,2,07,000,00,2,4,02,C01
201700047918,2,07,000,00,2,4,02,D01
201700047918,2,07,000,00,2,4,02,E01
201700047919,1,07,000,00,2,4,02,B01
201700047919,1,07,000,00,2,1,02,A01
201700047920,1,07,000,04,0,1,01,A01
201700047921,2,33,000,16,0,8,03,A01
201700047922,2,07,000,01,2,1,02,A01
201700047922,2,07,000,00,2,4,23,B01
201700047923,1,07,000,01,0,1,19,A01
201700047923,1,15,000,00,2,2,24,B01
201700047924,2,07,000,04,0,1,21,A01
201700047925,2,07,000,04,0,3,21,B01
201700047925,2,10,000,04,0,1,12,A01
201700047926,1,07,000,00,2,3,11,A01
201700047926,1,07,000,00,2,5,01,B01
201700047927,2,07,000,00,2,1,01,A01
201700047927,2,13,000,00,2,4,02,B01
201700047928,1,10,000,00,2,5,01,A01
201700047928,1,10,000,00,2,3,01,B01
201700047929,2,07,000,03,2,1,16,A01
201700047930,1,07,000,00,2,4,02,B01
201700047930,1,07,000,00,2,1,01,A01
201700047931,2,07,000,03,0,1,21,A01
201700047932,2,31,000,04,0,8,11,A01
201700047933,2,07,000,00,2,1,12,A01