Num_Acc,senc,catv,occutc,obs,obsm,choc,manv,num_veh
201700048544,2,07,000,00,2,4,02,B01
201700048544,2,07,000,00,2,1,02,A01
201700048544,2,10,000,00,2,4,02,D01
201700048545,2,07,000,00,2,1,02,A01
201700048545,2,10,000,00,2,4,02,B01
201700048545,2,07,000,00,2,4,02,C01
201700048546,2,33,000,14,0,0,21,A01
201700048547,1,07,000,00,2,2,12,A01
201700048547,1,32,000,00,2,3,01,B01
201700048548,1,07,000,03,0,1,14,A01
201700048549,2,07,000,07,0,2,14,A01
201700048550,1,33,000,00,2,1,14,A01
201700048550,1,07,000,00,2,5,01,B01
201700048551,1,07,000,00,2,3,11,A01
201700048551,1,33,000,00,2,1,03,B01
201700048552,1,07,000,00,2,4,02,C01
201700048552,1,07,000,00,2,4,02,B01
201700048552,1,07,000,00,2,1,02,A01
201700048553,1,07,000,00,2,1,00,B01
201700048553,1,07,000,00,9,4,00,C01
201700048553,1,07,000,00,2,1,00,A01
201700048554,2,07,000,00,2,1,01,C01
201700048554,2,07,000,00,2,3,17,A01
201700048554,2,07,000,00,2,5,01,B01
201700048555,1,07,000,04,0,3,13,A01
201700048556,2,07,000,00,2,4,01,C01
201700048556,2,10,000,00,2,1,01,A01
201700048556,2,07,000,00,2,4,01,B01
201700048557,2,07,000,00,2,4,02,B01
201700048557,2,07,000,00,2,4,02,C01
201700048557,2,07,000,00,2,1,02,A01
201700048558,2,07,000,00,2,4,00,B01
201700048558,2,07,000,00,2,4,00,C01
201700048558,2,10,000,00,2,1,00,A01
201700048559,1,07,000,00,2,4,02,B01
201700048559,1,14,000,00,2,1,02,A01
201700048559,1,07,000,00,2,4,02,D01
201700048559,1,07,000,00,2,1,02,C01
201700048560,1,10,000,00,2,4,23,D01
201700048560,2,07,000,00,2,4,02,C01
201700048560,2,15,000,00,2,1,02,A01
201700048560,2,10,000,00,2,4,23,B01
201700048561,2,15,000,00,9,0,02,A01
201700048561,2,07,000,14,9,0,02,B01
201700048562,2,10,000,00,2,6,01,C01
201700048562,2,07,000,00,2,2,12,B01
201700048562,2,33,000,00,2,1,03,A01
201700048563,1,07,000,00,2,1,02,A01
201700048563,1,07,000,00,2,4,02,B01
201700048564,2,31,000,00,2,1,03,A01
201700048564,2,07,000,00,2,5,12,B01
201700048565,1,07,000,00,2,1,00,D01
201700048565,1,07,000,00,2,4,02,B01
201700048565,1,07,000,00,2,5,00,C01
201700048565,1,07,000,00,2,1,02,A01
201700048566,1,07,000,00,9,0,21,A01
201700048567,2,07,000,00,2,2,12,B01
201700048567,2,33,000,00,2,3,03,A01
201700048568,1,33,000,00,2,2,00,A01
201700048568,1,07,000,00,2,3,00,B01
201700048568,1,10,000,00,2,5,00,C01
201700048569,1,10,000,00,2,4,02,C01
201700048569,1,07,000,00,2,4,02,B01
201700048569,1,07,000,00,2,1,02,A01
201700048570,1,07,000,00,2,3,11,A01
201700048570,1,07,000,00,2,4,01,C01
201700048570,1,33,000,00,2,1,02,B01
201700048571,2,07,000,00,2,4,02,B01
201700048571,2,07,000,00,2,4,02,D01
201700048571,2,07,000,00,2,4,02,C01
201700048571,2,07,000,00,2,1,02,A01
201700048572,1,33,000,00,2,1,02,A01
201700048572,1,07,000,00,2,4,02,B01
201700048573,2,07,000,00,2,7,12,A01
201700048573,2,33,000,00,2,8,03,B01
201700048574,2,07,000,00,2,3,01,C01
201700048574,2,33,000,00,2,1,03,A01
201700048574,2,33,000,00,2,4,03,B01
201700048575,1,07,000,00,2,4,02,B01
201700048575,1,34,000,00,2,1,01,A01
201700048576,2,33,000,00,2,1,18,A01
201700048576,2,07,000,00,9,4,12,B01
201700048577,1,33,000,00,2,1,01,A01
201700048577,1,07,000,00,2,6,01,B01
201700048578,1,07,000,01,0,1,02,C01
201700048578,1,07,000,00,2,4,02,B01
201700048578,1,07,000,00,2,1,02,A01
201700048579,1,10,000,03,0,3,01,B01
201700048579,1,07,000,04,2,3,14,A01
201700048580,1,07,000,00,2,4,02,B01
201700048580,1,07,000,00,2,1,02,A01
201700048581,1,07,000,00,2,1,00,A01
201700048581,1,07,000,00,2,4,00,B01
201700048581,1,07,000,00,2,4,00,C01
201700048582,2,07,000,00,2,0,00,A01
201700048582,2,07,000,00,2,4,02,C01
201700048582,2,07,000,00,2,4,02,B01
201700048583,1,31,000,00,2,7,12,B01
201700048583,1,07,000,00,2,8,11,A01
201700048584,2,07,000,00,2,1,01,A01
201700048585,2,07,000,00,2,3,11,A01
201700048585,2,31,000,00,2,7,01,B01
201700048586,2,07,000,00,2,0,00,B01
201700048586,2,33,000,00,2,0,00,A01
201700048587,2,33,000,00,2,3,00,B01
201700048587,2,07,000,00,2,0,00,A01
201700048588,1,07,000,00,2,2,12,A01
201700048588,1,33,000,00,2,6,03,B01
201700048589,1,07,000,00,2,3,11,B01
201700048589,1,31,000,00,2,7,03,A01
201700048590,1,10,000,00,2,5,12,B01
201700048590,1,33,000,00,2,3,01,A01
201700048591,2,07,000,00,2,1,01,A01
201700048591,2,07,000,00,2,4,01,C01
201700048591,2,07,000,00,2,6,01,B01
201700048591,2,07,000,00,2,4,01,D01
201700048592,1,07,000,00,2,4,13,B01
201700048592,1,07,000,00,2,1,21,A01
201700048593,2,07,000,00,2,4,23,A01
201700048593,2,33,000,00,2,1,21,D01
201700048593,2,07,000,00,2,1,01,C01
201700048593,2,33,000,00,2,1,21,B01
201700048594,2,07,000,00,2,4,01,B01
201700048594,2,38,000,00,2,1,01,A01
201700048594,2,07,000,00,2,4,01,C01
201700048595,2,07,000,00,2,7,14,C01
201700048595,2,07,000,00,2,4,01,D01
201700048595,2,07,000,00,2,6,02,B01
201700048595,2,10,000,00,2,2,02,A01
201700048596,1,33,000,00,0,0,00,A01
201700048597,1,07,000,00,2,4,02,C01
201700048597,1,07,000,00,2,2,01,A01
201700048597,1,07,000,00,2,6,12,B01
201700048598,1,07,000,00,2,1,00,A01
201700048598,1,07,000,00,2,4,00,B01
201700048599,1,07,000,00,2,6,04,A01
201700048599,1,07,000,00,2,2,01,B01
201700048600,1,07,000,00,2,3,02,A01
201700048600,1,07,000,00,2,4,02,B01
201700048601,2,07,000,00,2,1,01,A01
201700048601,2,07,000,00,2,4,01,B01
201700048602,2,07,000,00,2,4,02,B01
201700048602,2,07,000,00,2,1,02,A01
201700048603,2,07,000,00,2,4,01,B01
201700048603,2,33,000,00,2,1,03,A01
201700048604,2,07,000,00,2,4,02,C01
201700048604,2,07,000,00,2,4,00,B01
201700048604,2,07,000,00,2,1,00,A01
201700048604,2,07,000,00,2,4,02,D01
201700048605,1,17,000,13,0,1,00,A01
201700048606,2,07,000,04,0,1,09,A01
201700048607,1,33,000,00,2,3,03,A01
201700048607,1,07,000,00,2,2,12,B01
201700048608,2,07,000,05,0,8,01,A01
201700048609,1,07,000,00,2,2,02,A01
201700048609,1,33,000,00,2,5,02,B01
201700048610,1,33,000,00,2,2,01,A01
201700048610,1,07,000,00,0,5,01,B01
201700048611,1,33,000,00,2,1,03,B01
201700048611,1,07,000,00,2,4,01,C01
201700048611,1,07,000,00,2,7,12,A01
201700048612,1,07,000,04,0,1,02,A01
201700048613,1,07,000,00,2,3,11,B01
201700048613,1,31,000,00,2,2,03,A01
201700048614,2,07,000,00,2,3,21,A01
201700048614,2,07,000,00,2,4,02,C01
201700048614,2,07,000,00,2,6,02,B01
201700048615,2,07,000,00,2,1,14,A01
201700048615,2,07,000,00,2,4,01,B01
201700048616,2,07,000,03,0,1,09,A01
201700048617,2,07,000,04,0,0,09,A01
201700048618,1,17,000,00,2,6,01,B01
201700048618,1,07,000,00,2,2,21,A01
201700048619,2,33,000,00,2,3,01,B01
201700048619,2,07,000,00,2,2,12,A01
201700048620,1,07,000,00,2,4,02,B01
201700048620,1,07,000,00,2,5,02,C01
201700048620,1,07,000,00,2,4,02,D01
201700048620,1,14,000,00,2,1,02,A01
201700048621,2,07,000,00,2,3,02,C01
201700048621,2,07,000,00,2,7,12,A01
201700048621,2,33,000,00,2,3,02,B01
201700048622,2,10,000,00,2,1,01,A01
201700048622,2,07,000,00,2,4,02,B01
201700048623,1,33,000,00,2,1,02,A01
201700048623,1,07,000,00,2,4,02,B01
201700048624,1,07,000,00,2,2,12,A01
201700048624,1,33,000,00,2,1,03,B01
201700048624,1,07,000,00,2,4,01,C01
201700048625,2,07,000,00,2,4,02,D01
201700048625,2,07,000,00,2,4,02,B01
201700048625,2,07,000,00,2,4,02,C01
201700048625,2,07,000,00,2,1,02,A01
201700048626,1,07,000,00,2,4,02,B01
201700048626,1,07,000,00,2,1,02,A01
201700048626,1,07,000,00,2,4,02,C01
201700048626,1,07,000,00,2,4,02,D01
201700048627,2,33,000,02,0,1,02,A01
201700048628,1,07,000,00,2,1,02,A01
201700048628,1,07,000,00,2,5,02,B01
201700048629,2,07,000,00,2,1,02,A01
201700048629,2,07,000,00,2,4,02,B01
201700048630,2,07,000,04,0,9,00,A01
201700048631,2,07,000,00,2,1,02,A01
201700048631,2,07,000,00,2,4,02,D01
201700048631,2,07,000,00,2,4,02,B01
201700048631,2,07,000,00,2,4,02,C01
201700048632,2,07,000,00,2,5,02,B01
201700048632,2,07,000,00,2,3,02,A01
201700048633,1,07,000,04,0,2,14,A01
201700048634,1,07,000,00,2,4,01,C01
201700048634,1,07,000,00,2,4,01,B01
201700048634,1,07,000,00,2,1,01,A01
201700048635,2,33,000,04,0,3,01,A01
201700048636,2,07,000,00,2,1,02,A01
201700048636,2,07,000,00,2,4,02,B01
201700048637,1,07,000,00,2,1,02,A01
201700048637,1,07,000,00,2,4,02,C01
201700048637,1,07,000,00,2,4,02,B01
201700048637,1,07,000,00,2,4,01,D01
201700048638,1,07,000,00,2,3,01,B01
201700048638,1,15,000,00,2,5,12,A01
201700048639,2,07,000,00,2,0,00,Z01
201700048639,2,33,000,00,2,2,01,A01
201700048640,1,33,000,00,2,3,18,B01
201700048640,1,07,000,00,2,2,12,A01
201700048641,2,07,000,01,2,1,02,A01
201700048642,1,07,000,00,2,5,00,B01
201700048642,1,07,000,00,2,3,00,A01
201700048642,1,07,000,00,2,4,00,C01
201700048642,1,07,000,00,2,4,00,D01
201700048643,1,33,000,00,2,8,02,A01
201700048643,1,07,000,00,2,5,02,B01
201700048644,1,07,000,05,0,2,01,A01
201700048645,1,07,000,00,2,4,01,C01
201700048645,1,07,000,00,2,1,01,A01
201700048645,1,07,000,00,2,4,01,B01
201700048646,1,07,000,04,0,3,01,A01
201700048647,1,33,000,00,2,4,02,B01
201700048647,1,10,000,00,2,1,02,A01
201700048648,1,07,000,00,2,4,00,B01
201700048648,1,07,000,00,2,1,01,A01
201700048649,1,07,000,04,0,0,21,A01
201700048650,1,07,000,00,2,4,00,F02
201700048650,1,07,000,00,2,4,00,B01
201700048650,1,07,000,00,2,4,00,C01
201700048650,1,07,000,00,2,4,00,D01
201700048650,1,07,000,00,2,4,00,E01
201700048650,1,07,000,00,2,1,00,A01
201700048651,1,07,000,04,0,9,13,A01
201700048652,2,07,000,00,2,1,02,A01
201700048652,2,07,000,00,2,4,02,B01
201700048653,2,33,000,00,2,3,03,B01
201700048653,2,07,000,00,2,2,12,A01
201700048654,1,15,000,00,2,3,02,A01
201700048654,1,07,000,00,2,4,02,B01
201700048655,1,07,000,04,0,4,02,B01
201700048655,1,15,000,04,2,2,02,A01
201700048656,2,07,000,00,2,1,02,A01
201700048656,2,38,000,00,2,5,02,B01
201700048657,1,33,000,00,2,1,03,A01
201700048657,1,07,000,00,2,5,02,B01
201700048658,2,33,000,00,2,2,03,A01
201700048658,2,07,000,00,2,2,12,B01
201700048659,2,31,000,00,0,3,21,A01
201700048660,1,07,000,00,2,2,14,A01
201700048660,1,07,000,03,2,6,00,B01
201700048661,1,31,000,04,0,3,01,A01
201700048662,2,07,000,00,2,1,02,A01
201700048662,2,07,000,00,2,4,02,B01
201700048663,1,07,000,00,2,3,11,A01
201700048663,1,33,000,00,2,2,02,B01
201700048664,1,34,000,00,2,0,16,A01
201700048664,1,07,000,00,2,0,00,B01
201700048665,1,33,000,00,0,0,00,A01
201700048666,2,07,000,00,2,4,02,C01
201700048666,2,07,000,00,2,3,02,A01
201700048666,2,07,000,00,2,5,02,B01
201700048667,2,07,000,04,0,3,01,A01
201700048668,1,10,000,00,2,5,12,A01
201700048668,1,33,000,00,2,8,03,B01
201700048669,2,33,000,00,2,2,03,B01
201700048669,2,07,000,00,2,3,11,A01
201700048669,2,10,000,00,2,4,01,C01
201700048670,2,07,000,00,2,1,00,A01
201700048670,2,07,000,00,2,4,00,C01
201700048670,2,07,000,00,2,4,00,B01
201700048671,1,07,000,03,0,2,14,A01
201700048672,2,07,000,00,2,5,14,A01
201700048672,2,31,000,00,2,8,02,B01
201700048673,1,07,000,00,2,4,02,C01
201700048673,1,07,000,00,2,1,02,A01
201700048673,1,07,000,00,2,1,02,B01
201700048674,2,07,000,00,2,2,12,A01
201700048674,2,33,000,00,2,8,03,B01
201700048675,2,33,000,00,2,1,03,A01
201700048675,2,07,000,00,2,6,01,B01
201700048675,2,07,000,00,2,2,01,C01
201700048676,2,07,000,04,2,1,21,A01
201700048676,2,10,000,00,2,4,02,B01
201700048677,1,10,000,00,2,4,01,B01
201700048677,1,07,000,00,2,1,01,A01
201700048678,1,07,000,00,2,0,00,A01
201700048678,1,07,000,00,2,0,00,B01
201700048679,1,07,000,12,0,3,16,A01
201700048680,2,07,000,00,0,1,02,A01
201700048681,1,07,000,04,0,2,00,A01
201700048682,1,07,000,00,2,2,01,B01
201700048682,1,07,000,00,2,7,02,C01
201700048682,1,37,000,00,2,3,11,A01
201700048683,2,33,000,00,0,0,16,A01
201700048684,2,07,000,00,2,4,02,B01
201700048684,2,07,000,00,2,6,02,C01
201700048684,2,07,000,00,2,1,02,A01
201700048685,2,07,000,04,0,1,14,A01
201700048686,1,07,000,00,2,2,01,B01
201700048686,1,07,000,00,2,6,18,A01
201700048687,1,07,000,00,0,0,00,Z01
201700048687,2,07,000,03,0,3,21,B01
201700048688,2,15,000,00,2,4,02,B01
201700048688,2,07,000,00,2,1,02,A01
201700048689,1,33,000,00,0,3,15,A01
201700048690,1,07,000,00,2,1,02,A01
201700048690,1,07,000,04,2,2,02,C01
201700048690,1,07,000,00,2,4,02,B01
201700048691,1,07,000,00,2,7,12,A01
201700048691,1,33,000,00,2,3,01,B01
201700048692,1,07,000,06,2,3,01,A01
201700048693,2,07,000,00,2,1,02,A01
201700048693,2,07,000,00,2,4,02,B01
201700048694,1,07,000,00,2,2,02,A01
201700048694,1,07,000,00,2,6,24,B01
201700048695,2,07,000,00,0,9,02,A01
201700048696,2,07,000,00,2,8,11,A01
201700048696,2,33,000,00,2,7,01,B01
201700048697,1,07,000,02,0,1,01,A01
201700048698,2,07,000,00,2,7,11,A01
201700048698,2,33,000,00,2,7,07,B01
201700048699,1,37,000,00,2,6,02,B01
201700048699,1,07,000,00,2,1,02,A01
201700048700,2,33,000,00,2,8,03,A01
201700048700,1,07,000,00,2,2,12,B01
201700048701,1,32,000,00,2,3,01,B01
201700048701,1,07,000,00,2,2,12,A01
201700048702,1,07,000,00,2,1,02,A01
201700048702,1,07,000,00,2,4,02,B01
201700048703,1,10,000,00,2,4,00,C01
201700048703,1,10,000,00,2,4,00,B01
201700048703,1,10,000,00,2,1,00,A01
201700048704,1,07,000,00,2,1,02,A01
201700048704,1,07,000,00,2,4,02,B01
201700048705,1,07,000,00,2,1,02,A01
201700048705,1,07,000,00,2,4,02,B01
201700048706,2,07,000,00,2,2,00,B01
201700048706,2,07,000,00,2,1,02,A01
201700048707,2,07,000,00,2,1,01,A01
201700048707,2,07,000,00,2,4,01,B01
201700048708,1,07,000,06,0,3,12,A01
201700048709,1,07,000,00,2,4,02,B01
201700048709,1,07,000,00,2,1,02,A01
201700048710,2,07,000,00,2,4,02,D01
201700048710,2,07,000,00,2,4,12,A01
201700048710,2,07,000,00,2,8,02,E01
201700048710,2,15,000,00,2,2,02,B01
201700048710,2,07,000,00,2,3,02,C01
201700048711,2,33,000,00,2,8,00,A01
201700048712,2,07,000,14,9,3,04,B01
201700048712,2,07,000,00,2,4,02,A01
201700048713,2,34,000,00,2,3,03,A01
201700048713,2,10,000,00,2,2,01,B01
201700048714,1,07,000,04,0,3,00,A01
201700048715,2,33,000,14,2,7,12,A01
201700048715,2,07,000,00,2,5,02,B01
201700048716,1,07,000,03,0,2,21,A01
201700048717,2,33,000,00,9,8,03,A01
201700048718,2,07,000,04,0,4,21,A01
201700048719,2,10,000,00,2,6,02,B01
201700048719,2,07,000,00,2,5,02,C01
201700048719,2,10,000,00,2,1,02,A01
201700048720,1,07,000,04,0,8,09,A01
201700048721,2,07,000,00,2,1,01,A01
201700048721,2,07,000,00,2,4,12,B01
201700048722,2,07,000,00,2,4,02,C01
201700048722,2,07,000,00,2,1,01,A01
201700048722,2,07,000,00,2,1,02,B01
201700048723,2,10,000,00,2,1,01,A01
201700048723,2,07,000,00,2,3,01,D01
201700048723,2,07,000,00,2,4,01,B01
201700048723,2,07,000,00,2,4,01,C01
201700048724,2,33,000,00,2,1,11,A01
201700048724,2,07,000,00,2,6,02,B01
201700048725,1,07,000,00,2,4,12,A01
201700048725,1,33,000,00,2,1,01,B01
201700048726,2,07,000,00,2,4,02,E01
201700048726,2,07,000,00,2,1,02,A01
201700048726,2,07,000,00,2,4,02,D01
201700048726,2,07,000,00,2,4,02,C01
201700048726,2,07,000,00,2,4,02,B01
201700048726,2,07,000,00,2,4,02,F02
201700048726,2,07,000,00,2,6,02,G02
201700048727,2,07,000,00,2,1,02,A01
201700048727,2,07,000,00,2,4,02,B01
201700048728,2,33,000,00,2,8,13,A01
201700048729,2,14,000,00,2,6,02,B01
201700048729,2,33,000,00,2,1,02,A01
201700048730,2,31,000,14,0,3,09,A01
201700048731,1,33,000,00,0,0,02,A01
201700048732,2,07,000,00,2,7,12,B01
201700048732,2,33,000,00,2,3,03,A01
201700048733,2,07,000,00,2,4,02,C01
201700048733,2,07,000,00,2,4,02,B01
201700048733,2,07,000,00,2,1,02,A01
201700048734,2,07,000,04,0,1,14,A01
201700048735,2,33,000,00,0,1,21,A01
201700048736,1,07,000,00,2,7,09,B01
201700048736,1,33,000,04,2,8,16,A01
201700048737,2,07,000,00,2,6,02,B01
201700048737,2,07,000,00,2,2,12,A01
201700048738,1,07,000,00,2,1,02,A01
201700048738,1,07,000,00,2,4,02,B01
201700048739,2,07,000,04,0,2,01,A01
201700048740,2,07,000,00,2,6,00,A01
201700048740,2,33,000,00,2,3,00,B01
201700048741,2,10,000,00,2,7,12,B01
201700048741,2,34,000,00,2,3,03,A01
201700048742,2,07,000,00,2,4,02,B01
201700048742,2,07,000,00,2,1,02,A01
201700048742,2,07,000,00,2,6,02,D01
201700048742,2,10,000,00,2,4,02,C01
201700048743,2,33,000,16,0,7,16,A01
201700048744,2,33,000,00,0,6,02,A01
201700048745,2,07,000,00,2,1,02,A01
201700048745,2,07,000,00,2,4,02,B01
201700048746,1,31,000,00,0,3,03,A01
201700048747,2,33,000,00,0,7,18,A01
201700048748,2,15,000,00,2,1,01,C01
201700048748,2,15,000,00,2,1,01,B01
201700048748,2,07,000,03,2,1,12,A01
201700048749,1,07,000,00,2,4,02,B01
201700048749,1,07,000,01,0,1,02,A01
201700048750,2,33,000,00,2,1,12,A01
201700048750,2,33,000,00,2,4,11,B01
201700048751,2,15,000,00,2,8,01,B01
201700048751,2,07,000,04,2,2,14,A01
201700048752,1,07,000,00,2,4,02,C01
201700048752,1,07,000,00,2,1,02,A01
201700048752,1,31,000,00,2,4,02,B01
201700048753,1,07,000,00,2,1,00,A01
201700048753,1,33,000,14,0,0,00,D01
201700048753,1,07,000,00,2,0,00,C01
201700048753,1,07,000,00,2,1,00,B01
201700048754,1,07,000,00,2,4,02,C01
201700048754,1,07,000,00,2,4,02,B01
201700048754,1,07,000,00,2,1,02,A01
201700048755,1,07,000,00,2,4,02,B01
201700048755,1,07,000,00,2,4,02,C01
201700048755,1,07,000,00,2,1,02,A01
201700048756,1,07,000,00,2,4,01,B01
201700048756,1,07,000,00,2,1,01,A01
201700048757,2,33,000,00,2,7,01,A01
201700048757,2,07,000,00,2,8,11,B01
201700048758,2,15,000,00,2,1,12,A01
201700048758,2,07,000,00,2,8,02,B01
201700048759,1,07,000,00,2,5,12,A01
201700048759,1,33,000,00,2,8,03,B01
201700048760,2,10,000,00,2,6,02,D01
201700048760,2,10,000,00,2,5,02,E01
201700048760,2,07,000,00,2,6,02,C01
201700048760,2,33,000,00,2,1,01,A01
201700048760,2,07,000,00,2,2,12,B01
201700048761,1,07,000,00,2,4,02,B01
201700048761,1,07,000,00,2,1,01,A01
201700048762,2,07,000,04,2,6,02,B01
201700048762,2,15,000,00,2,5,02,A01
201700048763,2,07,000,00,2,8,11,B01
201700048763,2,33,000,00,2,7,03,A01
201700048764,2,07,000,04,2,8,01,B01
201700048764,2,15,000,00,2,2,14,A01
201700048765,2,34,000,00,0,7,21,A01
201700048766,2,33,000,00,0,9,01,A01
201700048767,2,31,000,00,0,7,03,A01
201700048768,1,07,000,00,2,4,11,C01
201700048768,1,07,000,00,2,2,02,B01
201700048768,1,10,000,00,2,1,02,A01
201700048769,1,07,000,00,2,1,02,A01
201700048769,1,07,000,00,2,1,02,B01
201700048770,2,33,000,00,2,2,01,B01
201700048770,2,07,000,00,2,6,09,A01
201700048771,2,07,000,00,2,4,01,C01
201700048771,2,07,000,00,2,9,01,B01
201700048771,2,07,000,00,2,1,01,A01
201700048772,2,10,000,00,2,4,02,B01
201700048772,2,34,000,00,2,1,02,A01
201700048773,1,07,000,00,2,1,02,A01
201700048773,1,07,000,00,2,6,02,C01
201700048773,1,07,000,00,2,4,02,B01
201700048774,1,33,000,00,2,4,00,A01
201700048775,1,07,000,03,0,1,01,A01
201700048776,1,07,000,15,0,4,02,A01
201700048777,2,07,000,00,2,4,01,B01
201700048777,2,07,000,00,2,1,00,A01
201700048777,2,07,000,00,0,4,01,C01
201700048778,2,07,000,00,2,1,02,A01
201700048778,2,07,000,00,2,4,02,B01
201700048778,2,07,000,00,2,4,02,C01
201700048779,2,07,000,00,2,4,00,B01
201700048779,2,07,000,00,2,1,12,A01
201700048780,1,07,000,00,2,1,02,A01
201700048780,1,07,000,00,2,4,02,B01
201700048781,2,33,000,00,2,2,01,B01
201700048781,2,07,000,00,2,3,11,A01
201700048782,2,07,000,00,2,3,00,B01
201700048782,2,34,000,00,2,5,09,A01
201700048783,1,34,000,00,2,2,03,A01
201700048783,1,07,000,00,2,6,11,B01
201700048784,1,07,000,00,2,2,12,A01
201700048784,1,31,000,00,2,3,01,B01
201700048785,1,07,000,00,2,5,01,B01
201700048785,1,33,000,00,2,1,01,A01
201700048786,1,34,000,00,2,3,03,A01
201700048786,1,07,000,00,2,2,01,B01
201700048787,1,07,000,00,2,4,02,C01
201700048787,1,07,000,00,2,4,02,D01
201700048787,1,07,000,00,2,4,02,E01
201700048787,1,07,000,00,2,4,02,B01
201700048787,1,07,000,00,2,1,02,A01
201700048788,1,07,000,00,2,1,02,A01
201700048788,1,07,000,00,2,4,02,B01
201700048789,1,10,000,00,2,1,02,A01
201700048789,1,07,000,00,2,9,02,B01
201700048789,1,07,000,00,2,6,02,C01
201700048790,2,07,000,00,2,0,02,Z01
201700048790,2,07,000,00,2,6,02,A01
201700048791,1,07,000,00,2,6,01,B01
201700048791,1,07,000,00,2,2,14,A01
201700048792,1,15,000,00,2,4,02,B01
201700048792,1,15,000,00,2,1,02,A01
201700048793,2,33,000,00,2,7,03,A01
201700048793,2,33,000,00,2,7,11,B01
201700048794,2,07,000,00,2,8,11,A01
201700048794,2,34,000,00,2,2,03,B01
201700048795,1,10,000,00,2,6,02,C01
201700048795,1,33,000,04,2,2,03,A01
201700048795,1,10,000,00,2,8,11,B01
201700048796,1,07,000,00,2,4,01,C01
201700048796,1,07,000,00,2,3,11,A01
201700048796,1,33,000,03,2,2,03,B01
201700048797,2,10,000,00,2,1,01,A01
201700048797,2,07,000,00,2,2,01,D01
201700048797,2,07,000,00,2,4,01,B01
201700048797,2,07,000,00,2,4,01,C01
201700048798,1,07,000,04,0,9,01,A01
201700048799,2,07,000,12,0,1,18,A01
201700048800,1,07,000,00,2,4,02,C01
201700048800,1,07,000,00,2,1,02,A01
201700048800,1,33,000,00,2,4,02,B01
201700048801,1,07,000,00,2,1,12,A01
201700048801,1,07,000,00,9,4,01,B01
201700048802,1,33,000,00,2,5,01,B01
201700048802,1,99,000,00,2,3,18,Z01
201700048803,2,10,000,04,0,6,02,A01
201700048804,1,07,000,00,2,6,11,B01
201700048804,1,33,000,00,2,0,02,A01
201700048805,1,07,000,00,2,1,01,A01
201700048805,1,07,000,00,2,5,01,B01
201700048806,2,07,000,00,2,5,12,A01
201700048806,2,33,000,00,2,1,01,B01
201700048807,2,33,000,00,2,8,03,A01
201700048807,2,07,000,00,2,7,12,B01
201700048808,1,33,000,00,2,1,01,A01
201700048808,1,10,000,00,2,4,14,B01
201700048809,2,33,000,00,2,2,02,A01
201700048809,2,07,000,00,2,6,02,B01
201700048810,1,33,000,00,2,9,01,A01
201700048810,1,07,000,00,2,6,01,B01
201700048811,1,07,000,00,2,6,02,B01
201700048811,1,32,000,00,2,2,02,A01
201700048812,2,33,000,04,2,2,02,B01
201700048813,1,33,000,00,0,7,01,A01
201700048814,2,07,000,00,2,4,02,C01
201700048814,2,07,000,00,2,1,02,A01
201700048814,2,07,000,00,2,4,02,D01
201700048814,2,10,000,00,2,4,02,B01
201700048815,2,07,000,00,2,4,02,B01
201700048815,2,07,000,00,2,4,02,C01
201700048815,2,07,000,00,2,1,02,A01
201700048816,2,07,000,00,2,1,02,A01
201700048816,2,10,000,00,2,4,01,B01
201700048817,1,33,000,00,2,1,21,A01
201700048817,1,07,000,00,2,6,01,B01
201700048818,1,07,000,00,2,6,02,B01
201700048818,1,07,000,00,2,1,02,A01
201700048819,1,07,000,00,2,4,02,B01
201700048819,1,07,000,00,2,1,02,A01
201700048820,1,07,000,04,2,3,00,A01
201700048820,1,07,000,00,2,1,13,B01
201700048821,2,07,000,00,2,4,02,C01
201700048821,2,07,000,00,2,4,02,B01
201700048821,2,07,000,00,2,1,02,A01
201700048822,2,07,000,14,0,1,14,A01
201700048823,2,10,000,00,2,6,09,B01
201700048823,2,07,000,00,2,1,09,A01
201700048824,2,07,000,00,2,3,11,A01
201700048824,2,33,000,00,2,2,02,B01
201700048825,2,07,000,00,2,4,12,A01
201700048825,2,31,000,00,2,1,03,B01
201700048826,1,31,000,00,2,1,03,A01
201700048826,1,07,000,00,2,4,12,B01
201700048827,2,15,000,00,2,1,00,A01
201700048827,2,07,000,00,2,6,00,B01
201700048828,2,07,000,00,2,1,02,A01
201700048828,2,07,000,00,2,4,02,D01
201700048828,2,07,000,00,2,1,02,B01
201700048828,2,07,000,00,2,4,02,C01
201700048829,1,07,000,00,2,1,18,A01
201700048829,1,07,000,00,2,4,01,B01
201700048830,2,33,000,00,2,3,03,B01
201700048830,2,07,000,00,2,7,12,A01
201700048831,2,07,000,00,2,1,02,A01
201700048831,2,15,000,00,2,4,02,B01
201700048832,2,07,000,00,2,1,02,A01
201700048832,2,07,000,00,2,4,01,B01
201700048833,1,07,000,00,2,6,01,B01
201700048833,1,15,000,00,2,2,14,A01
201700048834,2,07,000,00,2,5,11,B01
201700048834,2,34,000,00,2,3,18,A01
201700048835,2,07,000,00,2,5,12,B01
201700048835,2,33,000,00,2,3,03,A01
201700048836,1,07,000,00,2,5,14,B01
201700048836,1,33,000,00,2,3,12,A01
201700048837,1,07,000,00,2,6,02,B01