Num_Acc,senc,catv,occutc,obs,obsm,choc,manv,num_veh
201700048837,1,07,000,00,2,1,03,A01
201700048838,1,07,000,03,0,1,12,A01
201700048839,1,07,000,06,0,1,00,A01
201700048840,1,07,000,00,2,1,00,A01
201700048840,1,15,000,00,2,4,02,B01
201700048841,2,07,000,00,2,1,01,B01
201700048841,2,07,000,09,2,1,11,A01
201700048842,2,07,000,00,2,3,11,A01
201700048842,2,33,000,00,2,1,03,B01
201700048843,1,33,000,00,2,3,01,B01
201700048843,1,36,000,00,2,2,14,A01
201700048844,2,33,000,14,0,0,01,A01
201700048845,1,10,000,00,2,5,02,B01
201700048845,1,33,000,00,2,1,01,A01
201700048846,2,07,000,00,2,7,12,A01
201700048846,2,33,000,00,2,8,03,B01
201700048847,2,14,000,04,0,2,02,A01
201700048848,2,31,000,12,0,8,13,A01
201700048849,1,07,000,00,2,1,02,A01
201700048849,1,07,000,00,2,4,02,B01
201700048850,2,07,000,00,2,6,01,B01
201700048850,2,07,000,00,2,2,01,A01
201700048851,2,07,000,00,2,2,14,A01
201700048851,2,07,000,00,2,8,02,B01
201700048852,2,07,000,00,2,4,02,B01
201700048852,2,07,000,00,2,1,02,A01
201700048853,1,07,000,00,2,4,02,B01
201700048853,1,07,000,00,2,1,02,A01
201700048854,1,07,000,04,0,3,13,A01
201700048855,1,07,000,04,0,1,00,A01
201700048856,2,34,000,00,2,3,00,A01
201700048856,1,07,000,00,2,2,12,B01
201700048857,1,07,000,00,2,2,02,A01
201700048857,1,07,000,00,2,4,02,B01
201700048858,2,07,000,00,2,4,12,B01
201700048858,2,33,000,00,2,8,03,A01
201700048859,2,07,000,00,2,8,11,A01
201700048859,2,33,000,00,2,7,01,B01
201700048860,1,07,000,00,2,1,02,A01
201700048860,1,34,000,00,2,4,02,B01
201700048861,1,10,000,00,2,4,01,C01
201700048861,2,33,000,00,2,4,01,B01
201700048861,2,07,000,00,2,1,02,A01
201700048862,2,07,000,00,2,1,02,A01
201700048862,2,07,000,00,2,4,02,B01
201700048863,1,10,000,03,0,1,12,A01
201700048864,2,07,000,04,0,3,21,A01
201700048865,1,10,000,01,0,8,17,A01
201700048865,1,13,000,00,2,5,23,B01
201700048866,1,33,000,00,0,7,01,A01
201700048867,2,34,000,00,2,0,01,B01
201700048867,2,10,000,00,2,0,11,A01
201700048868,2,07,000,00,2,1,01,A01
201700048868,2,07,000,00,2,0,01,B01
201700048868,2,07,000,00,2,4,01,C01
201700048869,1,33,000,00,2,1,02,A01
201700048869,1,07,000,00,2,4,23,B01
201700048870,1,07,000,00,2,1,00,A01
201700048870,1,07,000,00,2,7,01,B01
201700048871,1,33,000,16,0,7,01,A01
201700048872,1,15,000,00,2,5,23,A01
201700048872,1,07,000,00,2,3,00,B01
201700048873,1,07,000,00,2,4,11,B01
201700048873,1,07,000,00,2,1,02,A01
201700048874,1,34,000,00,0,7,21,A01
201700048875,1,07,000,04,0,1,01,A01
201700048876,1,07,000,04,0,3,11,A01
201700048877,2,07,000,14,0,1,02,A01
201700048878,2,07,000,04,0,3,02,A01
201700048879,1,33,000,03,0,1,11,A01
201700048880,2,07,000,00,2,5,02,B01
201700048880,2,07,000,00,2,3,02,A01
201700048881,1,07,000,00,2,2,00,B01
201700048881,1,33,000,00,2,8,00,A01
201700048882,1,07,000,04,0,0,01,A01
201700048883,2,33,000,00,2,1,03,A01
201700048883,2,07,000,00,2,6,02,B01
201700048884,1,07,000,00,2,2,14,A01
201700048884,1,33,000,00,2,3,01,B01
201700048885,2,10,000,00,2,6,11,A01
201700048885,2,31,000,00,2,2,01,B01
201700048886,1,33,000,00,2,0,03,B01
201700048886,1,07,000,00,2,3,11,A01
201700048887,1,07,000,04,0,3,13,A01
201700048888,1,07,000,00,2,6,02,C01
201700048888,1,07,000,00,2,5,02,B01
201700048888,1,07,000,00,2,1,02,A01
201700048889,1,33,000,00,0,0,14,A01
201700048890,1,07,000,00,2,4,02,B01
201700048890,1,07,000,00,2,1,02,A01
201700048891,2,07,000,00,2,4,02,B01
201700048891,2,10,000,00,2,1,02,A01
201700048891,2,07,000,00,2,4,02,C01
201700048892,1,07,000,00,2,1,02,Z01
201700048892,1,07,000,00,2,1,02,A01
201700048892,1,07,000,00,2,4,02,B01
201700048893,1,07,000,00,2,5,01,B01
201700048893,1,33,000,00,2,3,01,A01
201700048894,2,07,000,00,2,3,11,B01
201700048894,2,33,000,00,2,2,03,A01
201700048895,1,33,000,00,2,3,11,A01
201700048895,1,10,000,00,2,4,02,B01
201700048896,2,07,000,00,2,5,12,A01
201700048896,2,33,000,00,2,3,03,B01
201700048897,2,14,000,00,2,5,02,B01
201700048897,2,07,000,00,2,1,02,A01
201700048898,2,07,000,00,2,4,02,C01
201700048898,2,07,000,00,2,1,02,A01
201700048898,2,07,000,00,2,4,02,B01
201700048899,1,07,000,00,2,4,02,B01
201700048899,1,07,000,00,2,4,02,C01
201700048899,1,07,000,00,2,1,02,A01
201700048900,1,07,000,00,2,4,02,B01
201700048900,1,07,000,00,2,2,02,A01
201700048901,1,07,000,03,0,3,00,A01
201700048902,2,07,000,04,0,3,21,A01
201700048903,1,07,000,04,0,1,00,A01
201700048904,2,07,000,04,0,1,01,A01
201700048905,1,33,000,00,2,3,03,B01
201700048905,1,07,000,00,2,5,12,A01
201700048906,1,33,000,00,2,1,02,A01
201700048906,1,07,000,00,2,4,02,B01
201700048907,2,32,000,00,0,0,02,A01
201700048908,1,07,000,00,2,3,02,A01
201700048908,1,31,000,00,2,4,14,B01
201700048909,2,07,000,00,2,6,11,B01
201700048909,2,33,000,00,2,1,03,A01
201700048910,1,07,000,00,2,5,02,C01
201700048910,1,33,000,00,2,3,03,A01
201700048910,1,07,000,00,2,2,02,B01
201700048911,1,10,000,00,2,4,01,B01
201700048911,1,10,000,00,2,1,12,A01
201700048911,1,10,000,00,2,4,00,D01
201700048911,1,07,000,00,2,4,01,C01
201700048912,1,07,000,00,2,7,14,A01
201700048912,1,33,000,00,2,8,01,B01
201700048912,1,07,000,00,2,6,02,C01
201700048913,2,07,000,00,2,5,02,B01
201700048913,2,33,000,00,2,3,02,A01
201700048914,2,07,000,04,0,9,00,A01
201700048915,2,07,000,00,2,4,01,E01
201700048915,2,07,000,00,2,2,02,D01
201700048915,2,07,000,00,2,3,01,F02
201700048915,2,07,000,00,2,8,02,A01
201700048915,2,07,000,00,2,6,01,B01
201700048915,2,07,000,00,2,3,01,C01
201700048915,2,07,000,00,2,8,01,G02
201700048916,2,31,000,12,0,8,01,A01
201700048916,2,07,000,00,2,1,02,B01
201700048917,2,07,000,00,2,1,02,B01
201700048917,2,07,000,00,2,4,04,A01
201700048918,1,07,000,00,2,6,01,F02
201700048918,1,07,000,00,2,6,01,E01
201700048918,1,07,000,00,2,3,11,A01
201700048918,1,07,000,00,2,6,01,D01
201700048918,1,07,000,00,2,1,01,C01
201700048918,1,15,000,04,2,1,21,B01
201700048919,2,33,000,00,2,3,03,A01
201700048919,2,07,000,00,2,5,12,B01
201700048920,1,07,000,00,2,4,00,D01
201700048920,1,07,000,00,2,4,00,C01
201700048920,1,07,000,00,2,4,00,B01
201700048920,1,07,000,00,2,1,00,A01
201700048921,1,34,000,00,2,7,03,A01
201700048921,1,07,000,00,2,8,11,B01
201700048922,2,07,000,00,2,7,01,D01
201700048922,2,07,000,00,2,8,11,A01
201700048922,2,33,000,00,2,7,03,B01
201700048922,2,10,000,00,2,8,01,C01
201700048923,2,33,000,00,2,1,03,A01
201700048923,2,07,000,00,2,6,11,B01
201700048924,1,33,000,00,2,7,03,A01
201700048925,1,07,000,00,2,1,02,A01
201700048925,1,07,000,00,2,5,23,B01
201700048926,1,07,000,14,0,3,02,A01
201700048927,1,07,000,04,0,1,00,A01
201700048928,2,07,000,04,0,1,21,A01
201700048929,1,07,000,00,2,4,02,C01
201700048929,1,10,000,00,2,1,02,A01
201700048929,1,07,000,00,2,4,02,B01
201700048930,2,07,000,00,2,4,02,C01
201700048930,2,10,000,00,2,4,02,B01
201700048930,2,07,000,00,2,1,02,A01
201700048931,2,33,000,00,2,2,03,A01
201700048931,2,07,000,00,2,3,14,B01
201700048932,1,07,000,00,2,4,00,A01
201700048933,1,07,000,00,2,1,02,A01
201700048933,1,07,000,00,2,4,02,B01
201700048934,2,14,000,00,2,2,12,A01
201700048934,2,07,000,00,2,3,09,B01
201700048935,1,07,000,00,2,8,02,B01
201700048935,1,07,000,00,2,7,02,A01
201700048936,1,07,000,04,0,2,19,A01
201700048937,2,07,000,00,2,2,19,A01
201700048937,2,07,000,00,2,5,23,C01
201700048937,2,07,000,00,2,1,02,B01
201700048938,2,07,000,00,2,2,12,A01
201700048938,2,99,000,00,2,3,03,B01
201700048938,2,07,000,00,2,6,01,C01
201700048939,2,07,000,03,0,9,00,A01
201700048940,2,07,000,00,2,1,02,A01
201700048940,2,07,000,00,2,4,02,B01
201700048941,1,07,000,04,2,1,14,A01
201700048941,1,07,000,00,2,2,00,B01
201700048942,2,07,000,03,0,3,21,A01
201700048943,2,07,000,00,2,4,02,C01
201700048943,2,13,000,00,2,1,02,A01
201700048943,2,07,000,00,2,4,02,B01
201700048944,2,07,000,00,2,6,17,A01
201700048944,2,33,000,00,2,2,03,B01
201700048945,1,07,000,00,2,2,12,A01
201700048945,1,33,000,00,2,3,00,B01
201700048946,2,07,000,00,2,1,01,Z01
201700048946,2,07,000,00,2,4,01,A01
201700048947,1,07,000,00,2,1,02,A01
201700048947,1,10,000,00,2,1,02,B01
201700048948,2,33,000,00,2,5,00,B01
201700048948,2,07,000,00,2,4,00,C01
201700048948,2,33,000,00,2,8,00,D01
201700048948,2,33,000,00,2,1,00,A01
201700048949,2,07,000,04,0,3,02,A01
201700048950,2,14,000,00,2,5,01,B01
201700048950,2,33,000,00,2,3,12,A01
201700048951,1,33,000,00,0,0,00,A01
201700048952,2,07,000,00,2,6,00,C01
201700048952,2,33,000,00,2,6,00,A01
201700048952,2,10,000,00,2,7,01,B01
201700048953,2,10,000,00,2,4,02,E01
201700048953,2,07,000,00,2,4,02,D01
201700048953,2,07,000,00,2,4,02,C01
201700048953,2,07,000,00,2,4,02,B01
201700048953,2,07,000,00,2,1,02,A01
201700048954,2,33,000,16,0,1,01,A01
201700048955,2,07,000,04,2,3,00,A01
201700048955,2,10,000,00,2,2,01,B01
201700048956,1,10,000,00,2,1,01,A01
201700048956,1,07,000,00,2,4,02,B01
201700048957,1,07,000,03,0,2,16,A01
201700048958,2,07,000,00,2,1,02,A01
201700048958,2,07,000,00,2,4,23,B01
201700048959,1,33,000,00,0,2,01,A01
201700048960,2,07,000,00,2,6,01,C01
201700048960,2,07,000,00,2,1,01,A01
201700048960,2,07,000,00,2,6,01,B01
201700048961,2,13,000,00,2,1,02,D01
201700048961,2,07,000,00,2,9,02,B01
201700048961,2,07,000,00,2,4,01,A01
201700048961,2,07,000,00,2,9,02,C01
201700048962,1,10,000,00,2,4,01,B01
201700048962,1,10,000,00,2,1,02,A01
201700048963,2,07,000,14,0,1,01,A01
201700048964,2,07,000,16,0,1,12,A01
201700048965,2,07,000,00,2,4,02,C01
201700048965,1,10,000,00,2,4,02,B01
201700048965,2,07,000,00,2,1,01,A01
201700048965,2,07,000,00,2,4,02,E01
201700048965,2,07,000,00,2,4,02,D01
201700048966,1,07,000,03,0,1,01,A01
201700048967,2,07,000,00,2,1,02,D01
201700048967,2,07,000,00,2,1,02,B01
201700048967,2,07,000,00,2,4,01,A01
201700048967,2,07,000,00,2,1,02,C01
201700048968,2,33,000,00,2,8,09,B01
201700048968,2,13,000,00,2,7,01,A01
201700048969,2,07,000,00,2,1,01,A01
201700048969,2,07,000,00,2,5,01,B01
201700048970,2,07,000,00,2,4,02,B01
201700048970,2,07,000,00,2,1,01,A01
201700048971,2,07,000,04,0,1,01,A01
201700048972,1,07,000,00,2,1,18,B01
201700048972,1,07,000,00,2,5,12,A01
201700048973,1,07,000,14,0,1,19,A01
201700048974,2,33,000,16,0,0,01,A01
201700048975,1,38,000,00,2,3,01,B01
201700048975,1,07,000,00,2,2,01,A01
201700048976,1,07,000,00,2,4,09,A01
201700048976,1,07,000,00,2,6,02,C01
201700048976,1,13,000,00,2,1,01,B01
201700048977,1,07,000,04,0,1,01,A01
201700048978,2,33,000,00,2,2,03,B01
201700048978,2,07,000,00,2,6,09,A01
201700048979,1,33,000,00,2,1,03,B01
201700048979,1,15,000,00,2,6,01,C01
201700048979,1,10,000,00,2,5,12,A01
201700048980,2,31,000,16,0,7,03,A01
201700048981,1,07,000,00,2,6,01,B01
201700048981,1,15,000,00,2,1,12,Z01
201700048982,2,33,000,16,0,8,01,A01
201700048983,1,33,000,16,0,8,01,A01
201700048984,1,13,000,00,2,6,01,B01
201700048984,1,07,000,00,2,2,01,A01
201700048985,2,10,000,00,2,6,01,C01
201700048985,2,14,000,00,2,2,01,A01
201700048985,2,07,000,00,2,4,11,B01
201700048986,1,07,000,14,0,9,01,A01
201700048987,1,07,000,00,2,9,02,B01
201700048987,1,07,000,00,2,1,02,C01
201700048987,1,10,000,00,2,4,01,A01
201700048988,1,33,000,00,2,1,03,A01
201700048988,1,10,000,00,2,2,12,B01
201700048989,2,07,000,16,0,3,01,A01
201700048990,2,07,000,00,2,2,12,A01
201700048990,2,33,000,00,2,3,03,B01
201700048991,2,10,000,00,2,3,01,A01
201700048991,2,07,000,00,2,5,01,B01
201700048992,1,07,000,00,2,7,01,A01
201700048992,1,07,000,00,2,8,11,B01
201700048993,1,10,000,00,2,4,01,B01
201700048993,1,34,000,00,2,1,02,A01
201700048994,1,07,000,00,2,8,11,A01
201700048994,1,33,000,00,2,7,01,B01
201700048995,1,07,000,00,2,1,01,A01
201700048995,1,07,000,00,2,4,17,B01
201700048996,2,07,000,00,2,1,01,A01
201700048996,2,07,000,00,2,4,01,B01
201700048997,1,07,000,04,0,1,01,A01
201700048998,1,33,000,04,0,8,03,A01
201700048999,2,07,000,00,2,9,02,B01
201700048999,2,07,000,00,2,4,01,C01
201700048999,2,07,000,00,2,1,02,A01
201700049000,1,07,000,00,2,4,11,A01
201700049000,1,33,000,00,2,1,03,B01
201700049001,1,07,000,00,2,1,01,A01
201700049001,1,07,000,00,2,4,02,C01
201700049001,1,07,000,00,2,4,02,B01
201700049002,2,15,000,00,2,4,01,B01
201700049002,2,07,000,00,2,1,12,A01
201700049003,2,07,000,00,2,4,01,B01
201700049003,2,33,000,00,2,1,01,A01
201700049004,1,07,000,00,2,2,01,B01
201700049004,1,13,000,00,2,7,09,A01
201700049005,1,07,000,16,0,9,01,A01
201700049006,2,07,000,00,2,1,01,B01
201700049006,2,07,000,00,2,4,12,A01
201700049007,1,07,000,00,2,1,02,A01
201700049007,1,15,000,00,2,4,01,B01
201700049008,2,10,000,00,2,4,02,B01
201700049008,2,10,000,00,2,4,01,A01
201700049008,2,10,000,00,2,1,02,C01
201700049009,1,07,000,00,2,1,01,A01
201700049009,1,07,000,00,2,4,02,C01
201700049009,1,07,000,00,2,4,02,B01
201700049010,1,07,000,03,0,1,21,A01
201700049011,1,07,000,05,0,1,01,A01
201700049012,1,10,000,04,0,1,01,A01
201700049013,1,07,000,03,0,1,01,A01
201700049014,2,07,000,00,2,4,02,B01
201700049014,2,07,000,00,2,1,01,A01
201700049015,2,07,000,00,2,4,02,D01
201700049015,2,07,000,00,2,4,02,B01
201700049015,2,07,000,00,2,1,01,A01
201700049015,2,07,000,00,2,4,02,C01
201700049016,2,07,000,00,2,4,01,A01
201700049016,2,07,000,00,2,4,02,C01
201700049016,2,07,000,00,2,1,02,F02
201700049016,2,07,000,00,2,4,02,E01
201700049016,2,07,000,00,2,4,02,D01
201700049016,2,07,000,00,2,4,02,B01
201700049017,1,07,000,00,2,4,01,A01
201700049017,1,07,000,00,2,1,02,C01
201700049017,1,07,000,00,2,4,02,B01
201700049018,2,07,000,00,2,6,01,C01
201700049018,2,07,000,00,2,7,16,B01
201700049018,2,10,000,00,2,1,01,A01
201700049019,1,07,000,14,0,1,01,A01
201700049020,2,07,000,00,2,4,02,B01
201700049020,2,07,000,00,2,1,01,A01
201700049021,1,10,000,00,2,6,23,A01
201700049021,1,33,000,00,2,1,21,B01
201700049022,2,07,000,16,0,9,01,A01
201700049023,2,07,000,16,0,8,01,A01
201700049024,1,07,000,13,0,1,01,A01
201700049025,1,07,000,04,0,1,01,A01
201700049026,1,07,000,00,2,1,01,A01
201700049026,1,07,000,00,2,4,02,B01
201700049027,2,07,000,03,0,8,01,A01
201700049028,1,07,000,13,0,8,01,A01
201700049029,1,07,000,04,0,5,01,A01
201700049030,2,07,000,04,0,1,01,A01
201700049031,2,07,000,00,2,1,16,Z01
201700049031,2,07,000,00,2,1,15,A01
201700049032,1,07,000,00,2,8,11,B01
201700049032,1,31,000,00,2,7,01,A01
201700049033,1,07,000,00,2,4,21,B01
201700049033,1,10,000,00,2,1,01,A01
201700049034,2,07,000,00,0,0,11,B01
201700049034,2,33,000,04,0,1,21,A01
201700049035,1,07,000,04,0,1,13,A01
201700049036,1,07,000,00,2,4,02,C01
201700049036,1,07,000,00,2,1,02,B01
201700049036,1,07,000,00,2,1,02,A01
201700049037,1,07,000,03,0,1,01,A01
201700049038,2,07,000,04,2,9,01,A01
201700049038,2,10,000,00,2,1,01,C01
201700049038,2,10,000,00,2,4,01,B01
201700049039,2,07,000,00,2,5,01,C01
201700049039,2,07,000,00,2,8,11,B01
201700049039,2,33,000,00,2,9,03,A01
201700049040,2,34,000,00,2,8,03,B01
201700049040,2,07,000,00,2,7,12,A01
201700049041,2,07,000,00,2,8,11,B01
201700049041,2,33,000,00,2,7,03,A01
201700049042,1,33,000,00,2,4,03,A01
201700049042,1,07,000,00,2,1,00,Z01
201700049043,1,10,000,00,2,1,02,A01
201700049043,1,07,000,00,2,4,02,B01
201700049044,1,07,000,03,0,1,01,A01
201700049045,2,07,000,00,2,1,02,B01
201700049045,2,07,000,00,2,4,02,C01
201700049045,2,07,000,00,2,1,01,A01
201700049046,2,07,000,00,2,4,02,B01
201700049046,2,15,000,00,2,4,02,C01
201700049046,2,10,000,00,2,1,01,A01
201700049047,2,07,000,00,0,0,11,B01
201700049047,2,31,000,16,0,8,03,A01
201700049048,1,07,000,00,2,1,02,C01
201700049048,1,07,000,00,2,4,01,A01
201700049048,1,07,000,00,2,5,02,B01
201700049049,1,07,000,04,0,1,01,A01
201700049050,2,07,000,00,2,8,11,A01
201700049050,2,33,000,00,2,7,03,B01
201700049051,2,07,000,00,2,7,12,A01
201700049051,2,33,000,00,2,3,03,B01
201700049052,2,07,000,00,2,1,01,A01
201700049052,2,07,000,00,2,2,01,B01
201700049053,2,07,000,04,0,1,01,A01
201700049054,2,07,000,00,2,2,12,A01
201700049054,2,33,000,00,2,8,03,B01
201700049055,2,10,000,00,2,1,02,A01
201700049055,2,10,000,00,2,4,01,B01
201700049056,1,07,000,00,2,5,11,A01
201700049056,1,07,000,00,2,2,01,B01
201700049057,2,14,000,00,2,2,01,A01
201700049057,2,38,000,00,2,6,01,C01
201700049057,2,10,000,00,2,4,01,B01
201700049057,2,10,000,00,2,4,01,D01
201700049058,2,07,000,14,0,3,19,A01
201700049059,2,07,000,00,2,4,02,B01
201700049059,2,07,000,00,2,1,01,A01
201700049060,2,07,000,00,2,2,14,D01
201700049060,2,07,000,00,2,6,01,A01
201700049060,2,07,000,14,0,1,01,C01
201700049060,2,07,000,14,0,1,01,B01
201700049061,2,31,000,00,2,7,03,A01
201700049061,2,07,000,00,2,8,11,B01
201700049062,2,07,000,00,2,4,01,B01
201700049062,2,14,000,00,2,2,12,A01
201700049062,2,07,000,00,2,2,01,C01
201700049063,2,07,000,00,2,5,12,A01
201700049063,2,33,000,00,2,1,03,B01
201700049064,2,33,000,00,2,1,01,A01
201700049064,2,07,000,00,2,4,02,B01
201700049065,1,07,000,00,2,1,01,A01
201700049065,1,07,000,00,2,1,02,B01
201700049066,1,10,000,00,2,1,02,B01
201700049066,1,07,000,00,2,4,02,C01
201700049066,1,07,000,00,2,4,01,A01
201700049067,2,07,000,00,2,4,01,B01
201700049067,2,07,000,00,2,4,01,C01
201700049067,2,10,000,00,2,2,14,A01
201700049068,2,33,000,00,2,1,03,B01
201700049068,2,07,000,00,2,6,12,A01
201700049069,1,10,000,00,2,1,01,A01
201700049069,1,07,000,00,2,4,02,B01
201700049070,2,07,000,00,2,1,02,A01
201700049070,2,07,000,00,2,9,02,C01
201700049070,2,07,000,00,2,4,01,D01
201700049070,2,10,000,00,2,9,02,B01
201700049071,1,07,000,00,2,9,02,D01
201700049071,1,07,000,00,2,1,02,A01
201700049071,1,07,000,00,2,9,02,C01
201700049071,1,07,000,00,2,9,02,B01
201700049071,1,07,000,00,2,4,01,E01
201700049072,2,07,000,08,0,1,01,A01
201700049073,1,07,000,00,2,4,23,A01
201700049073,1,07,000,00,2,1,02,B01
201700049074,2,07,000,00,2,6,11,B01
201700049074,2,33,000,00,2,7,12,A01
201700049075,2,07,000,00,2,5,01,C01
201700049075,2,10,000,00,2,2,12,A01
201700049075,2,34,000,00,2,1,03,B01
201700049076,1,07,000,00,2,7,17,A01
201700049076,1,07,000,00,2,1,01,B01
201700049077,2,34,000,16,0,7,01,A01
201700049078,1,07,000,04,0,1,01,A01
201700049079,2,07,000,00,2,1,01,B01
201700049079,2,07,000,00,2,1,02,D01
201700049079,2,07,000,00,2,4,01,A01
201700049079,2,07,000,00,2,1,02,C01
201700049079,2,13,000,00,2,1,02,E01
201700049080,2,33,000,00,2,7,01,B01
201700049080,2,07,000,00,2,3,11,A01
201700049081,2,07,000,00,2,1,19,A01
201700049081,2,07,000,00,2,3,01,B01
201700049082,2,33,000,00,2,1,03,A01
201700049082,2,07,000,00,2,4,11,B01
201700049083,2,07,000,00,2,4,02,C01
201700049083,2,07,000,00,2,1,01,A01
201700049083,2,07,000,00,2,4,02,B01
201700049084,2,07,000,00,2,4,02,B01
201700049084,2,07,000,00,2,1,02,A01
201700049085,1,07,000,00,2,1,06,A01
201700049085,1,07,000,00,2,3,01,B01
201700049086,2,14,000,00,2,5,02,B01
201700049086,2,07,000,00,2,4,01,A01
201700049087,2,33,000,00,2,7,03,A01
201700049087,2,07,000,00,2,3,11,B01
201700049088,2,07,000,04,0,1,01,A01
201700049089,1,33,000,16,2,9,01,A01
201700049089,1,33,000,00,2,8,21,B01
201700049089,1,07,000,00,2,5,01,D01
201700049089,1,07,000,00,2,1,01,C01
201700049090,2,07,000,00,2,4,01,A01
201700049090,2,07,000,00,2,1,02,B01
201700049091,1,07,000,00,2,4,01,A01
201700049091,1,10,000,00,2,1,02,B01
201700049092,2,07,000,00,2,3,12,A01
201700049092,2,07,000,00,2,5,09,B01
201700049093,1,31,000,16,0,8,01,A01
201700049094,2,15,000,00,2,3,01,B01
201700049094,1,07,000,00,2,2,10,A01
201700049095,1,15,000,00,2,2,12,A01
201700049095,1,07,000,00,2,8,21,B01
201700049096,2,07,000,04,0,1,01,A01
201700049097,2,07,000,00,2,4,02,B01
201700049097,2,07,000,00,2,1,01,A01
201700049098,2,07,000,00,2,8,01,B01
201700049098,2,07,000,00,2,9,17,A01
201700049099,2,07,000,16,0,1,21,A01
201700049100,1,10,000,00,2,1,02,C01
201700049100,1,07,000,00,2,6,02,B01
201700049100,1,07,000,00,2,1,01,A01
201700049101,2,07,000,00,2,4,02,C01
201700049101,2,07,000,00,2,1,01,A01
201700049101,2,07,000,00,2,4,02,B01
201700049101,2,07,000,00,2,4,02,D01
201700049102,2,07,000,00,2,4,02,B01
201700049102,2,07,000,00,2,4,02,C01
201700049102,2,07,000,00,2,1,01,A01
201700049103,2,10,000,00,2,7,12,A01
201700049103,2,33,000,00,2,8,01,B01
201700049104,1,07,000,00,2,4,01,A01
201700049104,1,07,000,00,2,1,02,B01
201700049105,1,34,000,16,0,8,03,A01
201700049106,2,10,000,00,2,1,02,A01
201700049106,2,07,000,00,2,4,02,B01
201700049107,2,33,000,00,2,3,03,D01
201700049107,2,15,000,00,2,5,01,A01
201700049107,2,07,000,00,2,3,01,B01
201700049107,2,10,000,00,2,5,11,C01
201700049108,1,07,000,00,2,4,01,A01
201700049108,1,33,000,00,2,7,03,B01
201700049108,1,10,000,00,2,3,11,C01
201700049109,2,07,000,00,2,1,02,C01
201700049109,2,07,000,00,2,4,01,A01
201700049109,2,07,000,00,2,4,02,B01
201700049110,2,07,000,00,2,7,12,A01
201700049110,2,31,000,00,2,8,03,B01
201700049111,1,07,000,00,2,5,01,A01
201700049111,1,33,000,00,2,8,01,B01
201700049112,1,07,000,00,2,3,01,C01
201700049112,1,07,000,00,2,1,17,B01
201700049112,1,07,000,00,2,4,01,A01
201700049113,1,33,000,00,2,7,01,A01
201700049113,1,15,000,00,2,8,11,Z01
201700049114,1,14,000,00,2,3,21,B01
201700049114,1,07,000,00,2,3,19,A01
201700049115,1,33,000,00,2,1,02,A01
201700049115,1,07,000,00,2,6,01,B01
201700049116,1,10,000,00,2,1,02,A01
201700049116,1,10,000,00,2,4,01,B01
201700049117,2,07,000,00,2,6,09,A01
201700049117,2,14,000,00,2,7,01,B01
201700049118,1,07,000,00,2,1,02,A01
201700049118,1,07,000,00,2,4,02,B01
201700049118,1,07,000,00,2,4,02,C01
201700049119,2,07,000,04,0,1,01,A01
201700049120,2,07,000,00,2,4,09,B01
201700049120,2,13,000,00,2,2,09,A01
201700049121,2,07,000,03,0,3,01,A01
201700049122,1,07,000,00,2,9,23,C01
201700049122,1,07,000,00,2,4,23,A01
201700049122,1,07,000,00,2,1,02,D01
201700049122,1,07,000,00,2,9,23,B01
201700049123,1,07,000,00,0,2,01,A01
201700049124,1,34,000,16,0,8,01,A01
201700049125,2,07,000,00,2,4,02,B01
201700049125,2,10,000,00,2,1,01,A01
201700049125,2,07,000,00,2,4,02,C01
201700049126,1,07,000,00,2,7,12,A01
201700049126,2,33,000,00,2,8,03,B01
201700049127,1,07,000,00,2,1,17,A01
201700049127,1,07,000,00,2,4,01,B01
201700049128,2,10,000,00,2,4,02,B01
201700049128,2,10,000,00,2,1,01,A01
201700049129,1,07,000,00,2,1,02,A01
201700049129,1,32,000,00,2,4,02,B01
201700049130,1,07,000,03,0,7,01,A01
201700049131,1,07,000,00,2,6,01,C01
201700049131,1,07,000,00,2,1,11,B01
201700049131,1,07,000,00,2,1,01,A01
201700049132,2,07,000,00,2,4,02,B01
201700049132,2,34,000,00,2,1,01,A01
201700049133,2,07,000,00,2,1,02,A01
201700049133,2,07,000,00,2,9,02,B01
201700049133,2,07,000,00,2,4,01,C01
201700049134,1,07,000,00,2,5,12,A01
201700049134,1,33,000,00,2,8,03,B01
201700049135,1,34,000,00,2,1,03,A01
201700049136,1,31,000,00,2,4,01,B01
201700049136,1,07,000,00,2,1,02,A01
201700049137,2,07,000,00,2,1,01,A01
201700049137,2,31,000,00,2,4,02,B01
201700049138,2,07,000,00,2,4,12,A01
201700049138,2,07,000,00,2,1,01,B01
201700049139,2,31,000,00,2,3,01,B01
201700049139,2,07,000,00,2,5,12,A01
201700049140,1,07,000,00,1,2,01,A01
201700049141,2,33,000,00,2,1,03,A01
201700049141,2,07,000,00,2,5,12,B01
201700049142,1,07,000,00,2,4,01,C01
201700049142,1,33,000,00,2,1,18,A01
201700049142,1,07,000,00,2,5,01,B01
201700049143,1,33,000,00,2,8,13,A01
201700049143,1,33,000,00,2,7,17,B01
201700049144,1,07,000,05,0,1,19,A01
201700049145,1,07,000,00,2,4,02,B01
201700049145,1,13,000,00,2,4,02,C01
201700049145,1,13,000,00,2,1,01,A01
201700049146,2,07,000,00,2,5,12,A01
201700049146,2,33,000,00,2,3,03,B01