Num_Acc,senc,catv,occutc,obs,obsm,choc,manv,num_veh
201700049147,2,07,000,00,2,4,01,A01
201700049147,2,10,000,00,2,1,02,B01
201700049148,1,07,000,00,2,8,01,B01
201700049148,1,13,000,00,2,7,12,A01
201700049149,2,07,000,00,2,6,01,A01
201700049149,2,13,000,00,2,2,01,B01
201700049150,2,15,000,00,2,1,11,A01
201700049150,2,07,000,00,2,7,01,B01
201700049151,1,07,000,00,2,4,12,Z01
201700049151,1,33,000,00,2,1,03,A01
201700049152,1,33,000,00,2,8,03,B01
201700049152,1,07,000,00,2,7,12,A01
201700049153,2,33,000,00,2,7,03,A01
201700049153,2,07,000,00,2,8,11,B01
201700049154,2,07,000,00,2,6,11,A01
201700049154,2,33,000,00,2,1,03,B01
201700049155,1,33,000,00,2,1,03,B01
201700049155,1,07,000,00,2,8,11,A01
201700049155,1,07,000,00,2,7,01,C01
201700049155,1,07,000,00,2,1,01,D01
201700049156,1,07,000,00,2,8,01,C01
201700049156,1,33,000,00,2,1,03,B01
201700049156,1,07,000,00,2,6,12,A01
201700049157,2,07,000,04,0,1,01,A01
201700049158,1,07,000,04,0,2,01,A01
201700049159,2,07,000,00,2,4,02,B01
201700049159,2,07,000,00,2,4,02,C01
201700049159,2,07,000,00,2,1,01,A01
201700049160,2,07,000,14,0,2,01,A01
201700049161,2,07,000,00,2,4,02,B01
201700049161,2,07,000,00,2,4,02,C01
201700049161,2,07,000,00,2,1,01,A01
201700049162,2,07,000,00,2,4,01,A01
201700049162,2,07,000,00,2,2,02,B01
201700049163,2,33,000,00,2,7,03,A01
201700049163,2,07,000,00,2,6,11,B01
201700049164,2,07,000,00,2,4,02,C01
201700049164,2,07,000,00,2,4,02,D01
201700049164,2,07,000,00,2,1,01,A01
201700049164,2,07,000,00,2,1,02,B01
201700049165,2,07,000,00,2,4,02,B01
201700049165,2,07,000,00,2,4,02,E01
201700049165,2,07,000,00,2,4,02,D01
201700049165,2,07,000,00,2,1,02,F02
201700049165,2,07,000,00,2,4,02,C01
201700049165,2,07,000,00,2,4,01,A01
201700049166,1,07,000,00,2,4,02,B01
201700049166,1,07,000,00,2,4,02,D01
201700049166,1,07,000,00,2,4,02,C01
201700049166,1,07,000,00,2,1,01,A01
201700049166,1,07,000,00,2,4,02,E01
201700049167,2,10,000,00,2,1,01,A01
201700049167,2,07,000,00,2,4,02,C01
201700049167,2,07,000,00,2,4,02,B01
201700049168,1,07,000,00,2,1,01,A01
201700049168,1,10,000,00,2,4,02,B01
201700049169,1,33,000,00,2,1,03,A01
201700049169,1,10,000,00,2,4,11,B01
201700049170,2,07,000,00,2,1,01,C01
201700049170,2,07,000,00,2,3,01,B01
201700049170,2,13,000,00,2,3,12,A01
201700049171,2,07,000,00,2,4,02,B01
201700049171,2,07,000,00,2,1,01,A01
201700049172,1,07,000,00,2,3,19,A01
201700049172,1,33,000,00,2,1,01,B01
201700049173,2,33,000,00,2,4,01,A01
201700049173,2,07,000,00,2,1,01,B01
201700049174,2,10,000,00,2,1,02,C01
201700049174,2,07,000,00,2,1,02,D01
201700049174,2,07,000,00,2,4,01,A01
201700049174,2,10,000,00,2,4,02,B01
201700049175,2,07,000,00,2,4,11,B01
201700049175,2,33,000,00,2,1,03,A01
201700049176,1,07,000,00,2,1,02,A01
201700049176,1,14,000,00,2,4,02,B01
201700049177,1,07,000,00,2,7,12,B01
201700049177,1,07,000,00,2,8,01,A01
201700049178,1,31,000,00,2,1,02,A01
201700049178,1,13,000,00,2,5,01,B01
201700049179,2,07,000,00,2,4,02,B01
201700049179,2,07,000,00,2,1,02,C01
201700049179,2,07,000,00,2,4,01,A01
201700049180,1,10,000,00,2,4,09,B01
201700049180,1,07,000,00,2,2,01,D01
201700049180,1,13,000,00,2,2,01,A01
201700049180,1,10,000,00,2,2,01,C01
201700049181,1,07,000,00,2,1,14,B01
201700049181,2,14,000,00,2,1,01,A01
201700049182,1,33,000,16,0,7,03,A01
201700049183,1,10,000,00,2,1,02,B01
201700049183,1,07,000,00,2,4,01,A01
201700049183,1,13,000,00,2,4,02,C01
201700049184,2,10,000,00,2,7,12,A01
201700049184,2,33,000,00,2,8,03,B01
201700049185,1,33,000,16,0,8,01,A01
201700049186,2,10,000,00,2,5,11,B01
201700049186,2,31,000,00,2,8,01,A01
201700049187,2,31,000,16,0,7,03,A01
201700049188,2,13,000,00,2,2,12,A01
201700049188,2,07,000,00,2,8,11,B01
201700049189,2,07,000,16,0,1,01,A01
201700049190,1,07,000,04,0,1,01,A01
201700049191,2,33,000,16,0,8,01,A01
201700049192,2,33,000,03,0,8,01,A01
201700049193,1,07,000,00,2,1,01,A01
201700049193,1,10,000,00,2,4,02,C01
201700049193,1,10,000,00,2,4,02,B01
201700049194,1,07,000,00,2,4,02,B01
201700049194,1,07,000,00,2,1,01,A01
201700049195,2,34,000,00,2,8,03,A01
201700049195,2,07,000,00,2,7,12,B01
201700049196,2,07,000,04,0,2,01,A01
201700049197,1,07,000,16,0,0,01,A01
201700049198,1,07,000,00,2,4,02,A01
201700049198,1,07,000,00,2,1,02,X01
201700049199,2,07,000,00,2,4,01,D01
201700049199,2,07,000,00,2,9,02,C01
201700049199,2,10,000,00,2,1,02,A01
201700049199,2,07,000,00,2,9,02,B01
201700049200,2,07,000,00,2,4,02,B01
201700049200,2,07,000,00,2,1,01,A01
201700049200,2,07,000,00,2,4,02,C01
201700049201,1,07,000,00,2,8,11,B01
201700049201,1,33,000,00,2,1,03,A01
201700049202,1,31,000,00,2,8,03,B01
201700049202,1,07,000,00,2,7,11,A01
201700049203,2,10,000,00,2,4,02,B01
201700049203,2,38,001,00,2,1,01,A01
201700049203,2,07,000,00,2,4,02,C01
201700049204,2,07,000,00,2,8,11,A01
201700049204,2,33,000,00,2,1,03,B01
201700049205,2,07,000,16,0,1,19,A01
201700049206,2,07,000,00,1,7,01,A01
201700049207,2,07,000,00,2,4,02,B01
201700049207,2,07,000,00,2,3,01,A01
201700049208,1,07,000,00,2,2,12,B01
201700049208,1,33,000,00,2,3,03,A01
201700049209,1,14,000,00,2,1,01,C01
201700049209,1,07,000,00,2,6,01,A01
201700049209,1,07,000,00,2,1,01,B01
201700049210,1,33,000,00,2,8,01,B01
201700049210,1,07,000,00,2,7,12,A01
201700049211,1,34,000,00,2,8,03,A01
201700049211,1,07,000,00,2,5,12,B01
201700049212,2,07,000,00,2,1,01,C01
201700049212,2,07,000,00,2,1,01,D01
201700049212,2,07,000,00,2,1,01,A01
201700049212,2,10,000,00,2,6,23,B01
201700049213,2,07,000,16,0,9,01,A01
201700049214,1,07,000,16,0,0,19,A01
201700049215,2,07,000,00,2,7,09,A01
201700049215,2,33,000,00,2,1,21,B01
201700049216,1,07,000,03,0,2,19,A01
201700049217,2,10,000,00,2,8,23,A01
201700049217,2,10,000,00,2,1,01,B01
201700049217,2,33,000,00,2,1,17,C01
201700049218,2,33,000,00,2,7,01,A01
201700049218,2,07,000,00,2,5,01,B01
201700049219,2,10,000,00,2,7,01,Z01
201700049219,2,33,000,00,2,8,03,A01
201700049220,2,10,000,00,2,5,02,B01
201700049220,2,07,000,00,2,4,02,C01
201700049220,2,10,000,00,2,1,02,D01
201700049220,2,07,000,00,2,5,01,A01
201700049221,2,10,000,00,2,7,09,A01
201700049221,2,15,000,00,2,3,21,B01
201700049221,2,07,000,00,2,8,01,C01
201700049222,2,07,000,00,2,1,02,A01
201700049222,2,07,000,00,2,4,23,C01
201700049222,2,07,000,00,2,9,02,B01
201700049223,1,07,000,00,2,1,01,A01
201700049223,1,07,000,00,2,4,02,B01
201700049224,1,15,000,06,0,2,01,A01
201700049225,2,07,000,00,2,7,21,A01
201700049225,2,15,000,00,2,7,01,B01
201700049226,1,14,000,00,2,1,12,A01
201700049226,1,07,000,00,2,8,01,B01
201700049227,2,07,000,00,2,8,18,A01
201700049227,2,10,000,00,2,2,01,B01
201700049228,1,15,000,00,2,4,01,A01
201700049228,1,07,000,00,2,1,02,B01
201700049229,2,07,000,00,2,8,17,A01
201700049229,2,33,000,04,2,8,17,B01
201700049230,2,07,000,00,2,1,02,B01
201700049230,2,07,000,00,2,4,01,A01
201700049231,2,07,000,00,2,7,12,Z01
201700049231,2,33,000,00,2,8,03,A01
201700049232,2,07,000,00,2,4,02,B01
201700049232,2,07,000,00,2,1,01,A01
201700049232,2,07,000,00,2,4,02,C01
201700049233,2,07,000,00,2,4,01,C01
201700049233,2,07,000,00,2,9,02,B01
201700049233,2,07,000,00,2,1,02,A01
201700049234,2,07,000,04,0,3,01,A01
201700049235,1,14,000,00,2,1,01,A01
201700049235,1,13,000,00,2,4,02,B01
201700049236,1,07,000,00,2,4,02,C01
201700049236,1,07,000,00,2,4,02,B01
201700049236,1,10,000,00,2,1,01,A01
201700049237,2,33,000,00,2,8,03,A01
201700049237,2,10,000,00,2,8,11,B01
201700049238,2,34,000,00,2,7,12,B01
201700049238,2,34,000,00,2,8,01,A01
201700049239,1,07,000,00,2,4,23,B01
201700049239,1,07,000,00,2,1,02,A01
201700049240,1,07,000,00,2,4,02,C01
201700049240,1,07,000,00,2,4,02,B01
201700049240,1,07,000,00,2,1,01,A01
201700049241,1,33,000,16,0,7,01,B01
201700049241,1,07,000,00,0,0,11,A01
201700049242,1,33,000,16,0,8,01,A01
201700049243,1,07,000,16,0,9,01,A01
201700049244,1,07,000,00,2,1,01,A01
201700049244,1,07,000,00,2,4,02,C01
201700049244,1,07,000,00,2,4,02,B01
201700049244,1,10,000,00,2,4,02,D01
201700049244,1,07,000,00,2,4,02,E01
201700049245,2,07,000,04,0,1,01,A01
201700049246,1,07,000,16,0,0,01,A01
201700049247,2,07,000,00,2,4,02,B01
201700049247,2,07,000,00,2,1,02,A01
201700049247,2,07,000,00,2,4,02,C01
201700049248,2,31,000,00,2,7,03,A01
201700049248,2,10,000,00,2,6,11,B01
201700049249,1,07,000,00,2,1,01,A01
201700049249,1,10,000,00,2,4,02,B01
201700049250,1,07,000,00,2,8,09,B01
201700049250,1,32,000,00,2,7,01,A01
201700049251,2,07,000,00,2,4,02,B01
201700049251,2,07,000,00,2,4,02,D01
201700049251,2,07,000,00,2,4,02,C01
201700049251,2,07,000,00,2,1,01,A01
201700049252,1,07,000,00,2,4,02,C01
201700049252,1,07,000,00,2,4,02,B01
201700049252,1,07,000,00,2,1,01,A01
201700049253,2,33,000,16,0,8,03,A01
201700049254,1,14,000,00,2,1,01,A01
201700049254,1,07,000,00,2,4,02,B01
201700049255,0,07,000,16,0,9,01,A01
201700049256,2,07,000,04,0,2,01,A01
201700049257,2,07,000,14,0,1,19,A01
201700049258,2,07,000,03,0,1,19,A01
201700049259,2,07,000,13,0,1,01,A01
201700049260,1,31,000,03,0,1,19,A01
201700049261,2,07,000,01,0,1,01,A01
201700049262,1,07,000,00,2,6,01,C01
201700049262,1,07,000,00,2,4,11,A01
201700049262,1,33,000,00,2,8,01,B01
201700049263,2,31,000,00,2,7,03,A01
201700049263,2,07,000,00,2,4,11,B01
201700049264,2,07,000,00,2,6,11,A01
201700049264,2,33,000,00,2,1,03,B01
201700049265,2,07,000,03,0,1,01,A01
201700049266,1,07,000,00,2,1,02,B01
201700049266,1,07,000,00,2,4,01,A01
201700049267,2,07,000,00,2,4,02,B01
201700049267,2,07,000,00,2,4,02,C01
201700049267,2,07,000,00,2,1,01,A01
201700049268,1,07,000,00,2,6,01,A01
201700049268,1,14,000,00,2,2,12,B01
201700049268,1,07,000,00,2,1,01,C01
201700049269,2,10,000,00,2,4,02,C01
201700049269,2,07,000,00,2,1,01,A01
201700049269,2,07,000,00,2,4,02,B01
201700049270,2,07,000,00,2,4,02,C01
201700049270,2,07,000,00,2,4,02,B01
201700049270,2,10,000,00,2,1,02,A01
201700049271,2,07,000,00,2,2,12,A01
201700049271,2,07,000,00,2,8,03,B01
201700049272,2,07,000,00,2,3,11,A01
201700049272,2,07,000,00,2,8,01,B01
201700049273,1,07,000,00,2,1,01,C01
201700049273,1,10,000,00,2,3,12,A01
201700049273,1,15,000,00,2,8,01,B01
201700049274,2,13,000,00,2,2,12,A01
201700049274,2,07,000,00,2,6,01,B01
201700049275,2,31,000,16,0,7,18,A01
201700049275,2,07,000,00,0,0,14,B01
201700049276,1,07,000,00,2,1,01,A01
201700049276,1,07,000,00,2,4,02,B01
201700049277,2,07,000,00,2,1,02,C01
201700049277,2,07,000,00,2,4,01,A01
201700049277,2,07,000,00,2,4,02,B01
201700049278,2,07,000,00,2,4,11,A01
201700049278,2,33,000,00,2,1,01,B01
201700049279,2,07,000,00,2,1,01,D01
201700049279,2,07,000,00,2,4,23,A01
201700049279,2,07,000,00,2,4,01,C01
201700049279,2,07,000,00,2,4,01,B01
201700049280,2,10,000,00,2,1,02,A01
201700049280,2,07,000,00,2,4,02,B01
201700049280,2,07,000,00,2,4,02,C01
201700049281,1,33,000,00,2,1,01,A01
201700049281,1,07,000,00,2,4,02,B01
201700049282,2,07,000,00,2,1,21,A01
201700049282,1,07,000,00,2,8,05,B01
201700049283,1,07,000,00,2,1,01,B01
201700049283,1,07,000,00,2,4,23,A01
201700049284,2,07,000,00,2,8,11,A01
201700049284,2,33,000,00,2,7,03,B01
201700049285,2,10,000,00,2,1,01,A01
201700049285,2,07,000,00,2,4,02,B01
201700049286,1,07,000,00,2,4,01,A01
201700049286,1,07,000,00,2,1,02,B01
201700049287,2,34,000,00,2,8,03,B01
201700049287,2,07,000,00,2,7,01,A01
201700049288,1,07,000,00,2,7,14,A01
201700049288,1,33,000,00,2,8,03,B01
201700049289,2,13,000,00,2,2,01,A01
201700049289,2,07,000,00,2,8,09,B01
201700049290,1,07,000,00,2,4,02,B01
201700049290,1,07,000,00,2,4,02,C01
201700049290,1,07,000,00,2,1,01,A01
201700049291,1,07,000,00,2,2,12,B01
201700049291,1,13,000,00,2,3,01,A01
201700049292,1,07,000,03,0,1,01,A01
201700049293,2,32,000,16,0,7,19,A01
201700049294,1,07,000,04,0,8,01,A01
201700049295,1,07,000,03,0,1,01,A01
201700049296,2,07,000,00,2,1,01,A01
201700049296,2,07,000,00,2,4,02,B01
201700049296,2,07,000,00,2,4,02,C01
201700049297,2,07,000,00,2,7,01,A01
201700049297,2,33,000,00,2,1,03,B01
201700049298,2,07,000,00,2,2,03,B01
201700049298,2,07,000,00,2,6,01,A01
201700049299,2,10,000,00,2,6,11,A01
201700049299,2,33,000,00,2,1,03,B01
201700049300,2,07,000,00,2,4,01,A01
201700049300,2,33,000,00,2,7,03,C01
201700049300,2,07,000,00,2,8,11,B01
201700049301,1,07,000,03,0,1,01,A01
201700049302,1,07,000,00,2,1,02,A01
201700049302,1,33,000,00,2,4,02,B01
201700049303,1,31,000,00,2,8,03,B01
201700049303,1,07,000,00,2,7,12,A01
201700049304,1,07,000,00,2,1,02,D01
201700049304,1,07,000,00,2,9,02,C01
201700049304,1,07,000,00,2,9,02,B01
201700049304,1,07,000,00,2,1,02,E01
201700049304,1,15,000,00,2,1,01,A01
201700049305,2,07,000,00,2,8,11,B01
201700049305,2,07,000,00,2,2,01,A01
201700049306,2,10,000,16,0,9,01,A01
201700049307,2,07,000,00,2,1,02,A01
201700049307,2,07,000,00,2,4,02,B01
201700049308,2,33,000,00,2,8,01,B01
201700049308,2,32,000,00,2,7,12,A01
201700049309,2,07,000,00,2,2,12,A01
201700049309,2,33,000,00,2,1,03,B01
201700049310,1,07,000,00,2,4,02,B01
201700049310,1,33,000,00,2,1,01,A01
201700049311,2,10,000,00,2,2,01,C01
201700049311,2,07,000,00,2,8,11,A01
201700049311,2,33,000,00,2,7,03,B01
201700049312,1,33,000,03,0,1,09,A01
201700049313,2,13,000,00,2,4,01,A01
201700049313,2,10,000,00,2,1,02,B01
201700049314,1,10,000,00,2,5,12,A01
201700049314,1,33,000,00,2,8,03,B01
201700049315,2,07,000,00,2,1,01,A01
201700049315,2,07,000,00,2,5,02,B01
201700049316,1,07,000,00,2,1,01,A01
201700049316,1,07,000,00,2,4,02,B01
201700049317,2,07,000,00,2,4,02,B01
201700049317,2,07,000,00,2,1,01,A01
201700049318,1,33,000,00,2,1,01,A01
201700049318,1,07,000,00,2,6,02,B01
201700049319,2,07,000,00,2,1,01,B01
201700049319,2,07,000,00,2,7,15,A01
201700049320,1,10,000,00,2,7,01,C01
201700049320,1,33,000,00,2,1,03,A01
201700049320,1,07,000,00,2,4,01,B01
201700049321,1,33,000,00,2,3,03,A01
201700049321,1,07,000,00,2,5,01,B01
201700049322,1,33,000,00,2,2,03,A01
201700049322,1,07,000,00,2,3,11,B01
201700049322,1,07,000,00,2,4,01,C01
201700049323,1,07,000,04,0,1,01,A01
201700049324,1,07,000,00,2,6,13,B01
201700049324,1,33,000,00,2,7,03,A01
201700049325,2,07,000,03,0,2,01,A01
201700049326,2,33,000,00,2,7,01,B01
201700049326,2,13,000,00,2,8,11,A01
201700049327,2,10,000,00,2,1,01,A01
201700049327,2,07,000,00,2,4,02,C01
201700049327,2,07,000,00,2,4,02,B01
201700049328,1,07,000,00,2,8,01,B01
201700049328,1,07,000,00,2,7,01,A01
201700049329,1,33,000,16,0,8,01,A01
201700049330,2,07,000,00,2,4,02,B01
201700049330,2,07,000,00,2,4,01,A01
201700049330,2,07,000,00,2,1,02,C01
201700049331,1,07,000,00,2,4,02,A01
201700049331,1,07,000,00,2,1,02,C01
201700049331,1,07,000,00,2,4,02,B01
201700049332,1,07,000,04,0,8,01,A01
201700049333,1,13,000,00,2,2,01,B01
201700049333,1,07,000,00,2,3,09,A01
201700049333,1,33,000,00,2,1,01,C01
201700049334,2,33,000,00,2,3,03,A01
201700049334,2,14,000,00,2,6,01,B01
201700049334,2,07,000,00,2,5,01,C01
201700049335,1,10,000,00,2,8,01,B01
201700049335,1,07,000,00,2,3,11,A01
201700049336,2,34,000,00,2,1,03,A01
201700049336,2,07,000,00,2,4,12,B01
201700049337,2,07,000,00,2,1,02,A01
201700049337,2,07,000,00,2,4,02,B01
201700049338,2,07,000,00,2,1,01,A01
201700049338,2,07,000,00,2,4,02,C01
201700049338,2,07,000,00,2,4,02,B01
201700049339,1,07,000,00,2,4,02,B01
201700049339,1,07,000,00,2,1,01,A01
201700049340,2,07,000,03,0,1,01,A01
201700049341,2,07,000,00,2,4,01,B01
201700049341,2,07,000,00,2,1,01,A01
201700049342,2,10,000,04,0,1,01,A01
201700049343,2,07,000,00,2,4,02,B01
201700049343,2,07,000,00,2,1,01,A01
201700049344,1,07,000,00,2,7,12,A01
201700049344,1,33,000,00,2,8,03,B01
201700049345,2,07,000,00,2,6,01,B01
201700049345,2,13,000,00,2,2,12,A01
201700049346,1,07,000,16,0,0,19,A01
201700049347,1,07,000,00,2,6,11,A01
201700049347,1,33,000,00,2,1,01,B01
201700049348,1,33,000,00,2,4,01,A01
201700049348,1,07,000,00,2,1,02,Z01
201700049349,2,33,000,00,2,4,03,A01
201700049349,2,07,000,00,2,2,12,C01
201700049349,2,34,000,00,2,1,03,B01
201700049350,1,07,000,00,2,8,11,A01
201700049350,1,33,000,00,2,2,03,B01
201700049351,1,33,000,00,2,1,01,A01
201700049351,1,07,000,00,2,6,02,B01
201700049352,1,07,000,06,0,1,19,A01
201700049353,2,07,000,16,0,1,12,A01
201700049354,1,07,000,00,2,1,02,C01
201700049354,1,07,000,00,2,1,02,D01
201700049354,1,07,000,00,2,4,23,A01
201700049354,1,07,000,00,2,1,02,B01
201700049355,1,07,000,00,2,4,02,B01
201700049355,1,10,000,00,2,1,01,A01
201700049355,1,10,000,00,2,4,02,C01
201700049356,1,07,000,00,2,4,01,A01
201700049356,1,07,000,00,2,1,02,B01
201700049357,2,07,000,00,2,5,01,C01
201700049357,2,31,000,00,2,1,03,B01
201700049357,2,10,000,00,2,5,12,A01
201700049358,1,07,000,00,2,2,14,A01
201700049358,1,33,000,00,2,1,01,B01
201700049359,1,07,000,00,2,8,01,B01
201700049359,1,07,000,00,2,2,12,A01
201700049360,1,15,000,16,0,7,01,A01
201700049361,2,07,000,00,2,4,02,C01
201700049361,2,07,000,00,2,1,01,A01
201700049361,2,07,000,00,2,4,02,D01
201700049361,2,10,000,00,2,4,02,B01
201700049362,1,33,000,00,2,1,01,A01
201700049362,1,07,000,00,2,6,01,B01
201700049363,1,10,000,00,2,1,01,A01
201700049363,1,99,000,00,2,6,02,B01
201700049364,2,07,000,00,2,1,19,A01
201700049364,2,07,000,00,2,4,01,B01
201700049365,1,07,000,14,2,1,01,B01
201700049365,1,07,000,00,2,1,12,A01
201700049366,2,07,000,00,2,8,09,A01
201700049366,2,13,000,00,2,2,01,B01
201700049367,1,07,000,00,2,8,09,A01
201700049367,1,13,000,00,2,1,12,B01
201700049367,1,33,000,00,2,8,03,C01
201700049368,1,31,000,00,2,2,14,A01
201700049368,1,07,000,00,2,8,01,B01
201700049369,2,15,000,00,2,2,09,A01
201700049369,2,07,000,00,2,6,09,B01
201700049370,2,07,000,00,2,1,01,A01
201700049370,2,10,000,00,2,4,02,B01
201700049370,2,07,000,00,2,4,02,C01
201700049371,2,07,000,14,0,1,01,A01
201700049372,2,07,000,00,2,8,11,C01
201700049372,2,07,000,00,2,4,01,A01
201700049372,2,33,000,00,2,7,03,B01
201700049373,2,07,000,00,2,4,01,A01
201700049373,2,07,000,00,2,1,01,Z01
201700049374,2,14,000,16,0,8,09,A01
201700049375,2,07,000,03,0,3,01,A01
201700049376,2,07,000,00,2,1,05,A01
201700049376,2,07,000,00,2,1,01,B01
201700049377,1,07,000,00,2,1,02,A01
201700049377,1,10,000,00,2,4,02,B01
201700049378,2,07,000,00,2,5,01,B01
201700049378,2,07,000,00,2,1,11,A01
201700049379,2,13,000,03,0,8,01,A01
201700049380,2,07,000,00,2,1,01,A01
201700049380,2,07,000,00,2,4,01,B01
201700049381,1,07,000,16,0,7,01,A01
201700049382,2,14,000,00,2,8,13,Z01
201700049382,2,07,000,00,2,6,01,A01
201700049383,1,07,000,16,0,9,00,A01
201700049384,2,31,000,16,0,8,01,A01
201700049385,1,07,000,04,2,4,02,B01
201700049385,1,07,000,00,2,1,01,A01
201700049386,1,07,000,00,2,1,01,B01
201700049386,1,07,000,00,2,1,19,A01
201700049387,2,33,000,00,2,1,01,A01
201700049388,1,10,000,00,2,7,14,A01
201700049388,1,14,000,00,2,6,01,B01
201700049389,2,07,000,02,0,1,19,A01
201700049390,2,33,000,16,0,0,19,A01
201700049391,1,07,000,00,2,4,02,B01
201700049391,1,10,000,00,2,1,01,A01
201700049391,1,07,000,00,2,4,02,C01
201700049391,1,07,000,00,2,4,02,D01
201700049392,2,07,000,16,0,1,19,A01
201700049393,2,07,000,00,2,1,19,A01
201700049393,2,07,000,00,2,7,01,B01
201700049394,2,07,000,00,2,1,01,A01
201700049394,2,07,000,00,2,1,21,D01
201700049394,2,07,000,00,2,1,10,C01
201700049394,2,07,000,00,2,1,02,B01
201700049395,1,07,000,00,2,4,01,C01
201700049395,1,33,000,00,2,6,03,B01
201700049395,1,07,000,00,2,2,12,A01
201700049396,1,33,000,00,2,7,03,B01
201700049396,1,07,000,00,2,8,11,A01
201700049397,2,07,000,04,0,2,13,A01
201700049398,1,07,000,04,0,1,19,A01
201700049399,2,07,000,04,2,2,18,A01
201700049399,2,07,000,04,2,3,02,B01
201700049400,2,10,000,14,0,1,01,A01
201700049401,2,07,000,04,0,1,01,A01
201700049402,2,07,000,13,0,1,01,A01
201700049403,2,07,000,00,2,4,02,B01
201700049403,2,07,000,00,2,1,01,A01
201700049404,2,07,000,00,2,1,01,A01
201700049404,2,15,000,00,2,4,02,B01
201700049405,2,10,000,00,2,5,02,B01
201700049405,2,07,000,00,2,4,01,C01
201700049405,2,07,000,00,2,8,01,A01
201700049406,2,07,000,04,0,1,01,A01
201700049407,1,07,000,00,2,4,01,B01
201700049407,1,07,000,00,2,1,01,A01
201700049408,1,07,000,06,0,1,01,A01
201700049409,1,07,000,06,0,1,01,A01
201700049410,1,07,000,03,0,1,01,A01
201700049411,1,07,000,16,0,9,01,A01
201700049412,2,10,000,04,0,1,18,A01
201700049413,1,07,000,00,2,1,01,A01
201700049413,1,07,000,00,2,4,02,B01
201700049414,2,10,000,00,2,3,01,A01
201700049414,2,07,000,00,2,5,01,B01
201700049415,2,07,000,06,0,1,01,A01
201700049416,1,07,000,00,2,6,02,B01
201700049416,1,16,000,00,2,2,01,A01
201700049417,1,07,000,14,0,1,01,A01
201700049418,2,33,000,00,2,1,03,B01
201700049418,2,07,000,00,2,5,11,A01
201700049419,1,07,000,04,0,1,01,A01
201700049420,2,07,000,00,2,4,02,C01
201700049420,2,07,000,00,2,4,03,E01
201700049420,2,07,000,00,2,1,01,A01
201700049420,2,10,000,00,2,2,14,B01
201700049420,2,07,000,00,2,4,02,F02
201700049420,2,07,000,00,2,4,02,D01
201700049421,1,07,000,00,2,4,02,B01
201700049421,1,33,000,00,2,1,01,A01
201700049422,2,33,000,00,2,7,03,B01
201700049422,2,07,000,00,2,8,11,A01
201700049423,2,07,000,00,2,2,17,A01
201700049423,2,07,000,00,2,6,01,B01
201700049423,2,07,000,00,2,4,01,C01
201700049424,1,07,000,00,2,4,01,B01
201700049424,1,10,000,00,2,1,11,A01
201700049424,1,07,000,00,2,4,01,C01
201700049425,2,07,000,00,2,1,01,A01
201700049425,2,07,000,00,2,4,02,B01
201700049426,2,07,000,00,2,1,01,A01
201700049426,2,07,000,00,2,4,02,C01
201700049426,2,07,000,00,2,4,02,B01
201700049427,2,07,000,00,2,5,12,A01
201700049427,2,33,000,00,2,6,01,B01
201700049428,2,07,000,00,2,8,01,A01
201700049428,2,10,000,00,2,7,01,C01
201700049428,2,07,000,00,2,4,01,D01
201700049428,2,07,000,00,2,7,12,B01
201700049429,1,33,000,04,0,1,01,A01
201700049430,1,33,000,00,9,8,01,A01
201700049431,1,07,000,06,0,1,19,A01
201700049432,1,33,000,00,2,1,03,A01
201700049432,1,10,000,00,2,4,11,B01
201700049433,2,07,000,00,2,1,18,A01
201700049433,2,15,000,00,2,4,01,C01
201700049433,2,07,000,00,2,5,01,B01
201700049434,2,10,000,00,2,4,01,C01
201700049434,2,34,000,00,2,1,03,B01
201700049434,2,07,000,00,2,8,11,A01
201700049435,2,33,000,00,2,1,03,B01
201700049435,2,07,000,00,2,4,02,C01
201700049435,2,07,000,00,2,1,01,A01
201700049435,2,07,000,00,2,4,02,D01
201700049436,1,31,000,00,2,1,01,A01
201700049436,1,07,000,00,2,4,02,B01
201700049437,1,10,000,00,2,4,02,C01
201700049437,1,07,000,00,2,4,02,B01
201700049437,1,13,000,00,2,1,01,A01
201700049438,2,07,000,00,2,4,02,B01
201700049438,2,33,000,00,2,1,02,A01
201700049439,2,07,000,00,2,4,02,B01
201700049439,2,07,000,00,2,4,01,A01
201700049439,2,10,000,00,2,1,02,C01
201700049439,2,07,000,00,2,1,02,D01
201700049440,2,07,000,00,2,4,02,B01
201700049440,2,07,000,00,2,1,02,C01
201700049440,2,07,000,00,2,4,01,A01
201700049441,2,07,000,00,2,4,02,C01
201700049441,2,07,000,00,2,1,02,B01
201700049441,2,07,000,00,2,1,02,A01
201700049441,2,07,000,00,2,4,02,D01
201700049442,1,07,000,03,0,4,14,A01
201700049443,2,13,000,00,2,4,02,B01
201700049443,2,07,000,00,2,4,02,D01
201700049443,2,10,000,00,2,4,02,C01
201700049443,2,10,000,00,2,4,02,E01
201700049443,2,13,000,00,2,1,01,A01
201700049444,2,15,000,00,2,4,01,A01
201700049444,2,99,000,00,2,1,02,C01
201700049444,2,07,000,00,2,4,02,B01
201700049445,1,10,000,03,0,8,01,A01
201700049446,1,13,000,00,2,4,12,A01
201700049446,1,07,000,00,2,1,02,B01
201700049447,2,07,000,16,0,1,01,A01