Num_Acc,senc,catv,occutc,obs,obsm,choc,manv,num_veh
201700050099,1,07,000,00,2,5,01,B01
201700050099,1,07,000,00,2,3,18,A01
201700050100,1,07,000,00,1,0,15,A01
201700050101,2,33,000,00,2,4,02,B01
201700050101,2,07,000,00,2,1,02,A01
201700050102,2,32,000,00,2,1,01,A01
201700050102,1,07,000,00,2,7,16,B01
201700050103,1,07,000,00,1,3,01,A01
201700050104,2,07,000,00,1,8,01,A01
201700050105,2,07,000,00,1,1,02,A01
201700050106,2,30,000,00,2,7,17,B01
201700050106,2,07,000,00,2,8,15,A01
201700050107,1,07,000,00,1,1,01,A01
201700050108,1,32,000,00,0,7,00,A01
201700050109,1,01,000,00,1,1,02,A01
201700050110,1,07,000,00,1,3,01,A01
201700050111,1,07,000,01,0,2,01,A01
201700050112,1,07,000,03,0,1,01,A01
201700050113,1,07,000,00,2,8,00,B01
201700050113,1,33,000,00,2,1,19,A01
201700050114,1,02,000,00,2,3,02,A01
201700050114,1,07,000,00,2,5,02,B01
201700050115,1,07,000,00,9,5,15,A01
201700050115,2,01,000,00,0,0,00,B01
201700050116,1,07,000,00,2,0,10,A01
201700050116,2,07,000,00,2,8,13,B01
201700050117,1,30,000,00,1,1,01,A01
201700050118,2,07,000,01,0,2,14,A01
201700050119,2,10,000,09,0,0,11,B01
201700050119,2,07,000,00,2,8,01,A01
201700050120,2,33,000,00,2,1,07,A01
201700050120,1,07,000,00,2,2,02,B01
201700050121,1,07,000,00,2,3,15,A01
201700050121,2,33,000,00,2,1,01,B01
201700050122,2,07,000,00,1,1,01,A01
201700050123,2,32,000,00,2,1,02,A01
201700050123,2,07,000,00,0,6,01,B01
201700050124,1,07,000,00,2,1,02,A01
201700050124,1,07,000,00,2,4,02,B01
201700050125,2,07,000,00,1,1,02,A01
201700050126,1,07,000,00,2,7,16,B01
201700050126,1,32,000,00,2,8,00,A01
201700050127,2,07,000,00,1,3,01,A01
201700050128,1,01,000,00,2,0,00,B01
201700050128,1,07,000,00,9,7,16,A01
201700050129,2,07,000,00,2,7,01,A01
201700050129,1,07,000,00,2,1,01,B01
201700050130,1,07,000,00,2,2,02,A01
201700050130,1,07,000,00,2,5,02,B01
201700050131,2,07,000,01,0,2,01,A01
201700050132,1,07,000,08,0,3,01,A01
201700050133,1,07,000,00,2,1,02,B01
201700050133,1,07,000,00,2,4,02,A01
201700050133,1,07,000,00,2,4,15,C01
201700050134,2,01,000,00,2,7,15,B01
201700050134,2,32,000,00,2,2,01,A01
201700050135,1,07,000,00,2,7,01,A01
201700050135,1,32,000,00,2,1,01,B01
201700050136,1,13,000,00,2,0,00,B01
201700050136,1,33,000,00,2,0,00,A01
201700050137,2,07,000,00,2,4,02,A01
201700050137,2,01,000,00,2,1,02,B01
201700050138,1,07,000,00,1,1,01,A01
201700050139,1,33,000,00,2,1,02,A01
201700050139,1,07,000,00,2,7,16,B01
201700050140,2,07,000,00,1,6,19,A01
201700050141,1,30,000,00,2,1,02,B01
201700050141,1,07,000,00,2,1,02,A01
201700050142,1,31,000,00,2,8,18,A01
201700050142,1,07,000,00,2,2,16,B01
201700050143,1,33,000,08,0,1,00,A01
201700050144,1,07,000,00,2,1,01,A01
201700050144,2,01,000,00,2,6,19,B01
201700050145,1,32,000,00,2,1,01,A01
201700050145,1,07,000,00,2,8,15,B01
201700050146,1,07,000,00,2,4,04,A01
201700050146,1,07,000,00,2,1,01,B01
201700050147,1,07,000,00,1,0,16,A01
201700050148,1,07,000,00,2,3,01,A01
201700050148,1,07,000,00,2,1,09,B01
201700050149,1,07,000,00,2,3,15,A01
201700050149,1,31,000,00,2,1,17,B01
201700050150,2,07,000,00,2,2,15,A01
201700050150,1,01,000,00,2,1,05,B01
201700050151,2,07,000,01,2,1,02,B01
201700050151,2,07,000,00,2,4,23,A01
201700050152,2,33,000,00,2,1,05,A01
201700050152,2,07,000,00,2,3,15,B01
201700050153,1,07,000,00,2,2,02,A01
201700050153,1,07,000,00,2,6,09,B01
201700050154,1,07,000,00,9,3,20,A01
201700050154,1,30,000,00,2,2,17,B01
201700050154,1,07,000,00,2,0,23,C01
201700050155,1,07,000,00,2,4,02,B01
201700050155,1,07,000,00,2,1,02,A01
201700050156,2,07,000,00,2,7,15,A01
201700050156,1,07,000,00,2,1,01,B01
201700050157,2,07,000,01,2,2,16,B01
201700050157,2,99,000,00,2,1,14,A01
201700050158,2,07,000,00,1,4,04,A01
201700050159,2,07,000,00,2,4,23,A01
201700050159,2,01,000,00,2,4,07,B01
201700050160,2,33,000,00,2,1,17,B01
201700050160,1,07,000,00,2,3,15,A01
201700050161,2,07,000,00,2,1,02,A01
201700050161,2,07,000,00,2,4,02,B01
201700050162,2,30,000,03,2,6,02,B01
201700050162,2,07,000,00,2,2,02,A01
201700050163,2,07,000,00,2,4,02,C01
201700050163,2,34,000,00,2,1,02,A01
201700050163,2,31,000,00,2,4,02,B01
201700050164,2,07,000,00,1,2,17,A01
201700050165,1,07,000,00,2,1,17,A01
201700050165,2,20,000,00,2,1,23,B01
201700050166,2,07,000,00,2,7,20,A01
201700050166,2,37,048,12,2,3,02,B01
201700050167,2,07,000,00,1,1,02,A01
201700050168,2,31,000,00,2,1,18,B01
201700050168,2,07,000,00,0,5,12,A01
201700050169,1,07,000,00,1,1,01,A01
201700050170,1,07,000,00,2,4,23,A01
201700050170,1,07,000,00,2,1,23,B01
201700050171,2,07,000,09,0,1,01,A01
201700050172,1,07,000,00,1,2,01,A01
201700050173,2,07,000,00,1,2,01,A01
201700050174,1,07,000,00,2,1,02,A01
201700050174,1,07,000,00,2,4,02,B01
201700050175,1,07,000,08,2,2,12,A01
201700050176,2,31,000,00,2,1,02,A01
201700050176,2,07,000,00,2,4,01,B01
201700050177,2,07,000,00,1,4,20,A01
201700050178,1,33,000,00,1,2,09,A01
201700050179,2,07,000,00,2,3,15,B01
201700050179,2,34,000,00,2,3,08,A01
201700050180,1,07,000,00,2,1,15,A01
201700050180,2,02,000,00,2,1,01,B01
201700050181,1,34,000,00,2,1,08,A01
201700050181,2,07,000,00,2,7,19,B01
201700050182,1,30,000,00,2,1,00,B01
201700050182,1,07,000,00,2,7,10,A01
201700050183,2,31,000,00,1,1,21,A01
201700050184,1,07,000,00,2,7,17,B01
201700050184,2,01,000,00,2,8,15,A01
201700050185,1,31,000,00,2,7,17,A01
201700050185,1,07,000,00,2,6,19,B01
201700050186,2,33,000,07,0,1,16,A01
201700050187,1,07,000,00,1,1,02,A01
201700050188,2,33,000,00,2,8,01,B01
201700050188,1,07,000,00,2,5,10,Z01
201700050189,2,14,000,00,0,3,16,A01
201700050190,2,07,000,00,1,6,15,A01
201700050191,1,34,000,00,2,8,18,A01
201700050191,1,07,000,00,2,7,16,B01
201700050192,2,07,000,02,2,1,00,A01
201700050192,2,07,000,00,2,4,00,B01
201700050193,1,07,000,00,2,1,01,B01
201700050193,1,07,000,00,2,7,01,C01
201700050193,1,07,000,00,2,1,09,A01
201700050194,1,07,000,00,2,1,02,A01
201700050194,1,07,000,00,9,4,23,B01
201700050195,1,07,000,00,1,2,01,A01
201700050196,1,07,000,00,1,1,01,A01
201700050197,2,33,000,00,2,1,01,B01
201700050197,1,07,000,00,2,2,15,A01
201700050198,1,07,000,00,2,7,16,A01
201700050198,1,07,000,01,2,1,18,B01
201700050199,2,31,000,00,2,1,01,B01
201700050199,1,07,000,00,2,3,15,A01
201700050200,1,07,000,00,2,1,23,B01
201700050200,1,07,000,00,2,4,23,C01
201700050200,1,07,000,00,2,1,09,A01
201700050201,2,07,000,00,2,3,15,A01
201700050201,2,01,000,00,2,1,00,B01
201700050202,1,07,000,00,2,4,01,B01
201700050202,1,07,000,00,2,1,02,A01
201700050203,2,07,000,00,1,7,15,A01
201700050204,1,07,000,00,2,3,00,A01
201700050204,1,07,000,00,2,6,16,B01
201700050205,1,07,000,00,2,6,17,B01
201700050205,1,31,000,00,2,7,17,A01
201700050206,1,01,000,00,2,7,19,A01
201700050206,2,07,000,00,2,1,01,B01
201700050207,1,07,000,09,1,7,21,B01
201700050207,2,07,000,00,2,3,19,A01
201700050208,1,07,000,00,2,4,23,B01
201700050208,1,07,000,00,2,1,02,A01
201700050208,1,07,000,00,2,4,23,C01
201700050209,1,07,000,00,2,3,15,B01
201700050209,1,34,000,00,2,1,01,A01
201700050210,2,07,000,00,1,1,02,A01
201700050211,1,07,000,00,2,1,12,A01
201700050211,1,07,000,00,2,4,23,C01
201700050211,1,07,000,00,2,5,23,B01
201700050212,2,07,000,00,2,4,02,A01
201700050212,2,31,000,00,2,1,02,B01
201700050213,2,07,000,00,2,1,09,A01
201700050213,1,07,000,00,2,3,16,B01
201700050214,2,01,000,00,2,7,19,A01
201700050214,2,07,000,00,9,3,01,B01
201700050215,1,01,000,01,0,1,01,B01
201700050215,1,10,000,00,2,8,22,A01
201700050216,1,07,000,00,2,1,23,A01
201700050216,1,07,000,00,2,4,23,B01
201700050217,1,13,000,00,2,1,02,A01
201700050217,1,13,000,00,2,4,02,B01
201700050217,1,13,000,00,9,4,02,C01
201700050218,2,07,000,00,2,4,02,B01
201700050218,2,07,000,00,2,1,01,A01
201700050219,1,07,000,00,2,3,19,A01
201700050219,1,33,000,00,2,1,01,B01
201700050220,1,14,000,00,2,0,09,Z01
201700050220,1,30,000,00,2,0,00,B01
201700050221,1,07,000,00,1,2,16,A01
201700050222,1,07,000,00,1,3,19,A01
201700050223,1,07,000,01,2,4,02,B01
201700050223,1,07,000,00,2,4,23,C01
201700050223,1,07,000,00,2,1,02,A01
201700050224,1,33,000,00,2,2,01,A01
201700050224,0,07,000,00,2,2,15,B01
201700050225,1,07,000,00,2,3,13,A01
201700050225,2,07,000,00,2,3,01,B01
201700050226,2,07,000,00,2,4,01,B01
201700050226,2,07,000,00,2,1,02,A01
201700050226,2,07,000,00,2,4,02,C01
201700050227,1,01,000,12,0,1,16,A01
201700050228,2,07,000,00,2,4,23,B01
201700050228,2,07,000,00,2,1,02,A01
201700050229,1,10,000,00,2,1,02,A01
201700050229,1,07,000,00,2,9,23,B01
201700050230,1,07,000,00,2,3,13,A01
201700050230,2,07,000,00,2,3,01,B01
201700050231,1,01,000,00,9,0,00,A01
201700050232,1,31,000,00,2,7,01,B01
201700050232,1,10,000,00,2,2,09,A01
201700050233,2,01,000,00,1,2,02,A01
201700050234,1,99,000,00,1,2,15,A01
201700050235,2,37,000,00,2,2,21,B01
201700050235,1,07,000,00,2,8,10,A01
201700050236,2,07,000,01,2,7,00,A01
201700050236,2,07,000,00,1,8,01,B01
201700050237,2,31,000,00,2,7,15,A01
201700050237,2,07,000,00,2,5,01,B01
201700050238,2,99,000,00,9,1,00,B01
201700050238,1,99,000,00,9,1,00,A01
201700050239,1,07,000,00,2,2,15,A01
201700050239,2,07,000,00,2,3,01,B01
201700050240,2,07,000,00,2,4,02,B01
201700050240,2,07,000,00,2,1,02,A01
201700050241,2,07,000,00,2,7,19,A01
201700050241,2,07,000,00,2,3,19,B01
201700050242,1,10,000,00,1,1,19,A01
201700050243,2,31,000,00,1,1,01,A01
201700050244,1,07,000,00,2,1,09,C01
201700050244,1,33,000,16,0,7,09,A01
201700050244,1,07,000,00,2,4,23,B01
201700050245,1,30,000,00,2,8,02,B01
201700050245,1,07,000,00,2,1,15,A01
201700050246,2,07,000,00,2,3,15,A01
201700050246,1,07,000,00,2,8,02,B01
201700050247,2,07,000,00,2,2,16,A01
201700050247,2,01,000,00,2,1,01,B01
201700050248,1,07,000,00,9,2,15,A01
201700050248,2,99,000,00,2,1,01,B01
201700050249,1,34,000,00,2,1,02,A01
201700050249,2,07,000,00,2,6,15,B01
201700050250,2,07,000,00,1,2,01,A01
201700050251,1,07,000,00,2,1,02,A01
201700050251,2,07,000,00,2,8,01,B01
201700050252,2,07,000,00,2,4,23,B01
201700050252,2,07,000,00,2,1,12,A01
201700050253,1,07,000,00,2,3,10,A01
201700050253,1,33,000,16,2,2,17,B01
201700050254,2,07,000,00,1,2,01,A01
201700050255,2,07,000,00,1,2,01,A01
201700050256,2,31,000,00,2,2,07,A01
201700050256,2,07,000,00,9,6,13,B01
201700050257,1,07,000,00,2,3,01,B01
201700050257,2,34,000,00,2,3,15,A01
201700050258,1,01,000,00,2,5,19,B01
201700050258,1,07,000,00,9,1,16,A01
201700050259,1,07,000,00,1,1,02,A01
201700050260,1,07,000,00,1,2,01,A01
201700050261,2,07,000,01,0,1,01,A01
201700050262,1,07,000,00,1,3,01,A01
201700050263,1,07,000,00,2,2,01,A01
201700050263,1,07,000,00,2,3,00,B01
201700050264,1,01,000,00,2,1,19,B01
201700050264,2,02,000,16,2,6,20,A01
201700050265,1,07,000,00,2,5,23,C01
201700050265,1,31,000,00,2,3,01,B01
201700050265,1,07,000,00,2,2,12,A01
201700050266,1,33,000,14,0,1,17,A01
201700050267,1,07,000,00,2,1,23,A01
201700050267,1,01,000,00,2,1,01,B01
201700050268,2,07,000,00,2,3,15,B01
201700050268,2,33,000,00,2,7,17,A01
201700050269,1,07,000,00,2,1,01,B01
201700050269,2,07,000,00,2,7,01,A01
201700050270,2,07,000,00,2,8,19,A01
201700050270,2,07,000,00,2,2,01,B01
201700050271,2,07,000,10,0,1,14,A01
201700050272,1,99,000,00,2,0,15,B01
201700050272,1,01,000,00,2,3,19,Z01
201700050273,1,33,000,00,2,1,01,B01
201700050273,1,07,000,00,2,1,15,A01
201700050274,1,07,000,00,2,4,01,B01
201700050274,1,07,000,00,2,1,01,A01
201700050274,1,07,000,00,2,4,12,C01
201700050275,2,07,000,00,2,3,15,A01
201700050275,1,34,000,00,2,1,17,B01
201700050276,2,01,000,06,0,1,16,A01
201700050277,1,07,000,00,2,4,01,B01
201700050277,1,31,000,00,2,1,01,A01
201700050278,1,07,000,00,2,8,19,B01
201700050278,1,07,000,00,2,1,19,A01
201700050279,1,07,000,12,0,0,00,A01
201700050280,1,31,000,00,2,1,01,B01
201700050280,2,07,000,00,2,3,09,A01
201700050281,1,07,000,00,2,4,02,B01
201700050281,1,07,000,00,2,1,02,A01
201700050282,2,07,000,00,2,2,16,B01
201700050282,2,33,000,00,2,3,18,A01
201700050283,2,07,000,00,1,1,01,A01
201700050284,2,07,000,00,2,4,23,B01
201700050284,2,07,000,00,2,1,02,A01
201700050285,1,07,000,00,2,3,01,A01
201700050285,2,01,000,00,2,7,01,B01
201700050286,1,07,000,00,2,1,02,A01
201700050286,1,07,000,00,2,1,02,C01
201700050286,1,10,000,00,2,4,23,B01
201700050287,2,07,000,00,2,3,09,A01
201700050287,1,31,000,00,2,2,01,B01
201700050288,2,01,000,00,2,6,19,B01
201700050288,2,07,000,00,9,3,01,A01
201700050289,2,07,000,01,2,1,14,A01
201700050290,2,10,000,00,2,3,02,A01
201700050290,2,07,000,00,2,5,02,B01
201700050291,1,33,000,00,2,1,09,B01
201700050291,2,07,000,00,2,3,09,A01
201700050292,2,31,000,11,2,3,01,A01
201700050293,1,33,000,00,2,2,17,A01
201700050293,1,07,000,00,2,2,15,B01
201700050294,2,07,000,00,2,3,15,A01
201700050294,2,33,000,00,2,1,17,B01
201700050295,2,01,000,00,1,1,18,A01
201700050296,1,31,000,00,0,7,01,A01
201700050297,1,07,000,00,2,1,19,A01
201700050297,1,07,000,00,2,8,19,B01
201700050298,2,07,000,00,2,1,01,B01
201700050298,1,07,000,00,2,3,15,A01
201700050299,1,07,000,00,2,1,01,A01
201700050299,2,01,000,00,2,8,01,B01
201700050300,1,07,000,00,2,1,01,B01
201700050300,2,07,000,00,2,4,23,C01
201700050300,1,07,000,00,2,8,01,A01
201700050301,1,01,000,00,2,3,02,A01
201700050302,1,07,000,00,2,1,19,A01
201700050302,1,07,000,00,2,2,19,B01
201700050303,1,07,000,00,2,7,15,A01
201700050303,2,07,000,00,2,1,01,B01
201700050304,2,07,000,00,1,0,01,A01
201700050305,2,07,000,00,1,1,15,A01
201700050306,1,31,000,00,2,1,01,A01
201700050306,1,13,000,00,2,3,15,B01
201700050307,1,07,000,00,2,4,23,A01
201700050307,1,07,000,00,2,1,01,B01
201700050308,1,07,000,00,2,1,15,A01
201700050308,1,07,000,00,2,3,01,B01
201700050309,2,07,000,00,2,3,19,B01
201700050309,1,07,000,00,2,3,15,A01
201700050310,1,33,000,00,2,1,02,B01
201700050310,2,07,000,00,2,2,15,A01
201700050311,2,07,000,00,2,1,02,A01
201700050311,2,31,000,00,2,4,02,B01
201700050312,2,33,000,00,2,3,07,A01
201700050313,1,07,000,04,2,6,12,A01
201700050313,1,07,000,00,2,1,18,B01
201700050314,2,07,000,00,1,2,17,Z01
201700050315,1,34,000,00,2,1,01,B01
201700050315,2,07,000,00,2,1,15,A01
201700050316,2,33,000,00,2,1,01,A01
201700050316,2,07,000,00,2,3,15,B01
201700050317,2,07,000,00,2,1,02,A01
201700050317,2,07,000,00,2,4,01,B01
201700050318,1,99,000,12,0,1,02,A01
201700050319,1,01,000,00,2,3,01,B01
201700050319,1,07,000,00,2,2,01,A01
201700050320,2,07,000,00,2,1,23,B01
201700050320,2,07,000,00,2,1,01,A01
201700050320,2,07,000,00,2,4,23,C01
201700050321,1,07,000,00,2,1,15,A01
201700050321,2,07,000,00,2,3,02,B01
201700050322,1,07,000,00,2,7,19,A01
201700050322,2,31,000,00,2,1,01,B01
201700050323,2,33,000,00,2,1,01,B01
201700050323,2,07,000,00,2,8,09,A01
201700050324,2,07,000,00,1,1,01,Z01
201700050325,2,07,000,00,1,1,15,A01
201700050326,1,07,000,00,2,3,09,B01
201700050326,1,30,000,00,2,1,01,A01
201700050327,1,07,000,00,1,2,21,A01
201700050328,2,07,000,00,1,3,20,A01
201700050329,2,07,000,04,0,1,01,A01
201700050330,1,07,000,00,2,4,02,B01
201700050330,1,07,000,00,2,1,02,A01
201700050330,1,07,000,00,2,4,02,C01
201700050331,1,10,000,15,0,1,01,A01
201700050332,1,01,000,00,2,7,01,B01
201700050332,1,07,000,00,2,3,15,A01
201700050333,2,07,000,00,2,6,23,B01
201700050333,1,31,000,00,2,2,17,A01
201700050334,2,07,000,00,2,4,23,C01
201700050334,2,07,000,00,2,4,23,B01
201700050334,2,07,000,01,0,1,01,A01
201700050335,2,01,000,01,0,1,01,B01
201700050335,2,07,000,00,2,8,22,A01
201700050336,1,07,000,00,2,5,15,A01
201700050336,2,33,000,00,2,1,01,B01
201700050337,1,07,000,00,1,1,01,A01
201700050338,1,33,000,00,2,1,18,A01
201700050338,1,01,000,00,2,4,01,B01
201700050339,2,10,000,00,2,1,02,B01
201700050339,2,10,000,00,2,1,02,A01
201700050339,2,07,000,00,2,4,02,C01
201700050340,2,03,000,00,2,7,01,A01
201700050341,1,07,000,00,2,1,02,C01
201700050341,1,07,000,00,2,4,02,A01
201700050341,1,07,000,00,2,4,02,B01
201700050342,2,33,000,01,0,1,01,A01
201700050343,1,10,000,00,1,5,01,A01
201700050344,1,07,000,00,2,4,01,B01
201700050344,1,07,000,00,2,1,01,A01
201700050345,1,07,000,00,2,3,09,A01
201700050345,1,31,000,00,2,1,01,B01
201700050346,2,07,000,00,1,1,01,A01
201700050347,1,07,000,00,2,1,09,A01
201700050347,1,15,000,00,2,7,01,B01
201700050348,2,07,000,00,2,1,01,A01
201700050348,2,33,000,08,2,8,01,B01
201700050349,2,33,000,00,2,2,09,B01
201700050349,2,07,000,00,2,6,23,A01
201700050350,1,07,000,09,0,1,02,A01
201700050351,2,07,000,00,1,3,01,A01
201700050352,2,07,000,00,2,8,01,A01
201700050352,2,15,000,00,2,2,16,B01
201700050353,1,07,000,00,1,2,15,A01
201700050354,2,07,000,00,2,3,09,Z01
201700050354,2,37,000,00,2,2,01,B01
201700050355,2,07,000,00,1,1,01,A01
201700050356,2,30,000,00,0,8,15,A01
201700050357,2,07,000,07,2,8,15,A01
201700050357,2,07,000,00,2,1,01,B01
201700050358,2,07,000,00,1,3,01,A01
201700050359,2,33,000,00,1,1,03,A01
201700050360,2,07,000,00,2,3,15,A01
201700050360,2,30,000,00,2,1,00,B01
201700050361,1,30,000,00,2,7,01,A01
201700050362,2,07,000,00,2,1,01,B01
201700050362,2,07,000,00,2,8,15,A01
201700050363,1,31,000,00,2,1,16,A01
201700050364,1,07,000,00,2,2,00,B01
201700050364,1,07,000,00,2,3,00,A01
201700050365,2,07,000,00,9,1,09,A01
201700050365,1,01,000,00,9,4,01,B01
201700050366,2,07,000,00,1,2,01,A01
201700050367,2,07,000,00,2,3,01,B01
201700050367,2,07,000,00,2,3,01,C01
201700050367,1,07,000,00,2,1,13,A01
201700050368,2,99,000,00,2,4,01,B01
201700050368,1,07,000,01,0,7,24,C01
201700050368,1,07,000,00,2,3,20,A01
201700050369,2,99,000,00,2,2,05,B01
201700050369,1,10,000,00,2,2,21,A01
201700050370,1,07,000,00,1,1,16,A01
201700050371,1,07,000,00,1,1,12,A01
201700050372,1,07,000,06,0,1,01,A01
201700050373,1,31,000,00,2,1,01,B01
201700050373,2,07,000,00,2,3,09,A01
201700050374,1,07,000,00,2,1,01,B01
201700050374,1,07,000,00,2,8,00,A01
201700050375,2,07,000,00,2,1,01,B01
201700050375,1,07,000,00,2,2,01,A01
201700050376,2,34,000,00,0,8,01,B01
201700050377,2,07,000,00,2,8,01,C01
201700050377,2,07,000,00,2,3,01,B01
201700050377,1,33,000,00,2,1,13,A01
201700050378,1,07,000,00,1,3,01,A01
201700050379,1,07,000,01,1,2,17,A01
201700050380,1,07,000,00,1,3,01,A01
201700050381,1,30,000,00,2,3,24,A01
201700050381,1,01,000,00,2,1,01,B01
201700050382,1,07,000,15,0,1,01,A01
201700050383,1,07,000,00,1,1,15,A01
201700050384,1,10,000,00,2,1,02,B01
201700050384,1,07,000,08,2,8,02,A01
201700050385,2,03,000,00,2,1,01,B01
201700050385,2,31,000,00,2,4,23,A01
201700050386,1,34,000,00,0,2,17,B01
201700050386,1,07,000,00,2,3,10,A01
201700050387,2,31,000,00,2,1,01,B01
201700050387,1,07,000,00,2,3,09,A01
201700050388,2,07,000,00,2,1,19,B01
201700050388,1,33,000,00,2,7,01,A01
201700050389,1,07,000,00,1,1,01,A01
201700050390,1,07,000,00,1,0,11,A01
201700050391,1,34,000,00,0,7,23,A01
201700050392,1,07,000,00,1,1,02,A01
201700050393,1,07,000,00,2,3,01,A01
201700050393,1,07,000,00,2,3,01,B01
201700050394,2,37,000,00,2,1,01,C01
201700050394,1,07,000,00,2,1,02,A01
201700050394,2,07,000,00,2,6,02,B01
201700050395,1,07,000,00,1,2,01,A01
201700050396,1,37,055,00,1,4,09,A01
201700050397,1,07,000,00,2,1,02,B01
201700050397,2,07,000,00,2,1,05,A01
201700050398,1,07,000,00,1,2,17,A01
201700050399,1,07,000,00,2,6,21,A01
201700050399,1,33,000,00,2,1,21,B01
201700050400,2,07,000,00,1,1,01,A01
201700050401,2,10,000,00,2,4,23,B01
201700050401,2,07,000,00,2,1,01,A01
201700050401,2,10,000,00,2,4,23,C01
201700050402,1,07,000,00,2,2,09,A01
201700050402,2,07,000,00,2,3,01,C01
201700050402,1,07,000,00,2,3,01,B01
201700050403,1,07,000,00,1,1,01,A01
201700050404,2,07,000,00,2,6,09,B01
201700050404,2,31,000,00,2,1,09,A01
201700050405,1,01,000,00,1,2,01,A01
201700050406,2,01,000,00,2,1,05,A01
201700050406,2,34,000,00,2,3,01,B01
201700050407,1,01,000,00,1,3,19,A01
201700050408,1,07,000,16,2,3,09,B01
201700050408,1,07,000,00,2,5,09,A01
201700050409,1,07,000,00,2,1,16,A01
201700050409,2,07,000,00,2,2,01,B01
201700050410,2,07,000,00,1,4,04,A01
201700050411,1,07,000,01,2,1,01,B01
201700050411,1,07,000,00,2,2,01,A01
201700050412,1,07,000,00,1,2,01,A01
201700050413,2,07,000,00,2,3,01,B01
201700050413,1,07,000,00,2,1,19,A01
201700050414,1,07,000,00,2,4,02,A01
201700050414,1,10,000,00,2,1,02,Z01
201700050415,1,07,000,00,1,3,02,A01
201700050416,1,33,000,00,0,0,00,A01
201700050417,1,02,000,00,2,0,21,B01
201700050417,1,07,000,00,2,0,20,A01
201700050418,1,07,000,00,2,8,16,A01
201700050418,2,07,000,00,2,1,01,B01
201700050419,1,13,000,00,2,8,15,A01
201700050419,1,33,000,00,2,2,21,B01
201700050420,2,07,000,00,2,7,05,A01
201700050420,2,33,000,00,2,1,01,B01
201700050421,2,01,000,00,2,1,02,A01
201700050421,2,07,000,00,2,4,02,B01
201700050422,1,07,000,00,2,8,11,A01
201700050422,1,31,000,00,2,7,17,B01
201700050423,1,34,000,00,2,7,21,A01
201700050423,1,10,000,00,2,3,09,B01
201700050424,1,07,000,01,0,2,14,A01
201700050425,1,33,000,00,0,0,01,A01
201700050426,2,10,000,00,2,1,13,A01
201700050426,1,15,000,00,2,3,01,B01
201700050427,2,07,000,08,0,1,02,A01
201700050428,1,07,000,00,2,4,09,B01
201700050428,1,07,000,00,2,1,09,A01
201700050429,1,33,000,00,0,0,00,A01
201700050430,2,15,000,00,2,1,02,A01
201700050430,2,07,000,00,2,4,02,B01
201700050431,1,07,000,00,0,0,00,A01
201700050432,1,15,000,00,2,1,02,A01
201700050432,1,17,000,00,2,4,02,B01
201700050432,1,17,000,00,2,0,02,C01
201700050432,1,07,000,00,2,0,02,D01
201700050432,1,07,000,00,2,0,02,E01
201700050432,1,10,000,00,2,4,02,F02
201700050432,1,07,000,00,2,4,02,G02
201700050433,1,15,000,00,2,1,02,A01
201700050433,1,07,000,00,2,4,02,E01
201700050433,1,07,000,00,2,4,02,C01
201700050433,1,07,000,00,2,4,02,F02
201700050433,1,07,000,00,2,4,02,D01
201700050433,1,17,000,00,2,0,02,B01
201700050434,1,07,000,00,2,1,00,A01
201700050434,1,07,000,00,2,4,02,B01
201700050434,1,07,000,00,2,4,02,C01
201700050434,1,07,000,00,2,4,02,D01
201700050435,2,10,000,00,2,1,02,B01
201700050435,2,07,000,04,2,3,02,A01
201700050436,1,10,000,13,0,0,14,A01
201700050437,2,07,000,03,0,1,13,A01
201700050437,2,07,000,01,0,1,02,B01
201700050437,2,10,000,01,0,1,01,C01
201700050437,2,15,000,00,2,6,24,D01
201700050438,1,15,000,00,1,1,01,A01
201700050439,2,07,000,04,0,7,12,A01
201700050440,2,15,000,00,2,1,02,A01
201700050440,2,07,000,00,2,4,02,B01
201700050440,2,07,000,00,2,4,02,C01
201700050441,1,10,000,00,2,1,02,A01
201700050441,1,15,000,00,2,4,02,B01
201700050442,1,33,000,00,2,1,02,A01
201700050442,1,07,000,00,2,4,02,B01
201700050443,2,07,000,00,2,1,02,A01
201700050443,2,15,000,00,2,4,02,B01
201700050444,1,07,000,00,1,1,01,A01
201700050445,2,07,000,00,2,4,02,B01
201700050445,2,07,000,00,2,1,02,A01
201700050446,2,07,000,00,2,1,02,A01
201700050446,2,07,000,00,2,4,02,B01
201700050447,1,13,000,00,2,1,02,A01
201700050448,1,07,000,03,0,8,13,A01
201700050449,1,07,000,00,2,1,02,A01
201700050449,1,07,000,00,2,4,02,B01
201700050450,1,07,000,00,0,0,23,A01
201700050451,1,07,000,00,2,1,11,A01
201700050451,1,33,000,00,2,7,01,B01
201700050452,1,07,000,00,2,2,13,A01
201700050452,1,07,000,00,2,8,01,B01
201700050453,2,17,000,03,0,8,01,A01
201700050454,2,15,000,00,2,4,02,B01
201700050454,2,10,000,00,2,1,02,A01
201700050455,1,07,000,00,2,1,01,A01
201700050455,1,15,000,00,2,4,01,B01
201700050456,2,07,000,00,9,9,13,A01
201700050457,1,33,000,00,2,1,02,A01
201700050457,1,10,000,00,2,4,02,B01
201700050458,2,07,000,00,2,1,02,A01
201700050458,2,17,000,00,2,4,01,B01
201700050459,1,07,000,00,0,9,21,A01