Num_Acc,senc,catv,occutc,obs,obsm,choc,manv,num_veh
201700052011,1,07,000,00,2,4,02,B01
201700052011,1,07,000,00,2,4,02,A01
201700052011,1,07,000,00,2,4,02,C01
201700052012,2,07,000,14,0,1,02,B01
201700052012,2,07,000,00,2,4,02,A01
201700052013,1,07,000,00,9,4,02,A01
201700052013,1,07,000,00,2,1,02,B01
201700052014,1,07,000,03,0,1,00,A01
201700052015,1,14,000,00,2,1,02,B01
201700052015,1,07,000,00,2,6,02,A01
201700052016,2,07,000,00,2,4,00,A01
201700052016,2,07,000,00,2,1,00,B01
201700052017,1,07,000,00,2,1,01,B01
201700052017,1,07,000,00,2,4,01,A01
201700052018,2,13,000,00,2,3,13,B01
201700052018,2,07,000,00,2,2,17,A01
201700052019,1,07,000,00,2,2,02,B01
201700052019,1,07,000,00,2,8,00,A01
201700052020,1,07,000,00,2,5,02,A01
201700052020,1,07,000,00,2,1,02,B01
201700052021,1,07,000,06,0,1,02,A01
201700052022,1,07,000,04,0,1,21,A01
201700052023,2,07,000,13,0,1,14,A01
201700052024,2,07,000,00,2,1,01,C01
201700052024,2,07,000,00,2,6,01,A01
201700052024,2,07,000,00,2,1,01,B01
201700052025,1,07,000,00,2,4,02,B01
201700052025,1,07,000,00,2,4,02,A01
201700052025,1,07,000,00,2,1,02,C01
201700052026,2,07,000,03,0,1,01,A01
201700052027,1,07,000,00,2,1,02,C01
201700052027,1,07,000,00,2,4,23,A01
201700052027,1,07,000,00,2,4,23,B01
201700052028,1,10,000,11,0,1,02,A01
201700052029,1,07,000,00,2,4,01,A01
201700052029,1,07,000,00,0,0,00,Z01
201700052030,2,07,000,00,2,1,01,A01
201700052030,2,07,000,00,0,0,00,B01
201700052031,1,07,000,00,2,4,24,B01
201700052031,1,07,000,01,0,2,14,A01
201700052032,2,07,000,00,0,4,02,C01
201700052032,2,07,000,00,0,5,01,B01
201700052032,2,07,000,00,2,1,02,A01
201700052033,0,07,000,00,2,1,01,C01
201700052033,1,07,000,00,0,4,02,A01
201700052033,1,07,000,00,2,1,02,B01
201700052034,1,07,000,03,0,3,00,A01
201700052035,2,07,000,00,2,1,02,C01
201700052035,2,07,000,00,2,4,02,A01
201700052035,2,07,000,00,2,4,02,B01
201700052036,2,10,000,00,0,4,01,A01
201700052036,2,07,000,00,2,1,01,B01
201700052037,2,33,000,00,0,0,00,T01
201700052037,2,32,000,00,2,8,02,B01
201700052037,2,07,000,00,2,7,01,A01
201700052038,2,07,000,03,2,4,02,B01
201700052038,1,07,000,03,2,2,00,C01
201700052038,2,07,000,03,2,1,00,D01
201700052038,2,07,000,00,0,0,00,Z01
201700052039,1,07,000,00,2,1,02,C01
201700052039,1,07,000,00,2,4,02,A01
201700052039,1,07,000,00,2,4,02,B01
201700052040,2,07,000,00,2,4,23,A01
201700052040,2,10,000,00,2,1,02,C01
201700052040,2,07,000,00,2,4,02,B01
201700052040,2,07,000,00,2,1,02,D01
201700052041,1,07,000,03,0,3,19,A01
201700052042,1,07,000,11,0,1,01,A01
201700052043,2,07,000,00,2,4,01,D01
201700052043,2,07,000,00,2,1,02,C01
201700052043,2,07,000,00,2,1,02,A01
201700052043,2,07,000,00,2,9,02,B01
201700052044,2,07,000,00,2,0,00,C01
201700052044,2,07,000,00,2,1,02,B01
201700052044,2,07,000,00,2,4,02,A01
201700052045,2,07,000,04,2,0,02,C01
201700052045,2,07,000,04,2,4,00,A01
201700052045,2,07,000,00,2,1,02,D01
201700052045,2,07,000,04,2,0,00,B01
201700052046,1,07,000,06,0,2,14,A01
201700052047,2,07,000,04,0,8,01,A01
201700052048,1,07,000,00,2,3,13,A01
201700052048,1,33,000,00,2,7,00,B01
201700052049,2,07,000,00,9,4,01,B01
201700052049,2,07,000,00,2,1,02,A01
201700052050,1,07,000,04,2,2,09,B01
201700052050,1,07,000,03,2,6,09,A01
201700052051,1,07,000,03,2,3,01,B01
201700052051,1,07,000,03,2,3,01,A01
201700052052,2,07,000,00,1,2,01,A01
201700052053,1,07,000,00,2,4,01,D01
201700052053,1,07,000,00,2,5,00,B01
201700052053,1,07,000,00,2,4,02,C01
201700052053,1,07,000,00,2,3,00,A01
201700052054,1,07,000,04,0,1,02,A01
201700052055,1,07,000,00,2,4,02,E01
201700052055,1,07,000,00,2,1,02,A01
201700052055,1,07,000,00,2,4,02,B01
201700052055,1,07,000,00,2,4,02,D01
201700052055,1,10,000,00,2,4,02,C01
201700052056,2,07,000,00,0,0,02,Z01
201700052056,2,07,000,03,0,1,14,A01
201700052057,2,07,000,00,2,8,02,B01
201700052057,2,34,000,00,2,8,01,A01
201700052058,1,07,000,00,2,1,01,B01
201700052058,1,10,000,00,2,4,02,A01
201700052059,2,07,000,00,2,1,02,C01
201700052059,2,07,000,00,2,4,02,A01
201700052059,2,10,000,00,2,1,02,B01
201700052060,2,07,000,04,0,7,01,A01
201700052061,1,07,000,03,0,9,00,A01
201700052062,2,07,000,04,0,2,21,A01
201700052063,1,07,000,00,0,5,01,A01
201700052064,2,07,000,00,2,1,02,A01
201700052064,2,07,000,00,0,0,00,T01
201700052064,2,07,000,00,2,3,00,B01
201700052065,2,07,000,00,0,4,02,B01
201700052065,2,07,000,00,2,2,02,A01
201700052065,2,07,000,00,0,3,02,C01
201700052066,2,07,000,01,0,1,09,B01
201700052066,2,07,000,01,0,6,00,A01
201700052067,2,17,000,00,2,0,00,Z01
201700052067,2,07,000,00,2,7,17,A01
201700052068,1,07,000,00,2,0,00,A01
201700052068,1,07,000,00,2,4,02,B01
201700052068,1,07,000,00,2,4,12,C01
201700052069,2,07,000,00,0,9,02,A01
201700052070,2,07,000,00,2,1,02,B01
201700052070,2,07,000,00,2,4,01,A01
201700052071,1,07,000,00,2,4,02,A01
201700052071,1,07,000,00,2,1,02,B01
201700052072,0,07,000,00,2,1,00,B01
201700052072,0,07,000,00,2,4,01,A01
201700052073,1,07,000,13,0,9,02,A01
201700052074,2,07,000,00,0,4,02,B01
201700052074,2,07,000,00,0,0,00,A01
201700052075,1,33,000,04,2,2,00,A01
201700052075,1,07,000,00,2,6,13,Z01
201700052076,1,07,000,03,0,1,01,A01
201700052077,1,33,000,00,0,1,01,A01
201700052078,1,07,000,00,2,4,02,A01
201700052078,1,07,000,00,2,1,02,B01
201700052079,1,07,000,00,0,0,00,C01
201700052079,2,07,000,00,2,0,01,B01
201700052079,1,07,000,00,0,0,00,A01
201700052080,2,07,000,04,0,3,01,A01
201700052081,1,07,000,00,2,4,01,A01
201700052081,1,33,000,00,2,0,00,B01
201700052081,1,07,000,00,2,7,09,C01
201700052082,1,07,000,00,2,1,02,A01
201700052082,1,10,000,00,2,4,00,B01
201700052083,2,07,000,00,2,6,01,A01
201700052084,2,07,000,03,0,3,13,A01
201700052085,1,07,000,00,2,4,02,B01
201700052085,0,07,000,00,2,1,02,C01
201700052085,1,07,000,00,2,4,02,A01
201700052086,1,07,000,06,0,2,01,A01
201700052087,2,07,000,00,2,1,00,B01
201700052087,2,07,000,00,2,4,01,A01
201700052088,1,07,000,00,2,1,00,C01
201700052088,1,07,000,00,2,4,00,A01
201700052088,1,07,000,00,2,4,00,B01
201700052089,1,07,000,03,2,1,02,B01
201700052089,1,07,000,03,2,4,02,A01
201700052090,2,07,000,00,2,4,02,A01
201700052090,2,07,000,00,2,1,02,B01
201700052091,2,07,000,00,0,9,09,A01
201700052092,1,07,000,04,0,3,13,A01
201700052093,1,33,000,14,0,0,02,A01
201700052094,1,07,000,03,0,1,01,A01
201700052095,1,07,000,00,2,4,02,A01
201700052095,1,07,000,00,2,1,02,B01
201700052096,2,07,000,13,0,1,14,A01
201700052097,1,07,000,00,2,4,02,B01
201700052097,1,07,000,00,2,1,09,C01
201700052097,1,07,000,00,2,0,02,A01
201700052098,1,07,000,00,2,2,00,B01
201700052098,1,07,000,00,2,4,00,A01
201700052099,1,07,000,00,2,4,01,A01
201700052099,1,07,000,00,2,1,02,B01
201700052100,1,14,000,00,2,2,23,B01
201700052100,1,07,000,00,2,4,02,A01
201700052101,1,07,000,00,2,1,02,C01
201700052101,1,07,000,00,2,4,02,B01
201700052101,1,07,000,00,2,4,02,A01
201700052102,1,07,000,00,2,6,02,A01
201700052102,1,10,000,00,2,2,02,B01
201700052102,1,07,000,00,2,2,00,C01
201700052103,1,07,000,00,2,4,02,A01
201700052103,1,07,000,00,2,1,02,B01
201700052104,2,07,000,00,2,4,01,A01
201700052104,2,07,000,00,2,4,01,B01
201700052104,2,07,000,00,2,1,01,C01
201700052105,1,07,000,03,0,9,02,A01
201700052106,1,10,000,00,2,1,00,B01
201700052106,1,07,000,00,0,0,00,T01
201700052106,1,07,000,00,0,4,02,A01
201700052107,2,07,000,00,0,4,01,A01
201700052107,2,07,000,00,2,1,02,B01
201700052108,0,07,000,00,2,4,00,A01
201700052108,0,07,000,00,0,0,00,C01
201700052108,2,07,000,00,2,0,00,B01
201700052109,0,13,000,00,2,1,02,B01
201700052109,2,07,000,00,0,4,02,A01
201700052110,1,32,000,00,0,7,00,A01
201700052111,1,07,000,04,0,2,02,A01
201700052112,2,07,000,00,2,8,00,B01
201700052112,2,07,000,00,0,8,01,A01
201700052113,2,07,000,00,0,1,02,B01
201700052113,2,07,000,00,0,4,00,A01
201700052114,2,07,000,00,2,1,00,B01
201700052114,2,07,000,00,2,4,00,A01
201700052115,2,07,000,03,0,7,00,A01
201700052116,1,07,000,00,2,4,01,A01
201700052116,1,07,000,00,2,1,02,B01
201700052117,2,07,000,04,0,2,14,A01
201700052118,1,07,000,03,0,7,00,A01
201700052119,1,07,000,00,2,1,02,C01
201700052119,1,07,000,00,2,4,02,A01
201700052119,1,07,000,00,2,4,01,B01
201700052120,1,07,000,00,2,1,02,B01
201700052120,1,07,000,00,2,4,02,A01
201700052121,1,34,000,00,2,0,01,A01
201700052122,1,07,000,00,2,4,01,B01
201700052122,1,07,000,00,2,1,01,A01
201700052123,2,07,000,03,9,1,00,A01
201700052124,2,07,000,00,2,4,02,C01
201700052124,2,10,000,00,2,4,02,A01
201700052124,2,07,000,00,2,4,02,B01
201700052124,2,07,000,00,2,1,02,D01
201700052125,1,10,000,00,2,7,14,A01
201700052125,2,07,000,00,2,1,01,B01
201700052125,2,07,000,00,2,1,01,C01
201700052126,2,07,000,04,0,3,00,A01
201700052127,1,07,000,00,2,1,02,B01
201700052127,1,07,000,00,2,4,02,A01
201700052128,1,07,000,00,2,1,01,A01
201700052128,1,07,000,00,2,7,01,C01
201700052128,1,07,000,00,2,4,01,B01
201700052129,2,07,000,00,2,4,00,E01
201700052129,2,07,000,00,2,4,02,B01
201700052129,1,07,000,00,2,4,02,A02
201700052129,2,07,000,00,2,4,02,D01
201700052129,2,07,000,00,2,4,02,C02
201700052129,2,07,000,00,2,1,02,G01
201700052129,2,07,000,00,2,0,02,F01
201700052130,1,07,000,00,2,4,01,A01
201700052130,1,07,000,00,2,1,02,B01
201700052130,1,07,000,00,2,1,02,D01
201700052130,1,07,000,00,2,1,02,C01
201700052131,1,07,000,04,0,1,13,A01
201700052132,2,07,000,00,2,8,01,B01
201700052132,2,13,000,00,2,7,01,A01
201700052133,1,07,000,00,2,4,02,A01
201700052133,1,07,000,00,2,1,02,B01
201700052134,1,07,000,04,0,3,00,A01
201700052135,1,34,000,00,0,0,00,A01
201700052136,1,34,000,00,0,8,01,A01
201700052137,1,07,000,00,2,4,01,B01
201700052137,1,07,000,00,2,1,01,A01
201700052138,1,07,000,00,0,0,00,A01
201700052139,2,07,000,00,0,1,02,E01
201700052139,2,07,000,00,0,4,02,A01
201700052139,2,07,000,00,0,4,02,D01
201700052139,2,07,000,00,0,4,02,C01
201700052139,2,07,000,00,0,4,02,B01
201700052140,2,07,000,00,2,1,02,A01
201700052140,2,07,000,00,2,4,02,B01
201700052141,1,07,000,00,2,9,18,B01
201700052141,1,07,000,00,2,9,12,A01
201700052142,2,07,000,00,2,3,01,B01
201700052142,2,07,000,04,0,3,00,A01
201700052143,2,07,000,00,2,4,02,C01
201700052143,2,07,000,00,2,4,02,A01
201700052143,2,07,000,00,2,1,02,D01
201700052143,2,07,000,00,2,4,02,B01
201700052144,2,07,000,00,2,4,01,B01
201700052144,2,07,000,00,2,1,03,A01
201700052145,1,07,000,04,0,2,14,A01
201700052146,1,07,000,00,2,4,12,A01
201700052146,1,07,000,03,2,1,02,B01
201700052147,0,07,000,00,0,0,00,B01
201700052147,1,07,000,00,0,0,00,A01
201700052147,0,07,000,00,0,0,00,C01
201700052147,1,07,000,00,0,0,00,D01
201700052148,2,07,000,00,2,4,00,B01
201700052148,2,07,000,00,2,4,00,A01
201700052148,2,07,000,00,2,1,00,C01
201700052149,1,07,000,00,2,4,02,B01
201700052149,1,07,000,00,2,1,02,E01
201700052149,1,07,000,00,2,4,02,D01
201700052149,1,07,000,00,2,4,01,A01
201700052149,1,07,000,00,2,4,02,C01
201700052150,2,07,000,00,2,4,02,A01
201700052150,2,07,000,00,2,4,02,B01
201700052151,1,07,000,00,2,1,02,D01
201700052151,1,07,000,04,2,4,00,B01
201700052151,1,07,000,04,2,4,00,C01
201700052151,1,07,000,04,2,6,02,A01
201700052152,1,07,000,04,2,4,01,A01
201700052152,1,33,000,00,2,1,00,B01
201700052153,1,07,000,00,2,4,02,B01
201700052153,1,07,000,00,2,1,02,C01
201700052153,1,07,000,00,2,4,02,A01
201700052154,2,33,000,00,0,0,00,A01
201700052155,1,10,000,00,0,6,24,A01
201700052155,1,07,000,00,2,2,02,B01
201700052156,2,07,000,00,2,4,02,A01
201700052156,2,10,000,00,2,1,02,B01
201700052157,2,33,000,00,2,8,01,A01
201700052157,2,07,000,00,2,2,12,Z01
201700052158,1,07,000,03,0,1,00,A01
201700052159,1,07,000,00,2,4,02,A01
201700052159,1,07,000,00,2,1,02,B01
201700052160,2,07,000,00,2,4,02,A01
201700052160,2,07,000,00,2,1,02,C01
201700052160,2,07,000,00,2,4,02,B01
201700052161,1,07,000,00,2,1,02,B01
201700052161,1,07,000,00,2,4,02,A01
201700052162,1,34,000,00,2,4,01,A01
201700052162,1,07,000,00,2,1,12,B01
201700052163,2,07,000,00,2,1,00,B01
201700052163,2,07,000,00,2,4,01,A01
201700052164,2,34,000,00,2,4,02,A01
201700052164,2,33,000,00,2,1,02,B01
201700052165,2,07,000,00,2,1,02,C01
201700052165,2,07,000,00,2,4,02,B01
201700052165,1,07,000,00,2,4,02,A01
201700052166,2,07,000,00,2,1,02,B01
201700052166,2,07,000,00,2,4,01,A01
201700052167,1,07,000,00,2,4,02,A01
201700052167,1,07,000,00,0,1,02,B01
201700052168,2,07,000,03,0,0,00,A01
201700052169,1,07,000,00,2,2,00,C01
201700052169,1,17,000,00,2,6,00,B01
201700052169,1,07,000,00,2,2,00,A01
201700052170,2,07,000,00,0,0,00,A01
201700052171,2,07,000,04,0,1,02,A01
201700052172,2,07,000,04,0,6,01,A01
201700052172,2,07,000,04,2,1,01,B01
201700052173,2,07,000,00,2,4,02,C01
201700052173,2,07,000,00,2,4,02,B01
201700052173,2,07,000,00,2,4,23,A01
201700052173,2,07,000,00,2,1,02,D01
201700052174,1,07,000,00,2,1,00,B01
201700052174,1,07,000,00,2,4,02,A01
201700052175,1,07,000,00,2,1,02,B01
201700052175,1,07,000,00,2,4,23,A01
201700052176,1,07,000,04,0,1,01,A01
201700052177,1,33,000,00,0,0,00,A01
201700052178,2,07,000,00,2,8,01,B01
201700052178,2,15,000,00,2,3,01,A01
201700052179,1,07,000,00,2,1,01,B01
201700052179,1,07,000,04,2,3,17,A01
201700052180,2,07,000,03,0,1,14,A01
201700052181,1,07,000,00,2,6,01,A01
201700052181,1,07,000,00,2,1,14,B01
201700052182,2,07,000,04,2,3,17,A01
201700052182,2,14,000,00,2,6,01,B01
201700052183,2,07,000,04,0,1,02,A01
201700052184,0,07,000,00,2,1,02,C01
201700052184,1,07,000,00,0,0,00,D01
201700052184,1,07,000,00,0,4,02,A01
201700052184,1,07,000,00,2,4,02,B01
201700052185,1,07,000,03,2,2,14,B01
201700052185,1,07,000,00,2,6,01,A01
201700052186,1,07,000,00,2,1,02,B01
201700052186,1,07,000,00,2,4,02,A01
201700052187,2,33,000,03,0,1,01,A01
201700052188,1,07,000,04,0,1,14,A01
201700052189,1,07,000,00,2,1,02,B01
201700052189,1,07,000,00,0,0,00,C01
201700052189,1,07,000,00,2,4,02,D01
201700052189,1,07,000,00,2,1,02,A01
201700052190,1,07,000,00,2,1,02,A01
201700052190,1,07,000,00,2,9,02,B01
201700052191,1,10,000,06,0,3,02,A01
201700052192,2,07,000,00,2,4,02,B01
201700052192,2,07,000,00,2,6,02,C01
201700052192,2,07,000,00,2,1,02,A01
201700052193,0,07,000,00,0,0,00,A01
201700052193,0,07,000,00,0,0,00,B01
201700052193,1,07,000,00,0,0,00,C01
201700052194,2,07,000,00,0,4,01,A01
201700052194,2,07,000,00,2,1,02,B01
201700052195,2,07,000,04,0,1,02,A01
201700052196,2,99,000,00,2,4,01,B01
201700052196,2,99,000,00,2,1,00,C01
201700052196,2,07,000,00,2,4,01,A01
201700052197,2,07,000,00,2,1,09,B01
201700052197,2,07,000,00,2,4,02,A01
201700052197,2,07,000,00,2,1,02,C01
201700052198,2,07,000,00,2,4,02,A01
201700052198,0,07,000,00,2,1,02,B01
201700052199,2,07,000,00,2,1,01,B01
201700052199,2,10,000,00,0,4,01,A01
201700052200,1,10,000,00,2,7,00,A01
201700052200,1,07,000,13,0,9,00,B01
201700052201,1,33,000,03,2,1,01,B01
201700052201,1,07,000,03,2,4,01,A01
201700052202,2,07,000,00,0,9,00,A01
201700052203,2,07,000,00,0,0,00,A01
201700052203,0,07,000,00,0,0,00,B01
201700052204,2,07,000,00,0,0,00,A01
201700052204,0,07,000,00,0,0,00,B01
201700052205,1,33,000,00,2,2,03,A01
201700052205,0,07,000,00,2,0,11,B01
201700052206,2,10,000,00,2,1,02,B01
201700052206,2,07,000,00,2,4,02,A01
201700052207,2,07,000,04,0,1,01,A01
201700052208,2,07,000,00,2,1,02,B01
201700052208,2,07,000,00,2,4,02,A01
201700052209,1,34,000,00,0,8,01,A01
201700052210,1,07,000,00,2,1,02,B01
201700052210,1,07,000,00,2,4,02,A01
201700052211,2,07,000,00,2,0,00,A01
201700052211,2,07,000,00,2,0,00,C01
201700052211,2,07,000,00,2,0,00,B01
201700052212,2,07,000,00,2,0,00,A01
201700052212,2,07,000,00,2,3,14,B01
201700052213,2,07,000,00,0,3,13,A01
201700052214,1,07,000,00,2,4,00,C01
201700052214,1,07,000,00,0,0,00,B01
201700052214,1,07,000,00,2,1,01,A01
201700052215,2,07,000,03,2,1,12,A01
201700052215,2,07,000,03,2,6,01,B01
201700052215,2,07,000,03,2,4,01,C01
201700052216,2,07,000,00,2,4,02,A01
201700052216,2,07,000,00,2,1,02,B01
201700052217,1,07,000,04,0,3,13,A01
201700052218,1,07,000,00,2,1,02,B01
201700052218,1,07,000,00,2,4,02,A01
201700052219,1,07,000,00,2,1,00,Z01
201700052219,1,07,000,00,2,4,02,A01
201700052220,2,07,000,00,0,0,00,A01
201700052221,1,07,000,00,2,1,00,B01
201700052221,1,10,000,00,2,4,00,A01
201700052222,1,10,000,00,2,0,00,B01
201700052222,1,07,000,00,2,0,00,A01
201700052222,1,07,000,00,2,0,00,C01
201700052223,2,07,000,03,2,4,02,A01
201700052223,2,07,000,03,2,1,02,B01
201700052224,1,33,000,00,2,1,00,B01
201700052224,1,07,000,00,2,4,11,A01
201700052225,2,31,000,00,0,0,01,A01
201700052226,2,31,000,00,2,9,11,B01
201700052226,1,07,000,00,2,6,11,A01
201700052227,0,07,000,00,2,1,02,C01
201700052227,2,03,000,00,2,4,02,B01
201700052227,2,07,000,00,2,4,02,A01
201700052228,2,07,000,00,2,1,01,C01
201700052228,2,07,000,00,0,4,01,A01
201700052228,2,07,000,00,2,4,01,B01
201700052229,1,07,000,00,2,5,02,A01
201700052229,1,31,000,00,2,1,02,B01
201700052230,1,34,000,12,2,1,16,A01
201700052231,1,07,000,00,2,1,02,B01
201700052231,1,07,000,00,2,4,02,A01
201700052232,1,07,000,00,2,4,07,B01
201700052232,1,07,000,00,2,1,07,A01
201700052233,2,07,000,00,2,1,02,E01
201700052233,2,07,000,00,2,4,23,B01
201700052233,2,99,000,00,2,4,23,C01
201700052233,2,07,000,00,2,4,23,A01
201700052233,2,07,000,00,2,4,23,D01
201700052234,2,07,000,00,2,1,02,D01
201700052234,2,07,000,00,2,2,02,C01
201700052234,2,07,000,00,2,2,01,A01
201700052234,2,07,000,01,0,1,02,B01
201700052235,1,07,000,03,0,2,14,A01
201700052236,1,07,000,03,0,2,14,A01
201700052237,1,07,000,00,2,1,02,B01
201700052237,1,07,000,00,2,4,02,A01
201700052238,2,07,000,03,2,1,02,B01
201700052238,2,07,000,03,2,4,01,A01
201700052239,1,07,000,00,2,0,07,B01
201700052239,1,07,000,00,2,4,01,C01
201700052239,1,07,000,00,2,1,01,A01
201700052240,2,07,000,00,2,2,02,C01
201700052240,2,07,000,00,2,1,18,A01
201700052240,2,07,000,00,2,4,02,B01
201700052241,2,14,000,00,2,4,02,B01
201700052241,2,07,000,00,2,5,01,A01
201700052242,2,33,000,00,2,1,01,A01
201700052242,2,07,000,00,2,5,01,C01
201700052242,2,07,000,00,2,2,01,B01
201700052243,1,07,000,00,2,4,01,A01
201700052243,1,07,000,00,2,1,00,B01
201700052244,2,07,000,03,2,3,01,B01
201700052244,2,07,000,00,2,0,01,T01
201700052244,2,10,000,03,2,3,01,C01
201700052244,2,07,000,03,2,3,11,A01
201700052245,2,07,000,13,0,1,09,A01
201700052246,1,07,000,00,0,1,02,B01
201700052246,1,07,000,00,0,4,02,A01
201700052247,2,07,000,00,2,8,01,B01
201700052247,2,07,000,00,2,5,12,A01
201700052248,2,07,000,00,2,3,01,B01
201700052248,2,07,000,00,2,6,01,A01
201700052249,1,07,000,00,2,6,11,B01
201700052249,1,31,000,00,2,2,17,A01
201700052250,2,07,000,00,2,1,02,B01
201700052250,2,07,000,00,2,4,02,A01
201700052251,1,07,000,00,2,4,02,B01
201700052251,1,07,000,00,2,1,02,C01
201700052251,1,07,000,00,2,4,02,A01
201700052252,1,07,000,04,0,1,01,A01
201700052253,2,07,000,00,2,1,02,B01
201700052253,2,10,000,00,2,4,01,A01
201700052254,2,07,000,03,0,1,13,A01
201700052255,1,07,000,00,2,4,01,A01
201700052255,1,07,000,00,2,1,02,B01
201700052256,1,07,000,00,2,1,09,Z01
201700052256,1,07,000,00,2,4,02,A01
201700052256,1,07,000,00,2,4,09,B01
201700052257,2,07,000,00,2,4,01,A01
201700052257,2,07,000,00,2,1,02,B01
201700052258,1,15,000,00,2,2,12,B01
201700052258,1,07,000,00,2,3,18,A01
201700052259,2,07,000,04,0,2,11,A01
201700052260,2,07,000,03,2,4,00,A01
201700052260,2,14,000,00,2,1,02,B01
201700052261,1,07,000,00,2,1,02,E01
201700052261,1,07,000,00,2,4,02,D01
201700052261,1,07,000,00,2,4,02,C01
201700052261,1,10,000,00,2,4,02,A01
201700052261,1,07,000,00,2,4,02,B01
201700052262,2,07,000,00,2,4,02,B01
201700052262,2,07,000,00,2,1,02,Z01
201700052263,2,07,000,04,0,6,13,A01
201700052264,1,10,000,00,2,4,02,C01
201700052264,1,07,000,00,2,4,02,D01
201700052264,1,07,000,00,2,1,02,B01
201700052264,1,07,000,00,2,1,02,A01
201700052265,1,07,000,00,2,6,11,A01
201700052265,1,17,000,00,2,2,01,B01
201700052266,1,15,000,00,2,4,02,A01
201700052266,1,07,000,00,2,1,02,B01
201700052267,1,07,000,00,2,4,13,D01
201700052267,1,07,000,00,2,4,13,A01
201700052267,1,07,000,00,2,1,13,E01
201700052267,1,07,000,00,2,4,13,B01
201700052267,1,07,000,00,2,4,13,C01
201700052268,1,07,000,00,2,3,14,B01
201700052268,1,07,000,13,2,5,01,A01
201700052269,2,07,000,00,0,9,01,A01
201700052270,1,33,000,00,2,1,21,B01
201700052270,1,07,000,00,2,6,23,A01
201700052271,1,07,000,00,2,3,02,B01
201700052271,1,07,000,00,2,5,02,A01
201700052272,2,07,000,00,2,4,21,A01
201700052272,2,34,000,00,2,1,21,B01
201700052273,2,07,000,00,0,1,00,A01
201700052274,2,07,000,04,2,4,00,A01
201700052274,2,07,000,00,2,1,02,B01
201700052275,2,07,000,00,2,4,02,B01
201700052275,2,10,000,00,2,4,02,A01
201700052275,2,07,000,00,2,1,02,D01
201700052275,2,07,000,00,2,4,02,C01
201700052276,1,07,000,00,2,4,02,C01
201700052276,1,10,000,00,2,9,01,B01
201700052276,1,07,000,00,2,1,02,A01
201700052277,2,33,000,00,2,3,06,B01
201700052277,2,07,000,00,2,1,02,A01
201700052278,1,07,000,00,2,4,23,A01
201700052278,1,07,000,00,2,4,23,B01
201700052278,1,07,000,00,2,1,02,C01
201700052279,1,07,000,00,2,8,00,B01
201700052279,1,07,000,00,2,2,01,A01
201700052280,1,07,000,00,2,6,17,C01
201700052280,1,07,000,00,2,1,17,D01
201700052280,1,07,000,00,2,1,17,B01
201700052280,1,07,000,04,2,4,00,A01
201700052281,1,07,000,00,2,4,02,A01
201700052281,1,07,000,00,2,1,02,B01
201700052282,2,07,000,00,2,2,02,B01
201700052282,2,07,000,00,2,6,02,A01
201700052283,1,07,000,03,2,1,02,B01
201700052283,1,10,000,03,2,4,02,A01
201700052284,2,07,000,00,2,4,01,B01
201700052284,2,07,000,00,2,1,01,D01
201700052284,2,07,000,00,2,4,01,C01
201700052284,2,07,000,00,2,6,01,A01
201700052285,2,07,000,00,2,1,02,B01
201700052285,2,07,000,00,2,0,02,A01
201700052286,2,07,000,00,0,2,14,A01
201700052287,1,07,000,00,0,0,00,B01
201700052287,0,07,000,00,0,0,12,A01
201700052288,2,07,000,13,0,2,21,A01
201700052289,1,14,000,00,2,1,00,E01
201700052289,1,07,000,00,2,4,23,A01
201700052289,1,07,000,00,2,4,00,B01
201700052289,1,07,000,00,2,4,00,D01
201700052289,1,07,000,00,2,4,02,C01
201700052290,1,07,000,04,2,3,01,D01
201700052290,1,07,000,04,2,1,01,C01
201700052290,1,07,000,04,2,1,02,B01
201700052290,1,07,000,04,2,9,02,A01
201700052291,2,33,000,00,2,1,02,B01
201700052291,2,07,000,00,2,4,02,A01
201700052292,2,07,000,00,2,4,02,A01
201700052292,2,07,000,00,2,4,02,B01
201700052292,2,07,000,00,2,1,02,C01
201700052293,1,07,000,00,2,1,02,A01
201700052293,1,10,000,00,2,5,02,B01
201700052294,1,07,000,00,2,1,02,A01
201700052294,1,07,000,00,2,4,02,C01
201700052294,1,07,000,00,2,4,02,B01
201700052294,1,07,000,00,2,4,02,D01
201700052295,1,07,000,00,2,2,12,A01
201700052295,1,34,000,00,2,3,17,B01
201700052295,1,07,000,00,2,4,07,C01
201700052296,2,33,000,00,2,2,03,B01
201700052296,2,07,000,00,2,3,11,A01
201700052297,2,07,000,00,2,5,03,B01
201700052297,2,34,000,00,2,1,18,A01
201700052298,1,07,000,00,2,4,02,A01
201700052298,1,07,000,00,2,1,02,B01
201700052299,1,07,000,03,9,1,02,A01
201700052300,1,07,000,00,2,3,13,A01
201700052300,1,07,000,00,2,5,17,B01
201700052301,2,07,000,00,2,6,01,A01
201700052301,2,07,000,04,2,1,13,B01
201700052302,1,10,000,00,2,7,07,A01
201700052302,1,33,000,00,2,8,03,B01
201700052303,1,07,000,00,2,2,01,B01
201700052303,1,07,000,00,2,6,01,A01
201700052304,1,07,000,04,0,1,02,A01
201700052305,1,07,000,00,2,4,23,B01
201700052305,1,07,000,00,2,1,02,C01
201700052305,1,07,000,00,2,4,23,A01
201700052306,2,07,000,00,2,4,02,B01