Num_Acc,senc,catv,occutc,obs,obsm,choc,manv,num_veh
201700052948,1,34,000,00,1,1,16,A01
201700052949,1,07,000,00,1,3,01,A01
201700052950,2,31,000,00,2,7,05,A01
201700052950,2,10,000,00,2,3,15,B01
201700052951,1,07,000,00,2,2,01,B01
201700052951,1,07,000,11,2,9,14,A01
201700052952,1,07,000,00,1,3,01,A01
201700052953,1,07,000,00,1,4,04,A01
201700052954,2,10,000,00,2,2,16,A01
201700052954,2,01,000,00,2,3,07,B01
201700052955,1,07,000,00,2,3,11,A01
201700052955,1,33,000,00,2,2,01,B01
201700052956,2,34,000,00,0,1,11,A01
201700052957,1,10,000,00,2,8,22,A01
201700052957,1,01,000,00,2,8,01,B01
201700052958,1,07,000,00,2,8,13,A01
201700052958,1,30,000,00,2,2,01,B01
201700052959,2,33,000,00,1,1,17,A01
201700052960,2,33,000,01,0,8,13,A01
201700052961,2,07,000,00,1,3,01,A01
201700052962,1,31,000,00,1,0,01,A01
201700052963,1,31,000,00,1,1,01,Z01
201700052964,2,32,000,00,2,3,11,A01
201700052964,2,07,000,00,2,2,01,B01
201700052965,2,33,000,00,0,0,01,A01
201700052966,0,02,000,00,2,2,01,B01
201700052966,1,07,000,00,2,6,09,A01
201700052967,1,07,000,00,2,1,02,A01
201700052967,1,07,000,00,2,4,23,B01
201700052968,1,31,000,00,1,1,01,A01
201700052969,2,01,000,00,2,8,01,A01
201700052969,1,30,000,00,2,3,15,Z01
201700052970,2,30,000,12,0,6,13,A01
201700052971,2,01,000,01,0,0,15,A01
201700052972,2,10,000,00,2,0,22,Z01
201700052972,2,31,000,00,2,1,01,A01
201700052973,2,01,000,00,2,2,01,B01
201700052973,2,07,000,00,2,3,09,A01
201700052974,2,01,000,00,2,3,13,A01
201700052974,2,07,000,00,2,2,01,B01
201700052975,1,01,000,00,2,1,01,B01
201700052975,1,07,000,00,2,2,12,A01
201700052976,1,01,000,00,2,0,07,A01
201700052976,0,07,000,00,2,0,16,B01
201700052977,2,30,000,00,1,1,18,A01
201700052978,1,34,000,00,2,1,01,A01
201700052978,2,07,000,00,2,0,09,B01
201700052979,2,10,000,00,2,0,01,Z01
201700052979,2,01,000,00,2,3,15,A01
201700052980,1,02,000,00,0,0,21,A01
201700052981,1,01,000,00,1,1,01,A01
201700052982,1,01,000,00,1,2,02,A01
201700052983,1,32,000,11,0,1,01,A01
201700052984,2,32,000,00,1,1,01,A01
201700052985,2,07,000,00,2,3,15,A01
201700052985,2,34,000,00,2,3,01,B01
201700052986,1,07,000,00,1,1,15,A01
201700052987,2,07,000,00,1,2,15,A01
201700052988,1,10,000,00,2,7,11,C01
201700052988,1,01,000,00,2,6,01,A01
201700052988,1,07,000,00,2,1,01,B01
201700052989,2,02,000,00,2,4,23,A01
201700052989,2,07,000,00,2,1,02,Z01
201700052990,2,01,000,00,1,0,05,Z01
201700052991,1,01,000,00,2,1,18,B01
201700052991,1,10,000,00,2,7,22,A01
201700052992,1,33,000,00,2,2,17,B01
201700052992,1,07,000,00,2,3,20,A01
201700052993,2,34,000,00,2,1,05,A01
201700052993,1,07,000,00,2,1,01,B01
201700052994,2,01,000,00,2,1,01,A01
201700052994,2,10,000,00,2,5,01,B01
201700052995,1,07,000,00,1,4,04,A01
201700052996,2,07,000,00,2,4,23,B01
201700052996,2,02,000,01,2,1,01,A01
201700052997,1,34,000,00,2,7,01,B01
201700052997,1,07,000,00,2,3,11,A01
201700052998,1,14,000,00,2,1,02,A01
201700052998,1,07,000,00,2,4,23,B01
201700052999,2,33,000,00,2,1,01,A01
201700052999,2,01,000,00,2,4,21,B01
201700053000,1,07,000,00,2,4,23,C01
201700053000,1,07,000,00,2,1,02,A01
201700053000,1,07,000,00,2,4,23,B01
201700053001,0,07,000,01,0,1,01,A01
201700053002,2,07,000,00,1,3,15,A01
201700053003,2,07,000,00,2,6,01,C01
201700053003,2,31,000,00,2,1,17,B01
201700053003,2,34,000,00,2,1,05,A01
201700053004,1,07,000,00,2,2,10,A01
201700053004,2,33,000,00,2,0,01,B01
201700053005,2,07,000,00,2,5,16,B01
201700053005,2,30,000,00,2,3,07,A01
201700053006,1,30,000,00,0,7,01,A01
201700053007,2,07,000,00,2,1,01,A01
201700053007,1,07,000,11,2,1,05,Z01
201700053008,1,31,000,00,2,1,17,A01
201700053008,2,10,000,00,2,3,01,B01
201700053009,1,31,000,00,2,1,17,B01
201700053009,2,07,000,00,2,6,15,A01
201700053010,2,34,000,00,2,1,01,B01
201700053010,2,07,000,00,2,2,10,A01
201700053011,0,01,000,00,2,1,23,A01
201700053011,0,07,000,00,2,0,01,Z01
201700053012,1,30,000,00,1,1,05,A01
201700053013,2,01,000,00,1,1,01,A01
201700053014,2,07,000,00,2,5,15,B01
201700053014,2,33,000,00,2,1,02,A01
201700053015,1,02,000,00,1,1,01,A01
201700053016,1,31,000,00,2,7,01,A01
201700053016,1,07,000,00,2,3,15,Z01
201700053017,2,07,000,00,1,5,01,A01
201700053018,1,07,000,00,2,2,01,B01
201700053018,1,32,000,00,2,1,01,A01
201700053019,1,33,000,00,2,1,01,B01
201700053019,2,07,000,00,2,2,01,A01
201700053020,2,07,000,00,2,4,23,B01
201700053020,2,33,000,00,2,1,01,A01
201700053021,2,30,000,00,1,1,01,A01
201700053022,2,07,000,00,1,8,01,A01
201700053023,2,33,000,00,2,1,01,A01
201700053023,2,07,000,00,2,4,01,B01
201700053024,2,07,000,00,2,8,16,B01
201700053024,2,07,000,00,2,2,01,A01
201700053025,1,33,000,00,1,2,17,A01
201700053026,2,07,000,00,1,1,01,A01
201700053027,2,07,000,00,2,2,01,B01
201700053027,2,01,000,00,2,8,09,A01
201700053028,2,02,000,00,2,0,14,Z01
201700053028,2,02,000,00,2,3,01,A01
201700053029,1,33,000,00,0,8,15,A01
201700053030,2,33,000,00,0,0,07,A01
201700053031,1,32,000,00,1,0,01,A01
201700053032,2,07,000,14,0,8,01,A01
201700053033,2,30,000,00,2,5,16,A01
201700053033,2,07,000,00,2,3,07,B01
201700053034,1,37,000,00,1,2,01,A01
201700053035,2,10,000,00,1,2,16,A01
201700053036,2,10,000,00,2,3,10,A01
201700053036,2,32,000,00,2,3,17,B01
201700053037,2,07,000,00,1,1,01,Z01
201700053038,2,07,000,00,2,2,16,B01
201700053038,2,02,000,00,0,1,07,A01
201700053039,1,07,000,00,2,6,23,B01
201700053039,1,30,000,00,2,1,02,A01
201700053040,1,07,000,00,2,1,02,A01
201700053040,1,07,000,00,2,4,23,B01
201700053041,2,07,000,00,1,3,15,A01
201700053042,1,01,000,00,2,1,07,A01
201700053042,2,07,000,00,2,3,01,B01
201700053043,1,34,000,00,2,6,15,B01
201700053043,1,07,000,00,2,2,01,A01
201700053044,1,07,000,00,2,7,17,A01
201700053044,1,30,000,00,2,3,01,B01
201700053045,2,10,000,00,1,6,04,A01
201700053046,1,07,000,11,0,3,13,A01
201700053047,1,33,000,00,2,1,01,A01
201700053047,1,01,000,00,2,8,01,B01
201700053048,1,02,000,00,1,1,17,A01
201700053049,2,07,000,00,2,5,22,A01
201700053049,2,01,000,00,2,1,01,B01
201700053050,1,07,000,00,2,4,23,B01
201700053050,1,01,000,00,2,1,02,A01
201700053051,2,10,000,00,2,7,12,B01
201700053051,2,31,000,00,2,3,01,A01
201700053052,1,07,000,00,2,1,07,A01
201700053052,1,30,000,00,2,8,15,B01
201700053053,2,07,000,00,2,0,15,Z01
201700053053,1,31,000,00,2,3,23,A01
201700053054,2,14,000,00,2,6,01,A01
201700053054,2,34,000,00,2,2,03,B01
201700053055,1,32,000,00,2,1,01,A01
201700053055,1,07,000,00,2,5,01,B01
201700053056,1,01,000,00,2,5,18,A01
201700053056,1,07,000,00,2,5,22,B01
201700053057,1,33,000,00,1,1,01,A01
201700053058,1,07,000,00,1,7,16,A01
201700053059,2,07,000,00,2,4,01,B01
201700053059,2,07,000,00,2,1,01,A01
201700053060,1,01,000,00,2,0,07,A01
201700053060,1,07,000,00,2,0,16,B01
201700053061,2,33,000,00,1,0,01,A01
201700053062,2,02,000,00,2,8,05,A01
201700053062,1,10,000,00,2,8,01,B01
201700053063,2,01,000,11,0,8,13,A01
201700053064,1,07,000,00,1,1,15,A01
201700053065,1,07,000,00,2,2,16,A01
201700053065,1,01,000,00,2,3,07,B01
201700053066,1,02,000,00,2,1,01,A01
201700053066,1,07,000,00,2,7,16,B01
201700053067,2,07,000,00,2,2,12,A01
201700053067,2,32,000,00,2,3,01,B01
201700053068,1,07,000,00,2,7,24,C01
201700053068,1,14,000,00,2,0,13,A01
201700053068,1,33,000,00,2,2,17,B01
201700053069,1,01,000,00,1,1,01,A01
201700053070,2,37,000,00,2,5,07,A01
201700053070,2,01,000,00,2,0,07,B01
201700053071,1,07,000,00,2,6,01,B01
201700053071,1,07,000,00,2,2,12,A01
201700053072,1,02,000,00,2,1,17,A01
201700053072,1,10,000,00,2,6,23,B01
201700053073,1,01,000,00,2,1,17,A01
201700053073,1,10,000,00,2,6,13,B01
201700053074,1,07,000,00,2,1,09,A01
201700053074,1,01,000,00,2,1,01,B01
201700053075,1,07,000,00,1,1,07,A01
201700053076,1,07,000,15,2,1,14,A01
201700053076,1,07,000,00,2,1,01,B01
201700053077,1,01,000,00,1,1,07,A01
201700053078,1,01,000,00,2,7,17,B01
201700053078,1,07,000,00,2,8,22,A01
201700053079,1,07,000,00,2,4,23,B01
201700053079,1,07,000,00,2,1,02,A01
201700053080,0,01,000,00,2,3,01,B01
201700053080,0,07,000,00,2,8,01,A01
201700053081,2,34,000,00,2,2,05,A01
201700053081,1,07,000,00,2,3,15,B01
201700053082,2,07,000,00,2,8,01,A01
201700053082,2,33,000,00,2,1,15,B01
201700053083,0,07,000,00,2,4,01,A01
201700053083,0,01,000,00,2,1,13,B01
201700053084,1,07,000,00,2,3,15,B01
201700053084,1,02,000,00,2,5,05,A01
201700053085,2,01,000,00,2,7,01,B01
201700053085,1,01,000,00,2,1,01,A01
201700053086,2,32,000,01,2,1,18,A01
201700053086,2,07,000,00,2,7,22,B01
201700053087,2,07,000,00,2,5,23,B01
201700053087,2,32,000,00,2,1,01,A01
201700053088,2,38,000,00,2,2,04,A01
201700053088,2,33,000,00,2,8,01,B01
201700053089,1,32,000,00,2,7,01,B01
201700053089,1,07,000,00,2,3,15,A01
201700053090,1,33,000,00,2,3,18,A01
201700053090,1,07,000,00,2,2,16,B01
201700053091,1,01,000,00,1,1,01,A01
201700053092,1,07,000,00,1,2,01,A01
201700053093,2,07,000,00,1,2,01,A01
201700053094,1,10,000,00,2,8,18,A01
201700053094,1,01,000,00,2,7,01,B01
201700053095,1,07,000,01,1,1,09,A01
201700053096,2,07,000,00,2,5,12,B01
201700053096,2,33,000,00,2,3,18,A01
201700053097,2,07,000,00,1,3,07,A01
201700053098,1,32,000,00,2,6,02,A01
201700053098,1,10,000,00,2,4,02,B01
201700053099,2,07,000,00,2,7,15,B01
201700053099,1,01,000,00,2,1,07,A01
201700053100,0,10,000,01,2,9,24,B01
201700053100,2,13,000,15,2,0,14,A01
201700053101,0,30,000,00,2,0,05,A01
201700053101,2,07,000,00,2,3,15,B01
201700053102,1,07,000,00,2,4,23,B01
201700053102,1,07,000,00,2,1,02,A01
201700053103,1,02,000,00,1,2,01,A01
201700053104,1,33,000,00,1,8,01,A01
201700053104,1,07,000,00,2,1,01,Z01
201700053105,2,32,000,00,2,8,01,B01
201700053105,2,07,000,00,2,2,01,A01
201700053106,1,07,000,00,2,1,01,A01
201700053106,2,07,000,00,2,3,01,B01
201700053107,1,33,000,00,2,1,01,B01
201700053107,2,01,000,00,2,1,05,A01
201700053108,1,07,000,00,2,2,02,A01
201700053108,1,01,000,00,2,8,11,B01
201700053109,0,10,000,00,2,5,16,B01
201700053109,1,01,000,00,2,8,01,A01
201700053110,2,01,000,00,2,2,01,A01
201700053110,2,07,000,00,2,8,22,Z01
201700053111,1,02,000,00,1,1,01,A01
201700053112,1,31,000,00,1,7,01,A01
201700053113,1,31,000,00,2,2,01,A01
201700053113,1,07,000,00,2,3,09,B01
201700053114,0,07,000,00,2,1,01,Z01
201700053114,1,33,000,00,2,4,23,B01
201700053114,1,33,000,00,2,1,23,A01
201700053115,2,15,000,00,2,7,01,B01
201700053115,2,07,000,00,2,8,18,A01
201700053116,2,02,000,00,1,1,01,A01
201700053117,1,07,000,00,1,3,15,A01
201700053118,2,07,000,00,1,3,07,Z01
201700053119,2,07,000,00,2,9,02,A01
201700053119,2,07,000,00,2,4,02,B01
201700053120,1,10,000,00,1,3,15,A01
201700053121,2,01,000,00,1,1,05,A01
201700053122,2,07,000,00,2,1,07,A01
201700053122,2,01,000,00,2,8,19,B01
201700053123,1,07,000,00,1,1,15,A01
201700053124,0,02,000,01,0,1,13,A01
201700053125,1,07,000,00,2,7,00,A01
201700053125,1,01,000,00,2,8,00,B01
201700053126,0,07,000,00,2,0,01,Z01
201700053126,0,32,000,00,2,3,01,A01
201700053127,2,01,000,00,2,4,14,A01
201700053127,2,07,000,00,2,2,14,Z01
201700053128,1,30,000,00,2,3,01,B01
201700053128,1,07,000,00,2,1,01,A01
201700053129,1,31,000,00,2,0,01,A01
201700053129,1,07,000,00,2,0,14,Z01
201700053130,1,07,000,00,2,2,10,A01
201700053130,2,32,000,00,2,0,01,B01
201700053131,2,01,000,00,2,3,14,A01
201700053131,2,10,000,00,2,2,01,B01
201700053132,2,02,000,00,1,0,01,Z01
201700053133,2,10,000,01,0,3,13,A01
201700053134,1,34,000,00,2,7,01,B01
201700053134,1,07,000,00,2,8,13,A01
201700053135,1,07,000,11,0,1,01,A01
201700053136,1,01,000,00,2,0,01,B01
201700053136,1,07,000,00,2,1,01,A01
201700053137,2,33,000,00,2,2,01,A01
201700053137,2,07,000,00,2,5,14,Z01
201700053138,1,01,000,00,2,8,15,A01
201700053138,2,01,000,00,2,8,01,B01
201700053139,0,02,000,00,2,7,07,A01
201700053139,0,07,000,00,2,7,01,B01
201700053140,2,10,000,00,1,4,04,A01
201700053141,2,07,000,00,2,1,02,A01
201700053141,2,07,000,00,2,4,02,B01
201700053142,0,07,000,00,2,5,16,A01
201700053142,2,33,000,00,2,3,18,B01
201700053143,1,07,000,00,2,4,01,B01
201700053143,1,30,000,00,2,1,01,A01
201700053144,2,31,000,00,1,1,01,A01
201700053145,2,07,000,00,2,8,10,A01
201700053145,1,30,000,00,2,8,17,B01
201700053146,2,02,000,00,2,0,02,A01
201700053146,2,07,000,00,2,5,23,B01
201700053147,2,07,000,00,1,8,01,A01
201700053148,1,02,000,00,2,1,02,A01
201700053148,1,07,000,00,2,5,23,B01
201700053149,1,07,000,00,2,6,01,C01
201700053149,1,34,000,00,2,1,03,A01
201700053149,1,31,000,00,2,8,09,B01
201700053150,2,07,000,00,2,3,07,B01
201700053150,2,31,000,00,2,2,01,A01
201700053151,2,07,000,00,2,7,17,B01
201700053151,2,31,000,00,2,8,18,A01
201700053152,1,07,000,00,1,1,01,A01
201700053153,1,33,000,00,1,2,01,A01
201700053154,1,07,000,00,1,2,01,A01
201700053155,1,07,000,00,1,7,16,A01
201700053156,0,07,000,00,1,3,01,A01
201700053157,1,10,000,00,2,3,15,A01
201700053157,1,31,000,00,2,1,01,B01
201700053158,2,30,000,00,0,2,21,A01
201700053159,1,30,000,00,2,3,11,A01
201700053159,1,07,000,00,2,2,02,B01
201700053160,1,30,000,00,2,8,01,A01
201700053160,1,07,000,00,2,2,13,Z01
201700053161,1,01,000,00,1,1,01,A01
201700053162,2,07,000,00,2,6,18,A01
201700053162,2,01,000,00,2,7,01,B01
201700053163,2,07,000,00,2,3,01,A01
201700053163,0,01,000,00,2,7,19,B01
201700053164,1,07,000,00,1,3,16,A01
201700053165,1,07,000,01,0,1,14,A01
201700053166,2,02,000,00,2,3,01,B01
201700053166,1,07,000,00,2,2,15,A01
201700053167,1,32,000,00,1,1,01,Z01
201700053168,1,07,000,00,1,2,01,A01
201700053169,1,07,000,00,2,4,23,B01
201700053169,1,07,000,00,2,1,01,A01
201700053170,2,37,000,00,1,5,21,A01
201700053171,1,07,000,00,1,2,01,A01
201700053172,1,07,000,00,1,4,04,A01
201700053173,1,07,000,00,2,1,02,A01
201700053173,0,07,000,00,2,4,23,D01
201700053173,1,07,000,00,2,4,02,B01
201700053173,0,07,000,00,2,4,02,C01
201700053174,2,34,000,00,2,3,01,B01
201700053174,1,07,000,00,2,3,15,A01
201700053175,0,07,000,00,2,0,04,B01
201700053175,2,01,000,12,2,2,07,A01
201700053176,1,07,000,00,1,3,15,A01
201700053177,1,07,000,00,1,2,01,A01
201700053178,0,32,000,00,2,0,02,A01
201700053178,2,07,000,00,2,4,02,B01
201700053179,2,33,000,00,2,2,01,B01
201700053179,2,07,000,00,2,3,09,A01
201700053180,2,01,000,00,1,0,01,A01
201700053181,1,07,000,00,2,1,01,A01
201700053181,0,01,000,00,2,7,12,B01
201700053182,0,07,000,00,1,2,01,A01
201700053183,2,07,000,00,1,3,01,A01
201700053184,1,02,000,00,2,0,17,A01
201700053184,1,07,000,00,2,8,15,B01
201700053185,2,31,000,00,2,1,01,B01
201700053185,1,07,000,00,2,3,15,A01
201700053186,1,01,000,00,2,0,03,B01
201700053186,1,07,000,00,2,2,01,A01
201700053187,2,01,000,00,2,7,01,A01
201700053187,1,07,000,00,2,3,01,B01
201700053188,2,33,000,00,1,1,01,A01
201700053189,2,32,000,00,2,6,18,B01
201700053189,2,07,000,00,2,7,22,A01
201700053190,2,01,000,00,2,3,07,A01
201700053190,2,01,000,00,2,2,07,Z01
201700053191,1,01,000,00,2,3,05,A01
201700053191,1,01,000,00,2,3,01,B01
201700053192,1,01,000,00,2,1,01,A01
201700053192,1,07,000,00,2,4,23,B01
201700053193,2,34,000,00,1,0,01,A01
201700053194,1,07,000,00,1,2,01,A01
201700053195,2,07,000,00,2,8,15,A01
201700053195,2,31,000,00,2,1,17,B01
201700053196,2,07,000,00,1,4,04,A01
201700053197,1,07,000,00,1,1,01,A01
201700053198,2,01,000,00,1,1,07,A01
201700053199,2,01,000,00,2,1,02,A01
201700053199,2,01,000,00,2,4,02,B01
201700053200,1,10,000,00,2,0,23,B01
201700053200,1,02,000,00,2,0,02,A01
201700053201,1,30,000,00,2,0,15,A01
201700053201,2,01,000,00,2,0,01,B01
201700053202,1,01,000,00,2,4,01,A01
201700053202,1,07,000,00,2,1,16,Z01
201700053203,2,01,000,00,1,0,01,Z01
201700053204,2,07,000,00,1,1,01,A01
201700053205,1,07,000,00,1,1,01,A01
201700053206,1,37,000,00,1,2,01,A01
201700053207,2,34,000,00,1,3,01,A01
201700053207,1,07,000,00,2,3,01,B01
201700053208,1,30,000,00,2,3,01,A01
201700053208,1,07,000,00,2,2,17,Z01
201700053209,2,07,000,00,2,3,01,B01
201700053209,1,07,000,08,2,2,01,A01
201700053210,0,34,000,00,2,2,03,A01
201700053210,1,07,000,00,2,0,01,B01
201700053211,1,07,000,07,0,1,13,A01
201700053212,1,07,000,00,1,3,01,A01
201700053213,2,07,000,00,2,2,23,B01
201700053213,1,31,000,00,2,1,02,A01
201700053214,1,07,000,00,2,2,01,A01
201700053214,1,31,000,00,2,1,01,B01
201700053215,2,07,000,00,2,2,15,A01
201700053215,1,33,000,00,2,1,01,B01
201700053216,2,01,000,00,0,0,21,A01
201700053217,2,07,000,00,2,1,10,A01
201700053217,1,01,000,00,2,0,01,B01
201700053218,2,07,000,00,2,3,15,B01
201700053218,1,32,000,00,2,1,01,A01
201700053219,2,01,000,00,2,1,07,B01
201700053219,1,07,000,00,2,4,07,A01
201700053220,2,30,000,00,2,3,01,B01
201700053220,1,07,000,00,2,1,01,A01
201700053221,1,07,000,00,2,4,23,B01
201700053221,1,07,000,00,2,1,02,A01
201700053222,1,10,000,00,2,2,15,A01
201700053222,2,32,000,00,2,1,01,B01
201700053223,0,07,000,00,1,1,16,A01
201700053224,2,07,000,00,2,3,22,B01
201700053224,2,01,000,00,2,2,01,A01
201700053225,2,33,000,00,1,2,01,A01
201700053226,1,30,000,00,0,7,01,A01
201700053227,2,07,000,11,0,3,13,A01
201700053228,1,07,000,00,2,3,15,B01
201700053228,1,10,000,00,2,7,01,C01
201700053228,1,02,000,00,2,3,17,A01
201700053229,2,33,000,00,1,1,01,A01
201700053230,2,01,000,00,2,1,18,A01
201700053230,2,07,000,00,9,7,01,Z01
201700053231,1,07,000,00,2,3,01,A01
201700053231,2,02,000,00,2,2,01,B01
201700053232,2,07,000,00,1,2,01,A01
201700053233,2,33,000,00,1,2,05,A01
201700053234,2,07,000,00,2,1,16,B01
201700053234,2,01,000,00,2,2,07,A01
201700053235,2,01,000,00,2,1,01,A01
201700053235,2,07,000,00,2,4,23,B01
201700053236,2,34,000,00,2,1,01,B01
201700053236,2,07,000,00,2,6,10,A01
201700053237,1,10,000,00,2,2,10,A01
201700053237,0,33,000,00,2,5,01,B01
201700053238,2,31,000,00,2,0,18,A01
201700053238,2,07,000,00,2,0,01,B01
201700053239,1,37,000,00,1,7,09,A01
201700053240,2,32,000,00,2,4,01,A01
201700053240,2,10,000,00,2,0,01,Z01
201700053241,2,07,000,00,2,1,01,A01
201700053241,1,07,000,00,2,8,01,B01
201700053242,1,10,000,00,2,2,01,A01
201700053242,1,33,000,00,2,8,15,B01
201700053243,2,31,000,00,2,0,07,B01
201700053243,1,07,000,00,2,2,01,A01
201700053244,2,31,000,00,2,1,17,A01
201700053244,2,07,000,00,2,3,15,B01
201700053245,2,33,000,00,0,1,01,B01
201700053245,1,07,000,00,2,5,01,A01
201700053246,1,07,000,00,2,6,23,B01
201700053246,1,10,000,00,2,2,02,A01
201700053247,1,10,000,00,2,7,09,A01
201700053247,0,31,000,00,2,1,01,B01
201700053248,1,31,000,00,2,3,01,A01
201700053248,1,07,000,00,2,1,01,Z01
201700053249,2,02,000,00,2,8,01,B01
201700053249,1,10,000,00,2,8,15,A01
201700053250,1,33,000,00,2,7,01,A01
201700053250,1,07,000,00,2,0,14,Z01
201700053251,2,01,000,00,2,5,19,A01
201700053251,2,07,000,00,2,6,16,B01
201700053252,1,07,000,01,0,3,01,A01
201700053252,1,33,000,01,0,1,22,B01
201700053253,0,07,000,00,2,0,15,A01
201700053253,0,33,000,00,2,2,17,B01
201700053254,1,07,000,00,2,2,16,B01
201700053254,1,02,000,00,2,8,18,A01
201700053255,2,01,000,00,2,0,07,B01
201700053255,2,07,000,00,2,7,16,A01
201700053256,2,07,000,00,2,3,13,A01
201700053256,1,37,000,00,2,3,17,B01
201700053257,1,31,000,00,2,6,18,A01
201700053257,1,14,000,00,2,7,01,B01
201700053258,2,31,000,00,2,1,01,A01
201700053258,1,07,000,00,2,8,01,B01
201700053259,2,07,000,00,2,3,15,A01
201700053259,2,02,000,00,2,1,01,B01
201700053260,2,02,000,00,0,8,21,A01
201700053261,1,07,000,00,1,4,04,A01
201700053262,1,07,000,00,2,4,23,C01
201700053262,1,07,000,00,2,0,01,A01
201700053262,1,07,000,00,2,1,23,B01
201700053263,2,07,000,00,2,6,24,B01
201700053263,2,07,000,01,2,2,07,A01
201700053264,2,01,000,00,2,4,15,B01
201700053264,2,34,000,00,2,2,17,A01
201700053265,2,07,000,00,1,8,01,A01
201700053266,2,31,000,00,1,3,01,A01
201700053267,1,10,000,00,2,2,02,A01
201700053267,1,07,000,00,2,6,23,B01
201700053268,1,02,000,00,2,7,23,A01
201700053268,1,07,000,00,2,6,02,B01
201700053269,1,07,000,00,2,4,01,B01
201700053269,1,30,000,00,2,1,01,A01
201700053270,2,02,000,00,0,7,01,A01
201700053271,1,07,000,00,1,0,01,A01
201700053272,1,31,000,00,1,3,01,A01
201700053273,2,01,000,00,2,3,01,B01
201700053273,2,07,000,00,2,2,16,A01
201700053274,2,10,000,00,2,3,16,A01
201700053274,0,33,000,00,2,6,01,B01
201700053275,2,33,000,00,1,1,01,A01
201700053276,1,07,000,00,2,3,13,A01
201700053276,2,07,000,00,2,1,01,B01
201700053277,1,07,000,00,2,5,15,A01
201700053277,1,33,000,00,2,1,01,B01
201700053278,2,30,000,00,1,1,01,A01
201700053279,2,01,000,00,1,1,01,A01
201700053280,1,01,000,00,0,0,01,A01
201700053281,2,02,000,00,1,1,01,Z01
201700053282,2,30,000,00,2,6,13,A01
201700053282,2,07,000,00,2,2,01,B01
201700053283,1,07,000,00,2,7,01,B01
201700053283,2,07,000,00,2,1,01,A01
201700053284,1,07,000,00,2,1,15,A01
201700053284,1,32,000,00,2,8,01,B01
201700053285,2,10,000,00,2,1,01,A01
201700053285,2,32,000,00,2,4,23,B01
201700053286,1,07,000,00,2,3,13,A01
201700053286,1,01,000,00,2,5,01,B01
201700053287,1,10,000,00,2,1,02,A01
201700053287,1,07,000,00,2,4,23,B01
201700053288,1,07,000,00,1,2,01,Z01
201700053289,2,01,000,00,1,1,07,A01
201700053290,1,07,000,08,2,1,02,A01
201700053290,1,07,000,00,2,4,23,B01
201700053290,1,07,000,08,2,4,15,C01
201700053291,1,07,000,00,1,1,01,A01
201700053292,2,01,000,00,2,2,01,B01
201700053292,1,07,000,00,2,2,01,A01
201700053293,1,07,000,00,1,1,01,A01
201700053294,1,31,000,00,1,3,01,A01
201700053295,2,31,000,00,2,3,02,A01
201700053295,2,07,000,00,2,6,23,B01
201700053296,2,07,000,00,2,2,15,A01
201700053296,1,32,000,00,2,3,01,B01
201700053297,1,30,000,00,2,1,01,A01
201700053297,1,07,000,00,2,5,01,B01
201700053298,2,02,000,00,2,1,02,A01
201700053298,2,07,000,00,2,4,16,B01
201700053299,1,07,000,00,2,3,01,C01
201700053299,2,07,000,00,2,1,17,A01
201700053299,2,31,000,00,2,4,01,B01
201700053300,1,30,000,00,2,4,15,B01
201700053300,1,30,000,00,2,1,17,A01
201700053301,1,07,000,00,2,2,01,A01
201700053301,2,31,000,00,2,7,15,B01
201700053302,2,07,000,09,0,2,01,A01
201700053303,2,33,000,00,2,8,01,B01
201700053303,1,07,000,00,2,7,10,A01
201700053304,2,01,000,00,1,2,01,A01
201700053305,2,34,000,00,2,1,17,A01
201700053305,2,07,000,00,2,3,15,B01
201700053306,1,07,000,00,1,0,01,A01
201700053307,0,30,000,00,2,1,02,A01
201700053307,2,07,000,00,2,6,23,B01
201700053308,1,07,000,00,1,0,15,A01
201700053309,1,07,000,00,2,8,01,B01
201700053309,1,07,000,00,2,1,15,A01
201700053310,2,07,000,00,1,1,01,A01
201700053311,1,07,000,00,2,8,01,B01
201700053311,1,33,000,00,2,1,01,A01
201700053312,0,31,000,00,2,1,01,B01
201700053312,2,07,000,00,2,2,15,A01
201700053313,2,01,000,00,2,1,01,B01
201700053313,2,07,000,00,2,3,15,A01
201700053314,1,31,000,00,1,3,01,A01
201700053315,2,37,000,00,1,0,01,A01
201700053316,1,10,000,00,1,0,01,A01
201700053317,1,32,000,00,1,1,17,A01
201700053318,2,07,000,00,1,4,04,A01
201700053319,2,33,000,00,1,1,01,Z01
201700053320,1,01,000,00,2,4,15,B01
201700053320,1,33,000,00,2,8,17,A01
201700053321,2,31,000,00,2,1,17,Z01
201700053321,2,37,001,00,1,5,01,A01
201700053322,1,01,000,00,2,3,01,B01
201700053322,1,07,000,00,2,2,17,A01
201700053323,2,32,000,00,0,1,01,A01
201700053324,2,07,000,00,2,2,15,A01
201700053324,2,32,000,00,2,1,01,B01
201700053325,2,07,000,00,2,3,10,A01
201700053325,2,32,000,00,2,0,17,B01
201700053326,2,07,000,00,1,2,07,A01
201700053327,2,07,000,00,1,2,01,A01
201700053328,2,33,000,00,1,0,01,A01
201700053329,1,07,000,00,,0,01,A01
201700053330,2,07,000,00,2,0,13,A01
201700053330,2,32,000,00,2,2,17,B01
201700053331,2,07,000,00,1,3,13,A01
201700053332,1,31,000,00,0,0,01,A01