Num_Acc,senc,catv,occutc,obs,obsm,choc,manv,num_veh
201700055222,2,34,000,00,2,7,17,B01
201700055222,2,07,000,00,2,3,15,A01
201700055223,2,30,000,00,1,0,01,Z01
201700055224,1,07,000,00,2,2,10,A01
201700055224,2,31,000,00,2,3,01,B01
201700055225,1,33,000,12,0,1,14,A01
201700055226,2,02,000,00,2,0,01,A01
201700055226,1,07,000,00,2,7,15,B01
201700055227,2,02,000,14,2,3,02,A01
201700055227,2,07,000,00,2,5,23,B01
201700055228,1,01,000,00,2,2,17,B01
201700055228,1,07,000,00,2,8,13,A01
201700055229,2,07,000,08,2,3,01,A01
201700055229,2,07,000,00,2,1,01,B01
201700055230,1,07,000,00,2,5,02,B01
201700055230,1,32,000,00,2,1,02,A01
201700055231,1,34,000,00,0,8,01,A01
201700055232,1,10,000,00,2,2,15,A01
201700055232,2,30,000,00,2,1,01,B01
201700055233,2,07,000,00,1,3,01,A01
201700055234,1,07,000,00,2,6,10,A01
201700055234,1,02,000,00,2,0,01,B01
201700055235,2,30,000,00,2,7,01,B01
201700055235,2,07,000,00,2,7,09,A01
201700055236,1,07,000,00,2,6,23,C01
201700055236,1,30,000,00,2,9,03,A01
201700055236,2,07,000,00,2,5,23,B01
201700055237,1,07,000,00,1,2,01,A01
201700055238,2,07,000,00,1,3,01,A01
201700055239,2,07,000,00,2,3,22,A01
201700055239,2,01,000,00,2,1,01,B01
201700055240,2,32,000,00,0,8,21,A01
201700055241,2,01,000,00,1,3,01,A01
201700055242,1,31,000,00,2,7,01,B01
201700055242,2,37,000,00,2,3,15,A01
201700055243,2,10,000,00,2,0,01,A01
201700055243,1,32,000,00,2,8,01,B01
201700055244,2,07,000,00,1,2,01,A01
201700055245,2,30,000,00,2,5,15,B01
201700055245,2,07,000,00,2,2,23,A01
201700055246,0,32,000,00,1,1,01,A01
201700055247,1,07,000,00,2,4,01,C01
201700055247,1,07,000,00,2,1,01,A01
201700055247,1,07,000,00,2,1,01,B01
201700055248,1,33,000,00,2,8,17,B01
201700055248,1,32,000,00,2,8,15,A01
201700055249,0,07,000,14,2,3,01,B01
201700055249,2,02,000,00,2,1,01,A01
201700055250,2,07,000,00,2,3,22,A01
201700055250,2,37,000,00,2,5,01,B01
201700055251,2,30,000,00,0,0,01,A01
201700055252,1,02,000,00,2,1,15,B01
201700055252,1,07,000,00,2,2,05,A01
201700055253,1,02,000,00,0,7,01,A01
201700055254,1,07,000,00,2,4,23,B01
201700055254,2,34,000,00,2,1,02,A01
201700055255,2,32,000,00,2,1,01,A01
201700055255,2,07,000,00,2,8,10,B01
201700055256,2,07,000,00,2,2,15,A01
201700055256,1,31,000,00,2,1,07,B01
201700055257,2,10,000,00,2,1,02,A01
201700055257,2,07,000,00,2,4,02,B01
201700055258,1,07,000,12,0,2,14,A01
201700055259,1,02,000,00,2,2,02,A01
201700055259,1,10,000,00,0,4,23,B01
201700055260,1,07,000,00,2,1,02,A01
201700055260,1,33,000,00,2,4,23,B01
201700055261,2,07,000,00,2,1,01,A01
201700055261,2,07,000,00,2,4,01,B01
201700055262,1,30,000,00,2,2,17,B01
201700055262,1,07,000,00,2,6,13,A01
201700055263,2,01,000,00,1,1,07,A01
201700055264,1,32,000,00,2,6,01,A01
201700055265,2,33,000,00,2,8,18,A01
201700055265,2,15,000,00,2,0,16,B01
201700055266,0,07,000,00,0,4,04,Z01
201700055267,1,33,000,00,2,1,01,B01
201700055267,1,07,000,00,2,3,15,A01
201700055268,1,07,000,00,2,5,14,Z01
201700055268,1,31,000,00,2,1,01,A01
201700055269,1,07,000,00,2,1,01,A01
201700055269,0,33,000,00,2,8,01,B01
201700055270,2,07,000,00,1,3,01,Z01
201700055271,2,34,000,00,2,1,01,A01
201700055271,2,30,000,00,2,1,10,Z01
201700055272,1,31,000,00,2,0,23,B01
201700055272,1,07,000,00,2,1,16,A01
201700055273,1,07,000,00,2,1,17,Z01
201700055273,2,07,000,00,2,6,15,A01
201700055274,2,07,000,00,2,7,01,B01
201700055274,2,07,000,00,2,1,01,A01
201700055275,1,01,000,00,1,1,01,A01
201700055276,1,01,000,00,2,8,01,A01
201700055276,0,07,000,00,2,1,09,B01
201700055277,0,30,000,00,1,0,01,Z01
201700055278,2,07,000,00,2,3,09,A01
201700055278,2,33,000,00,2,2,01,B01
201700055279,1,30,000,00,1,2,17,A01
201700055280,0,02,000,00,2,1,01,A01
201700055280,0,01,000,00,2,4,19,B01
201700055281,1,34,000,00,2,1,17,A01
201700055281,1,30,000,00,2,6,15,B01
201700055282,2,10,000,00,2,0,15,Z01
201700055282,1,07,000,00,2,5,01,A01
201700055283,2,07,000,00,2,3,01,B01
201700055283,2,01,000,00,2,2,19,A01
201700055284,2,07,000,00,2,3,01,B01
201700055284,2,07,000,00,2,2,09,A01
201700055285,1,32,000,00,2,1,01,A01
201700055285,2,07,000,00,2,2,15,B01
201700055286,1,07,000,00,2,2,15,A01
201700055286,2,33,000,00,2,8,01,B01
201700055287,2,07,000,07,0,3,15,A01
201700055288,2,33,000,00,2,1,01,B01
201700055288,1,07,000,00,2,2,15,A01
201700055289,1,07,000,01,2,6,01,A01
201700055289,1,07,000,00,2,1,01,B01
201700055290,1,32,000,00,2,7,17,A01
201700055290,1,07,000,00,2,8,15,B01
201700055291,0,07,000,14,0,1,15,A01
201700055292,1,07,000,00,1,2,07,A01
201700055293,1,01,000,00,2,4,01,A01
201700055293,1,02,000,00,2,1,01,Z01
201700055294,0,30,000,00,1,0,01,Z01
201700055295,1,07,000,01,2,1,01,A01
201700055295,1,32,000,00,2,4,23,B01
201700055296,2,07,000,01,2,6,24,B01
201700055296,2,07,000,01,2,2,01,A01
201700055297,1,02,000,00,1,1,01,A01
201700055298,1,10,000,00,2,2,01,A01
201700055298,1,34,000,00,2,8,16,B01
201700055299,2,07,000,00,2,3,22,A01
201700055299,2,01,000,00,2,1,01,B01
201700055300,1,07,000,00,2,8,15,B01
201700055300,1,33,000,00,2,2,17,A01
201700055301,1,01,000,00,2,8,15,A01
201700055301,1,07,000,00,2,0,15,Z01
201700055302,1,07,000,00,1,3,15,A01
201700055303,1,31,000,00,2,8,01,B01
201700055303,2,10,000,00,2,1,15,A01
201700055304,2,10,000,00,2,1,02,A01
201700055304,2,07,000,00,2,4,23,C01
201700055304,2,07,000,00,2,1,23,B01
201700055305,1,30,000,00,2,6,18,A01
201700055305,1,07,000,00,2,2,16,Z01
201700055306,2,33,000,00,2,8,01,B01
201700055306,1,07,000,00,2,3,15,A01
201700055307,1,07,000,00,1,3,01,A01
201700055308,1,02,000,00,0,8,01,A01
201700055309,1,30,000,01,2,2,18,A01
201700055309,1,10,000,00,2,3,22,B01
201700055309,1,07,000,00,2,2,23,C01
201700055310,2,07,000,00,2,1,01,B01
201700055310,1,07,000,00,2,5,15,A01
201700055311,1,07,000,00,2,0,14,Z01
201700055311,1,01,000,00,2,7,01,A01
201700055312,0,40,000,00,2,3,01,B01
201700055312,0,38,000,00,2,2,16,A01
201700055313,2,34,000,00,2,5,01,B01
201700055313,2,07,000,00,2,6,13,A01
201700055314,2,14,000,00,2,7,01,A01
201700055314,2,01,000,00,2,8,01,B01
201700055315,1,30,000,00,2,1,01,A01
201700055315,1,07,000,00,2,5,01,B01
201700055316,1,07,000,00,2,7,01,B01
201700055316,1,32,000,00,2,8,16,A01
201700055317,1,07,000,00,2,3,15,A01
201700055317,2,33,000,00,2,8,01,B01
201700055318,1,10,000,11,0,3,13,A01
201700055319,2,07,000,00,1,2,15,A01
201700055320,2,02,000,00,2,2,01,B01
201700055320,2,07,000,00,2,1,09,A01
201700055321,2,01,000,00,1,1,01,A01
201700055322,2,37,000,00,2,0,21,A01
201700055323,2,07,000,00,1,2,01,A01
201700055324,1,02,000,00,2,1,01,B01
201700055324,2,07,000,00,2,0,15,A01
201700055325,1,07,000,00,1,4,04,A01
201700055326,2,01,000,00,2,1,01,B01
201700055326,2,07,000,00,2,3,01,A01
201700055327,1,07,000,00,2,4,23,C01
201700055327,2,07,000,00,2,1,01,A01
201700055327,1,07,000,00,2,4,23,B01
201700055328,1,01,000,00,2,8,13,B01
201700055328,1,02,000,00,2,7,01,A01
201700055329,1,10,000,00,2,2,16,B01
201700055329,1,33,000,08,2,1,18,A01
201700055330,2,31,000,00,0,0,01,A01
201700055331,2,07,000,00,1,3,01,A01
201700055332,2,07,000,00,1,3,01,Z01
201700055333,2,07,000,00,2,4,23,B01
201700055333,1,30,000,00,2,1,17,A01
201700055334,1,07,000,00,2,1,15,A01
201700055334,2,07,000,00,2,3,01,B01
201700055335,1,07,000,00,2,1,01,B01
201700055335,1,07,000,00,2,2,01,A01
201700055336,1,30,000,00,2,7,17,B01
201700055336,1,07,000,00,2,8,15,A01
201700055337,1,07,000,00,1,2,01,A01
201700055338,1,33,000,00,2,2,17,B01
201700055338,1,10,000,00,2,6,15,A01
201700055339,2,32,000,00,2,7,01,A01
201700055339,2,32,000,00,2,1,01,Z01
201700055340,1,33,000,00,2,2,01,A01
201700055340,2,07,000,00,2,2,10,B01
201700055341,1,07,000,00,2,2,09,A01
201700055341,1,33,000,00,2,1,01,B01
201700055342,2,34,000,00,2,3,07,A01
201700055342,1,07,000,00,2,2,15,B01
201700055343,1,10,000,00,2,3,15,A01
201700055343,1,32,000,00,2,1,17,B01
201700055344,2,30,000,00,0,0,01,A01
201700055345,1,32,000,00,1,1,01,A01
201700055346,2,02,000,00,2,1,01,B01
201700055346,1,07,000,00,2,2,15,A01
201700055347,1,30,000,14,0,1,01,A01
201700055348,2,07,000,00,1,1,16,A01
201700055349,2,07,000,00,2,0,14,Z01
201700055349,1,31,000,00,2,0,01,A01
201700055350,2,32,000,00,2,7,21,A01
201700055350,2,13,000,00,2,5,10,B01
201700055351,2,07,000,00,1,3,01,A01
201700055352,2,10,000,00,2,3,22,A01
201700055352,2,30,000,00,2,1,01,B01
201700055353,1,07,000,11,0,1,01,A01
201700055354,2,02,000,00,1,1,01,A01
201700055355,2,33,000,00,2,0,01,B01
201700055355,1,07,000,00,2,0,15,A01
201700055356,1,07,000,00,2,0,15,Z01
201700055356,2,31,000,00,2,3,01,A01
201700055357,1,07,000,00,1,0,23,A01
201700055358,2,34,000,00,2,2,01,A01
201700055358,2,07,000,00,2,5,23,B01
201700055359,2,07,000,00,2,1,01,B01
201700055359,2,33,000,00,2,7,01,A01
201700055360,2,07,000,00,2,1,01,A01
201700055360,2,07,000,00,2,4,01,B01
201700055361,2,30,000,00,2,1,01,B01
201700055361,1,07,000,00,2,5,15,A01
201700055362,1,07,000,14,1,3,01,A01
201700055363,0,07,000,00,2,1,01,B01
201700055363,0,07,000,00,2,1,05,A01
201700055364,2,07,000,00,2,1,16,A01
201700055364,1,07,000,00,2,3,07,B01
201700055365,2,07,000,00,2,1,01,A01
201700055365,1,07,000,00,2,7,15,B01
201700055366,1,07,000,00,1,8,15,A01
201700055367,1,07,000,00,2,1,02,A01
201700055367,1,07,000,00,2,4,23,B01
201700055368,2,02,000,00,2,1,01,B01
201700055368,1,07,000,00,2,2,15,A01
201700055369,2,33,000,00,2,8,23,B01
201700055369,2,07,000,00,2,8,01,A01
201700055370,2,07,000,01,0,2,14,A01
201700055371,0,07,000,00,2,8,15,A01
201700055371,0,31,000,00,2,0,01,B01
201700055372,1,07,000,00,2,2,16,A01
201700055372,1,30,000,00,2,8,18,B01
201700055373,0,01,000,00,1,1,01,Z01
201700055374,1,33,000,00,2,4,23,B01
201700055374,1,07,000,00,2,1,02,A01
201700055375,1,07,000,00,1,1,01,A01
201700055376,1,30,000,00,1,1,01,A01
201700055377,1,32,000,00,0,0,10,A01
201700055378,2,07,000,00,2,4,11,A01
201700055378,2,07,000,00,2,1,01,B01
201700055379,2,10,000,00,1,4,04,A01
201700055380,1,32,000,00,0,0,01,A01
201700055381,1,31,000,00,2,4,01,B01
201700055381,1,07,000,00,2,1,01,A01
201700055382,2,10,000,00,2,1,15,A01
201700055382,2,07,000,00,2,8,01,B01
201700055383,1,07,000,00,2,1,02,A01
201700055383,1,07,000,00,2,4,02,B01
201700055384,1,34,000,00,0,0,17,A01
201700055385,1,07,000,00,2,2,16,A01
201700055385,1,33,000,00,2,3,01,B01
201700055386,1,07,000,00,1,2,01,A01
201700055387,1,31,000,00,1,1,01,A01
201700055388,1,07,000,00,2,6,15,A01
201700055388,1,31,000,00,2,1,02,B01
201700055389,1,07,000,00,2,2,16,B01
201700055389,2,01,000,00,2,1,05,A01
201700055390,1,07,000,00,2,0,12,A01
201700055390,1,02,000,00,2,3,01,B01
201700055391,1,07,000,07,0,1,13,A01
201700055392,1,07,000,00,2,3,15,B01
201700055392,1,30,000,00,2,1,17,A01
201700055393,1,07,000,00,2,3,15,A01
201700055393,2,30,000,00,2,1,01,B01
201700055394,2,07,000,00,2,1,01,A01
201700055394,1,07,000,00,2,0,01,B01
201700055395,2,07,000,00,2,4,23,B01
201700055395,2,07,000,00,1,1,02,A01
201700055396,2,02,000,00,2,1,17,A01
201700055396,1,10,000,00,2,3,01,B01
201700055397,2,07,000,01,1,2,15,A01
201700055398,1,30,000,00,1,1,01,A01
201700055399,1,07,000,00,2,0,15,A01
201700055399,2,01,000,00,2,1,01,B01
201700055400,2,33,000,00,1,1,01,A01
201700055401,1,33,000,00,2,2,01,A01
201700055401,1,07,000,00,2,3,16,Z01
201700055402,1,07,000,00,2,7,01,A01
201700055402,1,32,000,01,2,0,01,B01
201700055403,1,10,000,00,2,0,16,Z01
201700055403,1,01,000,00,2,7,01,A01
201700055404,1,07,000,00,1,2,15,A01
201700055405,2,07,000,00,2,4,02,Z01
201700055405,2,07,000,00,2,4,02,A01
201700055406,1,31,000,00,2,1,17,B01
201700055406,1,07,000,00,2,3,10,A01
201700055407,1,02,000,00,1,8,01,A01
201700055408,2,07,000,07,0,3,15,A01
201700055409,0,07,000,00,2,7,12,A01
201700055409,0,33,000,00,2,8,03,B01
201700055410,2,10,000,04,0,1,16,A01
201700055411,1,33,000,00,2,1,01,B01
201700055411,1,07,000,00,2,3,15,A01
201700055412,1,07,000,00,2,2,02,A01
201700055412,1,33,000,00,2,6,15,B01
201700055413,2,32,000,00,2,2,01,B01
201700055413,1,01,000,00,2,0,15,A01
201700055414,1,07,000,00,2,3,15,A01
201700055414,1,31,000,00,2,7,17,B01
201700055415,2,07,000,00,1,2,16,A01
201700055416,1,32,000,00,2,2,17,A01
201700055416,1,07,000,00,2,8,13,B01
201700055417,0,07,000,00,2,5,01,B01
201700055417,0,07,000,00,2,3,07,C01
201700055417,1,07,000,00,2,3,01,A01
201700055418,1,07,000,00,2,2,16,A01
201700055418,1,07,000,08,2,3,07,B01
201700055419,2,10,000,00,1,1,01,A01
201700055420,0,01,000,00,1,0,01,Z01
201700055421,0,37,000,00,1,2,07,A01
201700055422,2,07,000,00,2,2,01,B01
201700055422,2,07,000,00,2,6,01,C01
201700055422,2,02,000,00,2,6,03,A01
201700055423,1,07,000,00,2,2,01,A01
201700055423,1,01,000,00,2,6,01,B01
201700055424,2,33,000,00,1,2,01,A01
201700055425,0,33,000,00,2,8,01,A01
201700055425,0,07,000,00,2,1,15,Z01
201700055426,2,07,000,00,1,2,15,A01
201700055427,0,01,000,00,2,1,01,B01
201700055427,0,07,000,00,2,0,22,A01
201700055428,1,07,000,14,2,2,02,A01
201700055428,1,07,000,00,2,4,23,B01
201700055429,2,07,000,00,2,0,22,A01
201700055429,2,01,000,00,2,0,01,B01
201700055430,1,02,000,00,1,8,16,A01
201700055431,1,30,000,00,2,2,02,A01
201700055431,1,07,000,00,2,6,02,B01
201700055432,1,07,000,00,2,1,15,A01
201700055432,2,07,000,00,2,8,01,B01
201700055433,2,07,000,00,1,1,01,A01
201700055434,1,07,000,00,1,1,01,A01
201700055435,1,01,000,00,2,7,01,B01
201700055435,1,07,000,00,2,3,01,A01
201700055436,2,07,000,00,1,2,16,A01
201700055437,1,10,000,00,2,0,16,A01
201700055437,2,01,000,00,2,0,01,B01
201700055438,1,07,000,00,2,8,15,A01
201700055438,1,30,000,00,2,7,01,B01
201700055439,0,33,000,00,2,1,01,A01
201700055439,0,33,000,00,2,8,01,B01
201700055440,1,30,000,00,2,0,16,B01
201700055440,1,07,000,00,2,0,01,A01
201700055441,2,31,000,00,2,1,02,A01
201700055441,2,10,000,00,2,4,23,B01
201700055442,1,32,000,14,0,0,13,A01
201700055443,2,07,000,00,1,3,01,A01
201700055444,0,02,000,00,2,1,02,A01
201700055444,1,07,000,00,2,4,02,B01
201700055445,1,07,000,00,1,0,01,A01
201700055446,1,07,000,00,2,0,10,A01
201700055446,2,33,000,00,2,1,01,B01
201700055447,0,10,000,00,2,5,04,A01
201700055447,0,31,000,00,2,1,01,B01
201700055448,2,07,000,00,2,3,01,B01
201700055448,1,07,000,00,2,2,15,A01
201700055449,1,32,000,00,2,1,17,A01
201700055449,1,10,000,00,2,8,15,B01
201700055450,1,07,000,00,2,1,01,A01
201700055450,1,07,000,00,2,9,01,B01
201700055450,1,07,000,00,2,4,01,C01
201700055451,1,07,000,00,1,3,15,A01
201700055452,1,07,000,00,2,2,16,A01
201700055452,1,37,000,00,2,3,07,B01
201700055453,2,07,000,00,2,3,23,A01
201700055453,2,07,000,00,2,0,01,B01
201700055454,2,07,000,00,2,2,01,A01
201700055454,2,07,000,00,2,4,23,B01
201700055455,1,10,000,00,1,0,01,A01
201700055456,2,07,000,00,2,3,15,A01
201700055456,1,02,000,00,2,6,01,B01
201700055457,2,07,000,00,2,3,15,A01
201700055457,2,30,000,00,2,2,01,B01
201700055458,1,07,000,00,2,2,16,B01
201700055458,1,34,000,00,2,6,18,A01
201700055459,1,07,000,00,2,6,15,B01
201700055459,1,01,000,00,2,1,15,A01
201700055460,1,02,000,00,0,3,01,A01
201700055461,0,07,000,00,2,4,02,B01
201700055461,0,10,000,00,2,1,02,A01
201700055462,0,07,000,00,1,1,01,A01
201700055463,1,10,000,01,2,2,13,A01
201700055463,2,07,000,00,2,4,24,B01
201700055464,2,32,000,00,2,3,01,C01
201700055464,1,07,000,00,2,9,23,B01
201700055464,2,07,000,00,2,1,02,A01
201700055465,1,34,000,00,1,1,01,A01
201700055466,2,07,000,00,1,1,01,A01
201700055467,2,07,000,00,2,2,15,A01
201700055467,1,07,000,00,2,3,01,B01
201700055468,1,07,000,00,2,1,01,A01
201700055468,2,30,000,00,2,5,01,B01
201700055469,0,07,000,00,2,1,01,A01
201700055469,0,07,000,00,2,0,01,B01
201700055470,1,07,000,00,2,3,15,A01
201700055470,2,01,000,00,2,8,01,B01
201700055471,0,30,000,00,0,0,05,A01
201700055472,0,32,000,00,1,0,18,A01
201700055473,2,07,000,00,2,3,02,C01
201700055473,1,07,000,00,2,1,02,B01
201700055473,1,01,000,00,2,4,23,A01
201700055474,0,32,000,00,1,8,01,A01
201700055475,0,07,000,00,1,1,01,A01
201700055476,1,07,000,00,1,7,07,A01
201700055477,2,32,000,00,1,0,05,Z01
201700055478,0,07,000,00,2,1,02,A01
201700055478,0,07,000,00,2,4,23,C01
201700055478,0,07,000,00,2,4,23,B01
201700055479,1,30,000,00,2,0,01,Z01
201700055479,1,32,000,00,2,3,01,A01
201700055480,1,07,000,00,2,5,17,A01
201700055480,1,01,000,00,2,3,01,B01
201700055481,2,33,000,00,2,7,17,A01
201700055481,2,07,000,00,2,8,15,B01
201700055482,2,07,000,00,2,6,01,B01
201700055482,2,07,000,15,2,1,11,A01
201700055483,1,01,000,00,2,0,01,B01
201700055483,1,10,000,00,2,2,16,A01
201700055484,0,07,000,00,2,4,09,B01
201700055484,0,07,000,00,2,2,01,A01
201700055485,2,07,000,00,2,7,01,B01
201700055485,2,07,000,00,2,1,13,A01
201700055485,0,07,000,00,2,0,01,D01
201700055485,2,07,000,00,2,9,01,C01
201700055486,2,07,000,00,2,8,09,A01
201700055486,1,01,000,00,2,0,01,B01
201700055487,1,07,000,00,2,1,15,A01
201700055487,2,33,000,00,2,8,01,B01
201700055488,1,30,000,00,2,3,02,B01
201700055488,1,02,000,00,2,1,02,A01
201700055489,1,30,000,00,1,1,01,A01
201700055490,2,33,000,00,1,0,01,A01
201700055491,2,10,000,00,1,5,01,A01
201700055492,1,02,000,00,2,2,17,A01
201700055492,1,07,000,00,2,3,15,B01
201700055493,2,07,000,00,1,1,01,A01
201700055494,1,07,000,00,2,1,01,A01
201700055494,1,07,000,00,2,4,23,D01
201700055494,1,07,000,00,2,4,23,B01
201700055494,1,07,000,00,2,4,23,C01
201700055495,1,07,000,00,1,1,01,A01
201700055496,1,07,000,00,2,8,15,A01
201700055496,1,32,000,00,2,7,17,B01
201700055497,0,07,000,00,2,2,14,A01
201700055497,0,30,000,00,2,8,01,B01
201700055498,1,10,000,00,2,3,16,A01
201700055498,2,33,000,00,2,8,23,B01
201700055499,2,07,000,00,1,1,01,A01
201700055500,1,07,000,00,1,1,01,A01
201700055501,1,33,000,00,2,1,01,A01
201700055501,1,07,000,00,2,2,15,B01
201700055502,1,07,000,00,2,0,15,B01
201700055502,1,02,000,00,2,0,17,A01
201700055503,1,34,000,00,2,1,17,B01
201700055503,1,07,000,00,2,3,10,A01
201700055504,2,07,000,00,2,3,09,A01
201700055504,0,32,000,00,2,1,01,B01
201700055505,2,30,000,00,2,3,01,B01
201700055505,1,30,000,00,2,2,15,A01
201700055506,0,07,000,00,2,3,15,A01
201700055506,0,33,000,00,2,2,17,B01
201700055507,0,07,000,00,2,3,10,A01
201700055507,0,01,000,00,2,1,01,B01
201700055508,1,33,000,00,1,1,01,A01
201700055509,2,07,000,00,2,1,01,A01
201700055509,2,07,000,00,2,4,01,C01
201700055509,2,10,000,00,2,4,23,D01
201700055509,2,07,000,00,2,4,01,B01
201700055510,1,33,000,00,2,5,23,B01
201700055510,1,34,000,00,2,3,01,A01
201700055511,1,07,000,00,1,1,07,A01
201700055512,0,10,000,00,1,1,15,A01
201700055513,1,07,000,00,1,3,01,A01
201700055514,1,33,000,00,2,2,17,B01
201700055514,1,07,000,00,2,3,10,A01
201700055515,2,31,000,00,2,5,02,A01
201700055515,0,07,000,00,2,3,02,Z01
201700055516,2,07,000,00,2,1,05,A01
201700055516,1,01,000,00,2,1,01,B01
201700055517,1,01,000,00,1,8,01,A01
201700055518,1,07,000,04,0,1,01,A01
201700055519,1,30,000,00,,3,01,A01
201700055520,0,07,000,00,2,6,11,A01
201700055520,0,33,000,04,2,2,01,B01
201700055521,1,33,000,00,2,3,03,A01
201700055521,1,07,000,00,2,7,01,B01
201700055522,1,07,000,00,2,0,02,Z01
201700055522,1,07,000,00,2,6,23,A01
201700055523,1,07,000,01,0,7,14,A01
201700055524,1,33,000,00,2,1,01,B01
201700055524,1,07,000,00,2,2,16,A01
201700055525,0,01,000,00,2,8,01,A01
201700055525,0,14,000,00,2,2,16,B01
201700055526,0,10,000,00,2,3,02,A01
201700055526,2,31,000,00,2,6,02,B01
201700055527,2,07,000,00,2,5,22,A01
201700055527,2,33,000,00,2,3,18,B01
201700055528,1,10,000,00,2,3,15,A01
201700055528,2,30,000,00,2,3,01,B01
201700055529,1,07,000,04,0,1,13,A01
201700055530,1,07,000,00,2,1,02,A01
201700055530,1,07,000,00,2,6,23,B01
201700055531,2,33,000,00,2,1,15,B01
201700055531,1,10,000,00,2,3,18,A01
201700055532,1,37,000,00,1,2,07,A01
201700055533,1,07,000,00,2,3,15,A01
201700055533,1,02,000,00,2,1,17,B01
201700055534,2,33,000,00,2,8,01,A01
201700055534,2,33,000,00,2,7,01,B01
201700055535,2,30,000,00,2,2,01,A01
201700055535,1,10,000,00,2,3,01,B01
201700055536,2,02,000,01,0,2,14,A01
201700055537,2,10,000,00,1,2,15,A01
201700055538,0,15,000,00,2,0,16,Z01
201700055538,2,10,000,00,2,2,23,A01
201700055539,1,02,000,12,0,0,13,A01
201700055540,1,02,000,11,0,1,01,A01
201700055541,2,07,000,00,2,3,15,A01
201700055541,1,34,000,00,2,1,01,B01
201700055542,1,32,000,00,1,1,01,A01
201700055543,0,07,000,08,0,1,21,A01
201700055544,2,30,000,00,1,1,01,A01
201700055545,1,07,000,07,0,9,14,A01
201700055546,2,07,000,00,2,6,13,A01
201700055546,1,32,000,00,2,2,01,B01
201700055547,2,07,000,00,2,1,02,A01
201700055547,2,07,000,00,2,4,02,D01
201700055547,2,07,000,00,2,4,02,C01
201700055547,2,07,000,00,2,4,02,B01
201700055548,2,33,000,00,0,3,21,A01
201700055549,2,07,000,00,1,1,01,A01
201700055550,2,07,000,00,2,0,17,A01
201700055550,2,01,000,00,2,0,13,B01
201700055551,2,07,000,07,0,3,13,A01
201700055552,1,01,000,00,1,1,01,A01
201700055553,1,07,000,00,2,5,15,A01
201700055553,2,33,000,00,2,2,01,B01
201700055554,2,32,000,00,1,8,17,A01
201700055555,2,31,000,00,2,2,01,B01
201700055555,2,07,000,00,2,3,09,A01
201700055556,1,31,000,14,0,1,13,A01
201700055557,2,33,000,00,2,8,01,B01
201700055557,2,10,000,00,2,2,01,A01
201700055558,1,33,000,00,2,2,03,A01
201700055558,1,10,000,00,2,6,11,Z01
201700055559,2,07,000,00,2,5,15,A01
201700055559,1,33,000,00,2,1,01,B01
201700055560,1,07,000,00,2,3,15,B01
201700055560,1,02,000,00,2,1,15,A01
201700055560,1,07,000,00,2,1,15,D01
201700055560,1,07,000,00,2,1,01,C01
201700055561,1,40,000,00,2,8,01,B01
201700055561,2,10,000,00,2,3,13,A01
201700055562,2,07,000,00,2,8,22,A01
201700055562,2,33,000,01,2,1,01,B01
201700055563,1,07,000,00,1,3,01,A01
201700055564,2,32,000,00,2,3,01,B01
201700055564,2,07,000,00,2,2,09,A01
201700055565,2,01,000,01,2,1,07,B01
201700055565,0,10,000,01,2,3,22,A01
201700055565,2,07,000,00,2,7,23,C01
201700055566,0,07,000,00,1,2,16,A01
201700055567,1,02,000,00,0,0,01,A01
201700055568,2,10,000,00,2,0,15,A01
201700055568,1,32,000,00,2,7,01,B01
201700055569,0,10,000,00,1,0,16,A01
201700055570,1,33,000,00,1,1,01,A01
201700055571,2,07,000,00,2,0,13,A01
201700055571,1,01,000,00,2,1,01,B01
201700055572,2,30,000,00,2,3,11,A01
201700055572,2,10,000,00,2,5,17,B01
201700055573,0,07,000,00,2,4,02,B01
201700055573,0,07,000,00,2,1,02,A01
201700055574,1,07,000,00,2,6,22,A01
201700055574,1,02,000,00,2,1,17,B01
201700055575,0,02,000,00,0,0,01,A01
201700055576,1,10,000,00,1,0,01,A01
201700055577,1,33,000,00,2,8,07,B01
201700055577,1,07,000,00,2,2,16,A01
201700055578,1,02,000,15,0,1,21,A01
201700055579,1,32,000,00,9,7,01,A01
201700055580,1,07,000,00,2,0,15,B01
201700055580,2,34,000,00,2,1,17,A01
201700055581,2,30,000,00,2,7,17,A01
201700055581,2,07,000,00,2,3,15,B01
201700055582,2,32,000,00,2,0,01,B01
201700055582,1,01,000,00,2,0,05,A01
201700055583,2,07,000,00,0,3,21,A01
201700055584,1,37,000,00,1,2,07,A01
201700055585,1,10,000,00,2,4,15,B01
201700055585,1,31,000,00,2,1,02,A01
201700055586,1,07,000,00,2,6,15,A01
201700055586,1,37,000,00,2,2,01,B01
201700055587,0,07,000,00,2,2,01,Z01
201700055587,2,01,000,00,2,3,19,A01
201700055588,2,10,000,01,0,2,14,A01
201700055589,0,07,000,00,2,0,15,B01
201700055589,0,33,000,12,2,0,17,A01
201700055590,2,10,000,00,1,1,01,A01
201700055591,1,07,000,00,2,0,18,Z01
201700055591,0,34,000,00,2,0,01,A01
201700055592,2,32,000,00,0,0,01,A01
201700055593,1,02,000,00,2,1,18,A01
201700055593,2,07,000,00,2,5,15,B01
201700055594,1,07,000,00,2,3,10,A01
201700055594,1,33,000,00,2,5,02,B01