Num_Acc,senc,catv,occutc,obs,obsm,choc,manv,num_veh
201700057499,1,02,000,09,0,2,14,A01
201700057500,2,07,000,00,1,8,01,A01
201700057501,1,07,000,00,2,2,01,A01
201700057501,1,07,000,00,2,8,01,B01
201700057502,1,07,000,00,2,3,15,A01
201700057502,1,33,000,00,2,1,17,B01
201700057503,1,07,000,00,2,0,09,A01
201700057503,1,33,000,00,2,0,01,B01
201700057504,1,07,000,00,2,8,15,A01
201700057504,1,30,000,00,2,7,17,B01
201700057505,0,07,000,00,2,1,02,A01
201700057505,0,07,000,00,2,4,23,B01
201700057506,1,30,000,00,2,4,02,A01
201700057506,1,07,000,12,2,1,02,Z01
201700057507,1,10,000,00,2,1,17,A01
201700057507,2,02,000,00,2,1,01,B01
201700057508,1,07,000,00,2,1,02,A01
201700057508,1,07,000,00,2,4,02,B01
201700057509,2,07,000,00,2,3,01,B01
201700057509,1,07,000,00,2,0,15,A01
201700057510,2,07,000,00,2,3,02,A01
201700057510,1,30,000,00,2,1,02,B01
201700057511,1,32,000,00,2,4,23,B01
201700057511,1,07,000,00,2,0,02,A01
201700057512,1,10,000,00,2,3,15,A01
201700057512,1,02,000,00,2,2,17,B01
201700057513,1,07,000,15,2,2,01,A01
201700057513,2,07,000,00,2,1,16,B01
201700057514,0,07,000,01,0,1,14,A01
201700057515,2,01,000,00,1,1,01,A01
201700057516,1,33,000,00,1,2,01,A01
201700057517,2,01,000,00,2,8,18,B01
201700057517,1,33,000,00,2,2,15,A01
201700057518,1,34,000,00,2,1,01,A01
201700057518,2,07,000,00,2,0,15,B01
201700057519,1,07,000,00,1,5,04,A01
201700057520,2,07,000,00,2,8,01,B01
201700057520,1,30,000,00,2,8,17,A01
201700057521,1,07,000,00,1,4,04,A01
201700057522,2,07,000,00,2,8,15,B01
201700057522,2,30,000,00,2,1,17,A01
201700057523,1,07,000,00,1,1,01,A01
201700057524,1,33,000,00,2,7,17,A01
201700057524,1,30,000,00,2,8,01,B01
201700057525,2,02,000,00,2,1,01,B01
201700057525,1,07,000,00,2,8,15,A01
201700057526,1,30,000,00,2,5,15,A01
201700057526,2,30,000,00,2,1,01,B01
201700057527,1,34,000,00,2,2,01,B01
201700057527,2,07,000,00,2,5,15,A01
201700057528,0,32,000,00,0,0,01,A01
201700057529,1,07,000,00,1,3,01,A01
201700057530,2,07,000,00,2,5,23,B01
201700057530,2,34,000,00,2,1,01,A01
201700057531,1,07,000,00,2,8,09,A01
201700057531,1,01,000,00,2,1,01,B01
201700057532,1,02,000,00,2,3,14,A01
201700057532,1,07,000,00,2,5,23,B01
201700057533,0,07,000,00,2,0,23,B01
201700057533,0,07,000,00,2,6,01,A01
201700057534,2,30,000,00,2,1,17,A01
201700057534,1,07,000,00,2,1,01,B01
201700057534,2,07,000,00,2,6,01,C01
201700057535,2,30,000,00,2,7,17,A01
201700057535,2,10,000,00,2,8,15,B01
201700057536,1,07,000,00,1,1,01,A01
201700057537,1,07,000,00,1,7,01,A01
201700057538,2,33,000,00,2,7,01,A01
201700057538,2,01,000,00,2,4,15,B01
201700057539,2,07,000,00,1,4,04,Z01
201700057540,2,07,000,00,2,8,10,A01
201700057540,2,30,000,00,2,0,17,B01
201700057541,1,10,000,00,1,3,15,A01
201700057542,2,02,000,00,2,2,17,B01
201700057542,2,07,000,00,2,3,15,A01
201700057543,1,31,000,00,2,0,01,B01
201700057543,1,07,000,00,2,1,01,A01
201700057544,1,07,000,00,2,7,17,A01
201700057544,1,30,000,00,2,9,15,B01
201700057545,1,07,000,00,1,0,16,A01
201700057546,1,33,000,00,2,1,02,A01
201700057546,1,32,000,00,2,4,02,B01
201700057546,1,07,000,00,2,5,02,D01
201700057546,1,31,000,00,2,4,02,C01
201700057547,1,31,000,00,2,2,01,A01
201700057547,0,07,000,00,2,0,22,Z01
201700057548,1,07,000,00,2,2,15,A01
201700057548,2,31,000,00,2,1,17,B01
201700057549,1,30,000,00,2,8,15,A01
201700057549,1,33,000,00,2,8,01,B01
201700057550,1,33,000,00,2,4,02,B01
201700057550,1,07,000,00,2,1,02,A01
201700057551,1,07,000,00,0,0,01,Z01
201700057552,0,10,000,00,2,5,01,A01
201700057552,0,32,000,00,2,1,01,B01
201700057553,2,07,000,00,1,1,01,A01
201700057554,0,07,000,00,1,3,01,A01
201700057555,1,34,000,00,1,1,01,A01
201700057556,1,07,000,00,2,3,15,A01
201700057556,1,01,000,00,2,0,01,B01
201700057557,2,07,000,00,1,2,01,A01
201700057558,1,07,000,07,0,1,16,A01
201700057559,1,40,000,00,2,2,01,A01
201700057559,1,01,000,00,2,1,15,B01
201700057560,1,07,000,00,2,3,15,B01
201700057560,0,31,000,00,2,0,17,A01
201700057561,2,07,000,00,1,4,04,A01
201700057562,1,30,000,01,0,1,01,A01
201700057563,1,10,000,00,2,2,15,A01
201700057563,2,32,000,00,2,1,01,B01
201700057564,2,10,000,12,0,2,13,A01
201700057565,1,07,000,00,2,5,16,A01
201700057565,0,37,000,00,2,3,07,B01
201700057566,2,01,000,00,2,8,01,B01
201700057566,1,07,000,00,2,3,15,A01
201700057567,1,32,000,00,2,1,13,A01
201700057567,1,32,000,00,2,8,01,B01
201700057567,2,37,000,00,2,3,01,C01
201700057568,2,07,000,00,2,1,15,A01
201700057568,1,32,000,00,2,3,01,B01
201700057569,1,37,000,00,2,0,09,A01
201700057569,1,10,000,00,2,0,14,Z01
201700057570,1,07,000,00,1,5,01,A01
201700057571,1,07,000,00,1,1,01,A01
201700057572,1,07,000,00,2,4,00,B01
201700057572,1,02,000,00,2,4,02,A01
201700057573,1,01,000,00,1,1,01,A01
201700057574,2,01,000,00,2,1,01,B01
201700057574,1,07,000,00,2,6,16,A01
201700057575,2,30,000,00,2,8,03,B01
201700057575,2,07,000,00,2,7,14,A01
201700057576,1,07,000,00,2,7,15,A01
201700057576,2,31,000,00,2,1,01,B01
201700057577,1,31,000,00,1,1,18,A01
201700057578,1,34,000,00,2,1,17,A01
201700057578,2,07,000,00,2,3,01,B01
201700057579,1,02,000,00,2,0,15,A01
201700057579,1,31,000,00,2,0,01,B01
201700057580,1,30,000,08,0,1,01,A01
201700057581,2,07,000,00,1,4,04,Z01
201700057582,1,31,000,00,2,2,17,B01
201700057582,1,07,000,00,2,3,13,A01
201700057583,2,33,000,00,2,3,01,B01
201700057583,1,07,000,00,2,2,15,A01
201700057584,1,07,000,00,2,1,02,A01
201700057584,1,31,000,00,2,0,23,B01
201700057585,1,31,000,00,2,7,01,A01
201700057585,2,07,000,00,2,1,15,Z01
201700057586,1,07,000,00,1,1,01,A01
201700057587,2,02,000,00,0,8,01,A01
201700057588,2,07,000,00,2,3,13,A01
201700057588,1,32,000,00,2,1,01,B01
201700057589,1,33,000,00,2,1,01,B01
201700057589,1,07,000,00,2,2,01,A01
201700057590,2,07,000,00,2,1,01,A01
201700057590,2,07,000,00,2,0,01,Z01
201700057591,1,07,000,00,1,1,01,A01
201700057592,2,07,000,00,1,4,20,A01
201700057593,0,07,000,00,2,8,01,B01
201700057593,0,07,000,00,2,1,01,A01
201700057594,1,07,000,16,0,2,01,A01
201700057595,2,07,000,00,1,0,01,Z01
201700057596,2,33,000,00,2,0,17,B01
201700057596,2,07,000,00,2,0,13,A01
201700057597,2,07,000,00,1,5,01,A01
201700057598,1,07,000,00,1,1,01,A01
201700057599,1,34,000,00,1,1,03,A01
201700057600,1,02,000,08,0,1,13,A01
201700057601,1,07,000,00,1,1,15,A01
201700057602,2,01,000,00,1,1,01,A01
201700057603,2,07,000,00,2,4,23,B01
201700057603,2,10,000,00,2,1,01,A01
201700057603,2,07,000,00,2,4,23,C01
201700057603,2,07,000,00,2,4,23,D01
201700057604,1,01,000,01,1,1,01,A01
201700057605,1,01,000,00,2,9,03,B01
201700057605,2,07,000,00,2,3,23,A01
201700057605,1,07,000,00,2,0,13,Z01
201700057606,1,01,000,12,0,0,01,A01
201700057607,2,31,000,00,2,2,01,B01
201700057607,0,15,000,00,2,6,13,A01
201700057608,0,07,000,00,2,2,01,B01
201700057608,0,31,000,00,2,3,01,A01
201700057609,1,32,000,00,2,8,17,B01
201700057609,1,07,000,00,2,3,16,A01
201700057610,1,02,000,00,1,1,01,A01
201700057611,1,32,000,00,1,2,01,A01
201700057612,1,30,000,00,2,1,01,A01
201700057612,2,07,000,00,2,0,01,B01
201700057613,0,02,000,00,9,0,21,A01
201700057614,1,01,000,00,2,1,01,A01
201700057614,2,07,000,00,2,1,15,B01
201700057615,2,07,000,00,2,4,04,Z01
201700057615,2,07,000,00,2,3,23,A01
201700057616,1,32,000,00,2,6,17,A01
201700057616,1,03,000,00,2,3,10,B01
201700057617,1,07,000,00,1,2,01,A01
201700057618,2,32,000,00,2,7,17,A01
201700057618,2,07,000,00,2,3,15,B01
201700057619,2,34,000,01,2,1,17,A01
201700057619,2,07,000,00,2,8,10,B01
201700057620,2,10,000,00,1,3,15,A01
201700057621,1,07,000,09,2,3,01,A01
201700057621,1,07,000,00,2,2,09,B01
201700057622,2,33,000,00,1,1,01,A01
201700057623,0,07,000,00,1,7,01,A01
201700057624,0,30,000,00,2,3,18,A01
201700057624,0,07,000,00,2,2,16,B01
201700057625,2,32,000,00,2,1,01,B01
201700057625,2,07,000,00,2,2,10,A01
201700057626,1,30,000,00,2,6,17,A01
201700057626,1,07,000,00,2,0,15,B01
201700057627,1,07,000,00,2,3,10,A01
201700057627,1,34,000,00,2,2,17,B01
201700057628,1,07,000,00,2,2,09,A01
201700057628,1,33,000,00,2,6,01,B01
201700057629,2,32,000,00,1,8,01,A01
201700057630,2,07,000,01,2,1,16,B01
201700057630,1,07,000,01,2,7,01,A01
201700057631,1,07,000,00,2,0,15,Z01
201700057631,2,02,000,00,2,8,01,A01
201700057631,1,07,000,00,2,8,23,B01
201700057632,2,07,000,00,1,1,01,A01
201700057633,1,33,000,00,2,1,01,A01
201700057633,1,07,000,00,2,6,22,B01
201700057634,2,07,000,00,2,4,23,B01
201700057634,1,07,000,00,2,1,02,A01
201700057635,2,07,000,00,2,1,01,A01
201700057635,2,07,000,00,2,7,16,B01
201700057636,2,07,000,00,1,2,01,A01
201700057637,2,07,000,00,1,2,01,A01
201700057638,0,07,000,00,2,4,23,B01
201700057638,0,07,000,00,2,1,02,Z01
201700057638,0,07,000,00,2,4,23,A01
201700057639,1,07,000,00,2,1,02,A01
201700057639,1,15,000,00,2,4,02,B01
201700057640,1,10,000,00,1,5,04,A01
201700057641,1,07,000,08,0,1,01,A01
201700057642,1,33,000,00,1,3,16,A01
201700057643,2,31,000,00,2,2,16,A01
201700057643,2,33,000,00,2,8,01,B01
201700057644,1,32,000,00,2,4,23,A01
201700057644,1,30,000,00,2,4,23,B01
201700057644,1,07,000,00,2,1,02,Z01
201700057645,1,33,000,00,1,1,18,Z01
201700057646,2,30,000,00,2,2,15,A01
201700057646,1,31,000,00,2,1,01,B01
201700057647,2,33,000,00,2,8,01,B01
201700057647,2,07,000,00,2,2,16,A01
201700057648,2,07,000,00,1,2,01,Z01
201700057649,2,31,000,00,1,1,02,A01
201700057649,1,07,000,00,2,1,23,B01
201700057650,2,07,000,00,2,6,23,B01
201700057650,2,07,000,00,2,2,02,A01
201700057651,1,07,000,00,1,5,04,A01
201700057652,1,07,000,14,2,2,01,A01
201700057652,0,07,000,00,2,3,09,B01
201700057653,1,07,000,00,2,2,15,A01
201700057653,2,02,000,00,2,1,01,B01
201700057654,1,33,000,00,2,3,01,A01
201700057654,1,07,000,00,2,5,16,B01
201700057655,1,31,000,00,1,1,01,Z01
201700057656,1,02,000,00,2,4,15,B01
201700057656,2,31,000,00,2,1,01,A01
201700057657,0,02,000,08,0,1,13,A01
201700057658,2,02,000,00,2,4,01,B01
201700057658,2,07,000,00,2,2,17,A01
201700057659,1,10,000,00,2,1,01,A01
201700057659,1,07,000,00,2,0,01,Z01
201700057660,2,07,000,00,2,3,15,A01
201700057660,2,02,000,00,2,7,17,B01
201700057661,2,07,000,06,0,2,13,A01
201700057662,1,07,000,00,2,8,22,A01
201700057662,1,30,000,00,2,5,01,C01
201700057662,1,02,000,00,2,2,01,B01
201700057663,2,02,000,00,2,2,17,B01
201700057663,1,10,000,00,2,3,15,A01
201700057664,2,07,000,00,2,8,22,A01
201700057664,2,01,000,01,2,0,01,B01
201700057665,2,38,000,00,1,7,16,A01
201700057666,1,01,000,00,0,0,01,A01
201700057667,2,01,000,00,1,1,01,A01
201700057668,2,07,000,00,1,8,01,A01
201700057669,2,32,000,00,1,7,01,A01
201700057670,2,07,000,00,2,1,01,A01
201700057670,1,01,000,00,2,8,19,B01
201700057671,2,10,000,00,1,2,01,A01
201700057672,1,07,000,00,1,3,16,A01
201700057673,1,07,000,00,1,2,16,A01
201700057674,1,02,000,08,0,1,01,A01
201700057675,2,07,000,00,2,3,09,A01
201700057675,1,07,000,00,2,3,23,C01
201700057675,2,33,000,00,2,2,01,B01
201700057676,2,33,000,00,2,1,02,A01
201700057676,2,07,000,00,2,6,23,B01
201700057677,1,07,000,00,1,1,01,A01
201700057678,2,07,000,00,1,3,01,A01
201700057679,1,10,000,00,2,4,10,A01
201700057679,1,02,000,00,2,1,01,B01
201700057680,1,10,000,00,1,2,16,A01
201700057681,2,31,000,00,2,7,16,A01
201700057682,2,01,000,00,1,1,01,A01
201700057683,1,01,000,00,2,1,01,B01
201700057683,2,30,000,00,2,1,17,A01
201700057684,1,34,000,08,0,2,15,A01
201700057685,1,30,000,00,2,7,17,B01
201700057685,1,10,000,00,2,3,15,A01
201700057686,2,01,000,00,1,1,01,A01
201700057687,1,07,000,01,0,2,14,A01
201700057688,1,07,000,08,0,1,13,A01
201700057689,1,07,000,00,2,8,09,A01
201700057689,1,32,000,00,2,1,01,B01
201700057690,1,07,000,00,1,3,01,A01
201700057691,1,07,000,00,2,6,12,A01
201700057691,1,34,000,00,2,0,03,B01
201700057692,1,02,000,00,2,1,01,B01
201700057692,1,07,000,00,2,7,01,A01
201700057693,1,32,000,00,0,7,01,A01
201700057694,2,07,000,00,2,0,15,A01
201700057694,1,01,000,00,2,0,01,B01
201700057695,1,07,000,00,2,1,02,C01
201700057695,1,07,000,00,2,4,02,A01
201700057695,1,07,000,00,2,9,02,B01
201700057696,1,07,000,00,1,3,01,A01
201700057697,2,02,000,00,1,1,01,A01
201700057698,1,10,000,00,1,1,01,A01
201700057699,2,07,000,00,1,6,04,A01
201700057700,1,07,000,00,2,5,12,B01
201700057700,1,33,000,00,2,1,03,A01
201700057701,2,10,000,00,1,5,04,A01
201700057702,2,07,000,00,2,4,01,B01
201700057702,2,07,000,00,2,1,01,Z01
201700057703,1,07,000,00,1,2,01,A01
201700057704,2,30,000,00,2,1,01,A01
201700057704,1,02,000,00,2,3,01,B01
201700057705,1,34,000,00,2,1,01,B01
201700057705,2,07,000,00,2,1,15,A01
201700057706,2,02,000,00,2,8,19,A01
201700057706,2,07,000,00,2,2,01,B01
201700057707,2,07,000,00,2,4,23,B01
201700057707,2,07,000,00,2,1,01,A01
201700057708,2,10,000,00,2,7,15,A01
201700057708,1,30,000,00,2,1,01,B01
201700057709,2,07,000,00,2,1,01,B01
201700057709,1,37,000,00,2,0,13,A01
201700057710,1,07,000,00,2,2,01,A01
201700057710,2,34,000,00,2,3,01,B01
201700057711,1,01,000,00,1,7,01,Z01
201700057712,1,07,000,00,2,3,15,A01
201700057712,2,01,000,00,2,1,01,B01
201700057713,1,07,000,01,0,1,04,A01
201700057714,1,07,000,00,2,3,01,C01
201700057714,2,32,000,00,2,2,17,A01
201700057714,2,34,000,00,2,8,01,B01
201700057715,1,34,000,00,2,1,01,B01
201700057715,2,07,000,00,2,2,15,A01
201700057716,1,07,000,00,2,2,05,A01
201700057716,1,37,000,00,2,3,01,B01
201700057717,2,32,000,00,2,2,17,B01
201700057717,2,07,000,00,2,3,13,A01
201700057718,2,02,000,00,2,7,17,B01
201700057718,2,07,000,00,2,6,15,A01
201700057719,1,10,000,00,2,3,21,A01
201700057719,1,02,000,00,2,7,01,B01
201700057720,1,07,000,00,2,3,13,A01
201700057720,2,31,000,00,2,8,01,B01
201700057721,1,07,000,02,2,1,14,A01
201700057722,1,33,000,00,2,8,01,A01
201700057722,2,07,000,00,2,1,01,Z01
201700057723,2,10,000,00,1,3,01,A01
201700057724,1,07,000,00,2,0,15,Z01
201700057724,2,31,000,00,2,0,01,A01
201700057725,1,30,000,11,0,1,13,A01
201700057726,2,07,000,00,1,3,01,A01
201700057727,2,07,000,00,1,2,01,A01
201700057728,1,31,000,00,1,1,01,A01
201700057729,1,30,000,00,1,1,05,Z01
201700057730,2,34,000,00,1,3,01,Z01
201700057731,1,07,000,00,2,2,15,A01
201700057731,2,02,000,00,2,1,01,B01
201700057732,2,07,000,00,2,4,02,A01
201700057732,2,37,000,00,2,1,23,B01
201700057733,1,07,000,00,2,6,15,A01
201700057733,1,32,000,00,2,1,17,B01
201700057734,1,10,000,00,2,1,01,B01
201700057734,1,02,000,00,2,7,01,A01
201700057735,2,30,000,00,0,8,01,A01
201700057736,2,07,000,00,1,3,01,A01
201700057737,1,07,000,00,2,1,01,Z01
201700057737,1,07,000,00,2,4,23,A01
201700057738,1,07,000,07,0,1,01,A01
201700057739,2,30,000,00,2,1,17,A01
201700057739,2,07,000,00,2,3,15,B01
201700057740,2,31,000,00,2,1,17,A01
201700057740,2,07,000,00,2,6,15,B01
201700057741,1,07,000,00,1,1,15,A01
201700057742,2,30,000,00,0,0,16,A01
201700057743,0,31,000,00,2,4,02,B01
201700057743,0,07,000,00,2,4,02,A01
201700057744,1,30,000,00,2,6,01,B01
201700057744,1,07,000,00,2,3,01,Z01
201700057745,2,01,000,00,2,7,01,B01
201700057745,2,07,000,00,2,1,15,A01
201700057746,1,31,000,00,1,6,23,B01
201700057746,1,07,000,00,2,8,01,C01
201700057746,1,33,000,00,2,1,01,A01
201700057747,2,10,000,00,2,1,09,A01
201700057747,2,30,000,00,2,8,01,B01
201700057748,1,07,000,00,1,8,01,A01
201700057749,1,07,000,00,1,1,21,A01
201700057750,1,32,000,00,1,3,01,A01
201700057751,1,07,000,00,1,3,01,A01
201700057752,1,31,000,00,1,2,01,A01
201700057753,1,07,000,00,1,2,01,A01
201700057754,1,10,000,00,2,3,17,B01
201700057754,1,34,000,00,2,2,05,A01
201700057754,2,07,000,00,2,6,23,C01
201700057755,1,07,000,00,2,1,02,B01
201700057755,1,07,000,00,2,1,02,C01
201700057755,2,07,000,00,2,4,02,A01
201700057756,1,07,000,00,2,3,23,A01
201700057756,1,30,000,00,2,1,17,B01
201700057757,0,30,000,00,1,1,17,Z01
201700057758,1,07,000,01,0,2,16,A01
201700057759,2,31,000,00,0,7,01,A01
201700057760,1,07,000,00,2,6,23,B01
201700057760,1,30,000,00,2,2,02,A01
201700057761,2,32,000,00,2,5,23,B01
201700057761,2,07,000,00,2,3,15,A01
201700057762,2,34,000,00,1,1,16,Z01
201700057763,2,07,000,00,2,3,15,A01
201700057763,1,31,000,00,2,3,01,B01
201700057764,1,07,000,00,2,2,16,A01
201700057764,1,30,000,00,2,3,01,B01
201700057765,1,07,000,00,1,1,01,A01
201700057766,1,10,000,00,2,8,13,B01
201700057766,1,30,000,00,2,1,17,A01
201700057767,1,07,000,00,1,1,01,A01
201700057768,2,07,000,00,1,1,15,Z01
201700057769,1,07,000,00,2,3,15,B01
201700057769,2,31,000,00,2,1,05,A01
201700057770,1,07,000,00,2,2,15,A01
201700057770,2,30,000,00,2,1,01,B01
201700057771,1,07,000,00,1,7,01,A01
201700057772,2,10,000,00,2,2,01,B01
201700057772,2,33,000,08,2,3,09,A01
201700057773,1,31,000,00,1,1,01,A01
201700057774,1,07,000,03,0,1,12,A01
201700057775,1,07,000,00,2,2,15,A01
201700057775,2,31,000,00,2,1,01,B01
201700057776,1,07,000,00,2,5,01,B01
201700057776,1,31,000,00,2,1,01,A01
201700057777,1,07,000,00,1,1,01,A01
201700057778,1,07,000,00,2,3,15,A01
201700057778,1,02,000,00,2,1,17,B01
201700057779,2,07,000,00,1,1,01,Z01
201700057780,1,07,000,00,1,1,01,Z01
201700057781,1,32,000,00,1,0,01,Z01
201700057782,2,07,000,00,2,3,09,A01
201700057782,2,32,000,00,2,2,01,B01
201700057783,1,32,000,00,1,0,01,A01
201700057784,0,07,000,07,0,2,14,A01
201700057785,1,07,000,00,1,2,07,A01
201700057786,1,07,000,00,1,3,01,A01
201700057787,2,07,000,00,2,2,02,A01
201700057787,1,07,000,00,2,5,23,B01
201700057788,1,07,000,00,2,2,02,A01
201700057788,1,07,000,00,2,0,02,C01
201700057788,1,07,000,00,2,3,01,B01
201700057789,0,07,000,01,1,1,15,A01
201700057790,1,37,000,00,1,8,01,A01
201700057791,2,31,000,00,0,0,21,A01
201700057792,0,33,000,03,0,1,14,A01
201700057793,1,31,000,00,2,0,01,A01
201700057793,1,14,000,00,2,7,01,B01
201700057794,1,07,000,00,1,1,01,A01
201700057795,2,10,000,00,2,6,23,B01
201700057795,2,33,000,00,2,1,03,C01
201700057795,2,07,000,04,2,3,13,A01
201700057796,1,31,000,12,1,7,17,A01
201700057797,1,07,000,00,2,3,15,A01
201700057797,2,31,000,00,2,2,01,B01
201700057798,1,07,000,00,2,8,23,B01
201700057798,2,07,000,00,1,3,01,A01
201700057799,2,07,000,00,2,1,01,B01
201700057799,2,07,000,00,2,4,23,A01
201700057800,1,33,000,00,1,3,01,A01
201700057801,1,33,000,00,0,8,15,A01
201700057802,1,07,000,00,2,5,12,A01
201700057802,1,34,000,00,2,3,03,B01
201700057802,1,10,000,00,2,6,01,C01
201700057803,2,07,000,00,1,3,01,A01
201700057804,0,07,000,00,2,2,01,B01
201700057804,2,07,000,00,2,8,01,A01
201700057805,1,31,000,01,0,3,13,A01
201700057806,1,07,000,00,1,2,15,A01
201700057807,1,37,000,00,1,5,01,A01
201700057808,1,07,000,00,1,2,01,A01
201700057809,0,31,000,00,2,1,01,A01
201700057809,0,07,000,00,2,3,01,B01
201700057810,1,07,000,00,1,4,04,A01
201700057811,2,01,000,00,1,0,01,A01
201700057812,1,07,000,00,2,8,05,A01
201700057812,2,02,000,00,2,3,01,B01
201700057813,1,07,000,00,2,3,01,A01
201700057813,1,31,000,00,2,2,01,B01
201700057814,0,31,000,01,0,0,01,A01
201700057815,2,01,000,00,2,8,01,B01
201700057815,2,14,000,00,2,2,16,A01
201700057816,1,33,000,01,1,1,01,A01
201700057817,2,33,000,00,2,7,03,A01
201700057817,2,07,000,00,2,4,01,B01
201700057817,2,07,000,00,2,8,11,Z01
201700057818,2,07,000,00,2,3,09,A01
201700057818,1,31,000,00,2,1,01,B01
201700057819,1,02,000,00,1,1,01,A01
201700057820,0,33,000,00,1,3,01,A01
201700057821,0,07,000,00,0,2,01,A01
201700057822,2,07,000,00,2,2,16,B01
201700057822,2,33,000,08,2,1,07,A01
201700057823,0,30,000,15,0,2,01,A01
201700057824,1,34,000,00,2,1,01,B01
201700057824,2,07,000,00,2,5,10,A01
201700057825,0,07,000,08,0,1,14,A01
201700057826,1,07,000,00,1,2,01,A01
201700057827,1,10,000,00,2,8,13,A01
201700057827,1,33,000,00,2,7,01,B01
201700057828,1,01,000,00,0,0,15,A01
201700057829,1,10,000,00,1,3,01,A01
201700057830,1,33,000,01,0,0,13,A01
201700057831,1,01,000,00,2,1,09,A01
201700057831,2,07,000,00,2,0,01,B01
201700057832,1,30,000,08,0,2,13,A01
201700057833,1,37,000,00,1,2,01,A01
201700057834,1,17,000,00,1,2,01,A01
201700057835,1,07,000,00,1,1,20,A01
201700057836,2,14,000,00,2,7,16,A01
201700057836,2,01,000,00,2,1,01,B01
201700057837,1,14,000,00,2,1,02,A01
201700057837,1,07,000,00,2,4,02,B01
201700057838,1,31,000,12,0,1,14,A01
201700057839,1,07,000,00,1,2,01,A01
201700057840,1,07,000,00,2,1,01,A01
201700057840,1,07,000,00,2,0,23,B01
201700057841,1,07,000,00,2,0,07,A01
201700057841,1,01,000,00,2,0,07,B01
201700057842,2,07,000,00,1,2,16,A01
201700057843,1,02,000,00,2,9,13,B01
201700057843,1,33,000,00,2,5,01,A01
201700057844,1,07,000,00,2,5,12,A01
201700057844,1,34,000,00,2,3,03,B01
201700057845,2,33,000,08,1,5,01,A01
201700057846,1,07,000,01,1,1,01,A01
201700057847,2,33,000,01,0,1,13,A01
201700057848,0,07,000,00,2,1,15,A01
201700057848,1,32,000,00,2,1,01,B01
201700057849,0,10,000,00,2,3,15,A01
201700057849,0,34,000,00,2,1,17,B01
201700057850,1,07,000,12,1,2,01,A01
201700057851,1,07,000,00,2,3,01,B01
201700057851,2,07,000,04,2,1,13,A01
201700057852,2,10,000,00,2,5,24,B01
201700057852,2,02,000,00,2,1,14,A01
201700057853,1,14,000,00,1,3,01,A01
201700057854,1,07,000,00,1,2,01,A01
201700057855,2,07,000,00,1,2,01,A01
201700057856,1,33,000,00,2,1,02,B01
201700057856,1,15,000,06,2,6,23,A01
201700057857,1,07,000,03,0,3,14,A01
201700057858,2,30,000,12,0,7,01,A01
201700057859,1,07,000,00,2,5,12,A01
201700057859,1,33,000,00,2,3,03,B01
201700057860,2,33,000,00,2,8,03,A01
201700057860,2,07,000,00,2,2,14,B01
201700057861,1,33,000,01,2,3,17,A01
201700057861,1,30,000,00,2,0,13,Z01
201700057862,2,31,000,00,2,0,02,B01
201700057862,2,14,000,00,2,0,02,C01
201700057862,2,13,000,00,2,3,23,A01
201700057863,1,07,000,00,1,1,01,A01
201700057864,1,33,000,01,1,1,17,A01
201700057865,1,02,000,00,2,5,02,A01
201700057865,1,07,000,00,2,0,23,B01
201700057866,1,02,000,00,1,0,01,Z01
201700057867,2,07,000,00,2,2,05,A01
201700057867,2,07,000,00,2,3,15,B01
201700057868,0,07,000,02,0,1,01,A01
201700057869,2,02,000,00,2,7,01,B01
201700057869,1,07,000,00,2,3,01,A01
201700057870,1,07,000,00,2,2,15,A01
201700057870,1,33,000,00,2,1,01,B01
201700057871,1,07,000,00,2,8,22,A01
201700057871,1,01,000,01,2,1,07,B01
201700057872,2,07,000,00,2,1,01,A01
201700057872,2,32,000,08,2,8,01,B01
201700057873,0,01,000,00,0,0,09,A01
201700057874,1,07,000,09,0,1,01,A01
201700057875,1,07,000,00,2,2,01,A01
201700057875,1,31,000,00,2,1,01,B01
201700057876,0,07,000,01,1,2,01,A01
201700057877,1,30,000,00,1,1,01,A01
201700057878,1,02,000,00,0,1,01,A01
201700057879,1,07,000,00,2,3,15,B01
201700057879,1,33,000,01,2,1,17,A01
201700057880,1,33,000,04,0,1,12,A01
201700057881,1,07,000,00,2,1,15,B01
201700057881,1,31,000,00,2,7,19,A01
201700057882,0,07,000,00,1,7,01,A01
201700057883,1,07,000,01,2,3,18,A01
201700057883,1,07,000,00,2,7,16,B01
201700057884,2,14,000,00,1,1,01,A01
201700057885,2,33,000,04,2,1,01,A01
201700057885,2,07,000,00,2,6,01,B01
201700057886,2,07,000,00,2,2,16,B01
201700057886,2,30,000,06,2,4,05,A01
201700057887,1,07,000,00,2,2,01,A01
201700057887,1,07,000,00,2,3,01,B01
201700057888,2,14,000,00,1,0,01,A01
201700057889,0,13,000,00,1,5,16,A01
201700057890,1,10,000,00,2,0,11,A01
201700057890,1,32,000,00,2,0,17,B01
201700057891,0,07,000,00,2,3,13,A01
201700057891,0,31,000,01,2,7,01,B01
201700057892,1,07,000,00,2,7,15,A01
201700057892,2,30,000,00,2,8,01,B01
201700057893,2,32,000,15,0,9,14,A01
201700057894,2,38,000,00,2,7,16,A01
201700057894,2,01,000,00,2,8,18,B01
201700057895,1,33,000,00,2,1,17,B01
201700057895,1,07,000,00,2,8,10,A01
201700057896,2,07,000,00,2,3,13,A01
201700057896,2,31,000,00,2,1,17,B01