Num_Acc,senc,catv,occutc,obs,obsm,choc,manv,num_veh
201700057897,1,07,000,00,1,3,01,A01
201700057898,2,02,000,00,1,1,01,A01
201700057899,2,07,000,00,2,8,01,A01
201700057899,1,07,000,00,2,1,01,B01
201700057900,1,31,000,00,1,0,01,A01
201700057901,1,31,000,00,1,2,01,A01
201700057902,1,31,000,00,2,1,01,A01
201700057902,0,07,000,00,2,2,24,B01
201700057903,1,07,000,00,2,1,01,C01
201700057903,1,07,000,00,2,0,01,B01
201700057903,1,07,000,00,2,0,15,A01
201700057904,1,07,000,07,0,3,13,A01
201700057905,0,38,000,06,0,1,01,A01
201700057906,1,07,000,00,2,6,20,B01
201700057906,1,30,000,01,2,1,03,A01
201700057907,2,07,000,00,2,3,15,B01
201700057907,2,33,000,00,2,1,17,A01
201700057908,1,07,000,00,2,2,01,A01
201700057908,1,33,000,00,2,4,23,B01
201700057909,2,33,000,00,1,2,01,A01
201700057910,1,33,000,01,0,9,14,A01
201700057911,2,34,000,00,2,1,01,A01
201700057911,0,07,000,00,2,1,07,B01
201700057912,1,07,000,15,1,2,16,A01
201700057913,1,07,000,00,1,2,01,A01
201700057914,1,07,000,00,2,0,22,A01
201700057914,0,31,000,00,2,0,18,B01
201700057915,1,38,000,00,2,7,16,A01
201700057915,1,01,000,00,2,6,01,B01
201700057916,2,34,000,00,2,1,01,B01
201700057916,1,07,000,00,2,2,15,A01
201700057917,1,07,000,00,2,5,01,B01
201700057917,1,01,000,00,2,1,19,A01
201700057918,2,07,000,04,0,1,13,A01
201700057919,1,10,000,01,1,3,15,A01
201700057920,2,33,000,00,1,1,01,B01
201700057920,1,07,000,00,2,3,15,A01
201700057921,0,07,000,00,2,2,16,A01
201700057921,0,30,000,00,2,1,01,B01
201700057922,1,02,000,14,0,1,12,A01
201700057923,2,07,000,00,9,2,01,C01
201700057923,1,30,000,00,2,1,18,A01
201700057923,1,10,000,00,2,5,01,B01
201700057924,1,33,000,00,2,3,13,A01
201700057924,1,10,000,00,2,5,23,B01
201700057925,1,31,000,00,1,1,01,A01
201700057926,0,07,000,00,1,1,20,A01
201700057927,2,07,000,00,2,3,15,A01
201700057927,2,31,000,00,2,2,01,B01
201700057928,0,07,000,00,2,4,23,C01
201700057928,1,07,000,00,2,1,02,A01
201700057928,1,07,000,00,2,4,02,B01
201700057929,2,37,000,00,1,7,01,A01
201700057930,1,07,000,07,1,1,13,A01
201700057931,1,10,000,00,2,1,15,A01
201700057931,2,34,000,00,2,3,01,B01
201700057932,0,02,000,00,0,0,01,A01
201700057933,1,02,000,00,2,0,01,B01
201700057933,1,07,000,00,2,0,16,A01
201700057934,2,33,000,00,2,0,02,Z01
201700057934,2,33,000,00,2,1,02,A01
201700057934,2,07,000,00,2,6,14,B01
201700057935,0,07,000,01,0,2,01,A01
201700057936,1,33,000,14,0,1,01,A01
201700057937,1,31,000,00,2,8,01,A01
201700057937,1,13,000,00,2,7,12,Z01
201700057938,2,30,000,12,0,1,14,A01
201700057939,1,07,000,00,1,2,01,A01
201700057940,0,31,000,00,2,1,02,A01
201700057940,0,07,000,00,2,0,02,Z01
201700057941,1,07,000,00,1,7,01,A01
201700057942,2,07,000,00,2,0,01,B01
201700057942,1,34,000,00,2,2,15,A01
201700057943,0,07,000,00,2,1,09,A01
201700057943,0,07,000,00,2,2,01,B01
201700057944,1,02,000,00,2,1,15,A01
201700057944,2,07,000,00,2,2,01,B01
201700057945,1,07,000,00,2,2,15,A01
201700057945,1,07,000,00,2,8,01,B01
201700057946,1,33,000,00,2,1,01,A01
201700057946,1,07,000,00,2,1,01,Z01
201700057947,1,31,000,00,2,1,01,A01
201700057947,1,07,000,01,2,3,01,B01
201700057948,2,33,000,00,2,1,02,A01
201700057948,1,07,000,00,2,4,02,B01
201700057949,1,07,000,00,2,4,23,A01
201700057949,1,07,000,00,2,1,02,Z01
201700057950,2,07,000,00,2,6,20,C01
201700057950,2,34,000,00,2,2,18,A01
201700057950,2,01,000,00,2,4,01,B01
201700057951,0,07,000,00,1,2,01,A01
201700057952,1,30,000,04,2,7,14,A01
201700057952,1,10,000,00,2,0,01,B01
201700057953,1,37,000,00,2,8,01,B01
201700057953,1,33,000,00,2,7,17,A01
201700057954,1,10,000,01,2,8,13,A01
201700057954,1,33,000,08,2,7,01,B01
201700057955,1,01,000,00,2,1,13,A01
201700057955,2,01,000,00,2,1,01,B01
201700057956,1,07,000,04,2,6,11,B01
201700057956,1,07,000,00,2,2,01,A01
201700057957,1,33,000,12,0,1,07,A01
201700057958,2,07,000,00,1,3,01,A01
201700057959,1,33,000,08,2,9,01,B01
201700057959,2,07,000,00,2,2,15,A01
201700057960,1,07,000,00,2,2,01,B01
201700057960,2,10,000,00,2,1,05,A01
201700057961,1,07,000,00,2,1,15,A01
201700057961,1,07,000,00,2,5,01,B01
201700057962,1,01,000,00,1,1,01,A01
201700057963,1,33,000,00,1,1,01,A01
201700057964,1,01,000,00,2,1,01,B01
201700057964,2,38,000,00,2,3,01,A01
201700057965,1,07,000,00,2,2,10,A01
201700057965,1,33,000,00,2,1,01,B01
201700057966,1,10,000,00,2,3,01,A01
201700057966,1,31,000,00,2,1,01,B01
201700057967,1,07,000,00,2,6,01,B01
201700057967,1,07,000,07,2,1,01,A01
201700057968,2,31,000,00,2,0,01,B01
201700057968,2,07,000,00,2,1,01,A01
201700057968,2,07,000,00,2,5,01,C01
201700057969,1,07,000,01,0,8,13,A01
201700057970,2,02,000,00,2,1,01,A01
201700057970,2,07,000,00,2,3,01,B01
201700057971,2,07,000,00,2,6,11,A01
201700057971,2,33,000,00,2,7,01,B01
201700057972,1,33,000,00,1,1,01,A01
201700057973,0,07,000,00,0,1,09,A01
201700057974,2,01,000,00,1,1,01,A01
201700057975,1,31,000,00,2,1,01,A01
201700057975,1,10,000,00,2,3,15,B01
201700057976,1,01,000,00,1,1,07,A01
201700057977,2,32,000,01,2,1,17,A01
201700057977,1,07,000,00,2,2,01,B01
201700057978,1,33,000,00,1,3,01,A01
201700057979,0,01,000,00,2,1,02,A01
201700057979,1,07,000,00,2,5,02,B01
201700057980,1,31,000,00,,7,01,A01
201700057981,0,33,000,01,1,2,01,A01
201700057982,2,32,000,00,2,1,23,A01
201700057982,2,32,000,00,2,4,02,B01
201700057983,2,33,000,00,1,1,17,A01
201700057984,1,33,000,00,0,7,01,A01
201700057985,1,10,000,00,2,4,23,B01
201700057985,1,10,000,00,2,1,02,Z01
201700057985,1,07,000,00,2,4,23,A01
201700057986,1,10,000,00,1,6,04,A01
201700057987,1,33,000,00,2,1,01,B01
201700057987,1,07,000,00,2,3,01,A01
201700057988,1,33,000,01,2,1,01,B01
201700057988,1,07,000,00,2,8,10,A01
201700057989,1,07,000,01,1,3,01,A01
201700057990,2,07,000,00,1,2,01,A01
201700057991,2,07,000,00,2,1,15,A01
201700057991,2,33,000,00,2,1,01,B01
201700057992,1,07,000,00,1,4,04,A01
201700057993,1,33,000,00,1,1,17,A01
201700057994,0,07,000,00,2,1,01,A01
201700057994,0,07,000,00,2,4,23,B01
201700057994,0,07,000,00,2,4,23,C01
201700057995,1,34,000,00,1,1,01,A01
201700057996,0,37,000,00,1,8,01,A01
201700057997,2,37,000,00,1,5,07,A01
201700057998,2,07,000,00,1,2,01,A01
201700057999,1,31,000,00,2,2,03,A01
201700057999,1,07,000,00,2,5,01,B01
201700058000,1,07,000,00,2,4,01,B01
201700058000,2,33,000,00,2,1,01,A01
201700058001,0,07,000,11,0,3,21,A01
201700058002,1,34,000,00,2,1,03,B01
201700058002,1,10,000,00,2,5,01,A01
201700058003,1,33,000,00,2,1,01,A01
201700058003,1,10,000,00,2,4,01,B01
201700058004,1,07,000,00,2,1,01,A01
201700058004,1,01,000,00,2,0,01,B01
201700058005,1,31,000,08,0,1,01,A01
201700058006,1,07,000,00,2,4,23,C01
201700058006,1,10,000,00,2,1,02,A01
201700058006,1,07,000,00,2,4,23,B01
201700058007,1,07,000,00,2,3,02,A01
201700058007,1,07,000,00,2,1,02,D01
201700058007,0,07,000,00,2,4,02,B01
201700058007,0,34,000,00,2,4,02,C01
201700058008,2,33,000,00,2,1,01,B01
201700058008,1,07,000,00,2,2,15,A01
201700058009,1,01,000,00,2,1,01,B01
201700058009,1,01,000,00,2,1,19,A01
201700058010,1,07,000,00,2,4,23,B01
201700058010,0,07,000,00,2,4,23,C01
201700058010,1,14,000,00,2,1,01,A01
201700058011,1,07,000,00,2,2,15,A01
201700058011,2,33,000,00,2,1,01,B01
201700058012,1,34,000,01,0,9,01,A01
201700058013,1,07,000,00,1,1,01,A01
201700058014,2,33,000,04,0,8,13,A01
201700058015,0,07,000,00,2,0,12,Z01
201700058015,1,31,000,00,2,0,01,A01
201700058016,1,02,000,00,2,3,02,A01
201700058016,1,07,000,00,2,5,23,B01
201700058017,2,07,000,00,2,6,11,A01
201700058017,2,33,000,00,2,7,03,B01
201700058018,2,33,000,00,1,3,01,Z01
201700058019,2,01,000,00,1,7,01,A01
201700058020,1,32,000,00,2,2,03,A01
201700058020,1,07,000,00,2,5,01,C01
201700058020,1,07,000,00,2,6,01,B01
201700058021,2,10,000,00,2,1,02,A01
201700058021,2,10,000,00,2,4,02,B01
201700058022,1,07,000,00,2,6,01,C01
201700058022,1,07,000,00,2,7,12,A01
201700058022,1,33,000,00,2,1,03,B01
201700058023,2,07,000,00,2,4,01,E01
201700058023,2,07,000,00,2,3,11,A01
201700058023,2,07,000,00,2,8,01,C01
201700058023,2,33,000,00,2,9,03,B01
201700058023,2,07,000,00,2,8,01,D01
201700058024,1,07,000,00,2,7,15,A01
201700058024,2,02,000,00,2,1,01,B01
201700058025,2,07,000,00,2,2,01,A01
201700058025,1,32,000,00,2,7,01,B01
201700058026,2,31,000,14,2,1,01,A01
201700058026,2,07,000,00,2,4,23,B01
201700058027,2,38,000,00,1,3,15,A01
201700058028,2,07,000,00,2,5,23,D01
201700058028,2,07,000,00,2,4,23,F01
201700058028,2,07,000,00,2,6,23,B01
201700058028,2,07,000,00,2,1,02,A01
201700058028,2,10,000,00,2,4,23,E01
201700058028,2,10,000,00,2,5,23,C01
201700058029,2,07,000,00,1,1,02,A01
201700058030,0,07,000,00,2,8,15,A01
201700058030,0,33,000,00,2,1,01,B01
201700058031,1,10,000,00,1,2,07,A01
201700058032,1,07,000,00,2,5,01,B01
201700058032,1,34,000,00,2,1,11,A01
201700058033,1,33,000,00,2,3,01,B01
201700058033,1,10,000,00,2,5,01,A01
201700058034,1,10,000,00,1,4,04,A01
201700058035,1,34,000,00,1,1,01,A01
201700058036,2,07,000,00,2,2,01,A01
201700058036,2,30,000,00,2,1,01,B01
201700058037,2,33,000,00,2,1,17,A01
201700058037,2,07,000,00,2,8,15,B01
201700058038,2,07,000,00,1,2,01,A01
201700058039,1,07,000,00,1,2,16,A01
201700058040,1,33,000,00,1,1,01,A01
201700058041,1,31,000,00,2,1,03,B01
201700058041,1,07,000,00,2,2,12,A01
201700058042,1,07,000,06,0,9,13,A01
201700058043,1,33,000,00,1,1,01,A01
201700058044,1,10,000,00,2,3,01,A01
201700058044,1,33,000,00,2,2,08,B01
201700058045,1,10,000,00,1,3,01,A01
201700058046,1,07,000,00,2,3,01,B01
201700058046,2,02,000,00,2,1,01,A01
201700058047,2,07,000,00,2,6,16,B01
201700058047,2,10,000,00,2,2,02,A01
201700058048,1,07,000,00,2,7,15,A01
201700058048,2,31,000,00,2,1,01,B01
201700058049,1,07,000,00,1,7,01,A01
201700058050,1,02,000,00,2,7,01,B01
201700058050,1,07,000,00,2,3,05,A01
201700058051,1,33,000,00,0,0,21,A01
201700058052,1,10,000,00,1,4,04,A01
201700058053,1,30,000,00,2,4,02,B01
201700058053,1,07,000,00,2,3,02,A01
201700058054,1,07,000,00,2,2,05,A01
201700058054,2,33,000,00,2,5,01,B01
201700058055,1,07,000,00,2,3,13,A01
201700058055,1,34,000,00,2,2,01,B01
201700058056,1,10,000,00,1,2,01,A01
201700058057,2,37,000,00,1,5,20,A01
201700058058,1,10,000,00,2,4,23,D01
201700058058,1,07,000,00,2,3,02,A01
201700058058,1,07,000,00,2,5,23,C01
201700058058,1,07,000,00,2,7,23,B01
201700058059,1,07,000,00,2,0,01,B01
201700058059,2,32,000,00,2,1,13,A01
201700058060,1,14,000,00,2,7,16,A01
201700058060,1,01,000,00,2,8,16,B01
201700058061,1,31,000,00,0,7,07,A01
201700058062,0,07,000,00,2,6,02,B01
201700058062,0,07,000,00,2,7,23,C01
201700058062,0,07,000,00,2,2,02,A01
201700058062,0,07,000,00,2,4,01,D01
201700058063,1,07,000,00,1,2,05,A01
201700058064,1,33,000,00,1,3,01,A01
201700058065,1,07,000,00,1,2,01,A01
201700058066,1,33,000,01,1,1,01,A01
201700058067,1,30,000,00,0,8,01,A01
201700058068,1,07,000,01,2,1,01,A01
201700058068,1,02,000,00,2,8,01,B01
201700058069,1,33,000,01,0,1,13,A01
201700058070,2,07,000,00,2,4,23,G01
201700058070,2,31,000,00,2,4,23,I01
201700058070,2,07,000,00,2,4,23,F01
201700058070,2,07,000,00,2,4,23,E01
201700058070,2,07,000,00,2,4,23,H01
201700058070,2,14,000,00,1,1,02,A01
201700058070,2,10,000,00,2,4,02,B01
201700058070,2,07,000,00,2,4,23,D01
201700058070,2,07,000,00,2,4,02,C01
201700058071,2,01,000,00,2,2,01,A01
201700058071,2,10,000,00,2,3,01,B01
201700058072,2,34,000,00,2,1,01,B01
201700058072,2,10,000,00,2,5,15,A01
201700058073,2,33,000,00,2,7,17,B01
201700058073,2,10,000,00,2,8,22,A01
201700058074,2,37,000,00,1,2,07,A01
201700058075,1,02,000,00,2,1,01,A01
201700058075,1,07,000,00,2,3,01,B01
201700058076,2,07,000,04,2,4,04,A01
201700058076,2,33,000,12,2,1,18,B01
201700058077,1,07,000,00,1,1,01,A01
201700058078,2,32,000,00,2,0,01,B01
201700058078,1,07,000,00,1,2,21,A01
201700058079,1,07,000,00,2,3,11,A01
201700058079,1,31,000,00,2,7,03,B01
201700058080,2,07,000,00,2,3,02,C01
201700058080,2,10,000,00,2,1,02,A01
201700058080,2,07,000,00,2,4,23,B01
201700058081,2,33,000,00,2,1,02,A01
201700058081,2,10,000,00,2,6,23,B01
201700058082,2,10,000,00,2,1,02,A01
201700058082,2,07,000,00,2,4,23,B01
201700058083,2,07,000,04,0,2,16,A01
201700058084,2,10,000,00,2,6,01,B01
201700058084,2,33,000,00,2,1,03,A01
201700058085,2,07,000,00,2,0,13,Z01
201700058085,2,31,000,00,2,1,03,A01
201700058086,2,07,000,00,2,8,11,A01
201700058086,2,32,000,00,2,1,03,B01
201700058086,2,07,000,00,2,2,01,C01
201700058087,1,07,000,00,2,8,01,C01
201700058087,1,33,000,00,2,3,02,A01
201700058087,1,07,000,00,2,5,23,B01
201700058088,2,07,000,00,2,2,01,A01
201700058088,2,31,000,00,2,6,09,B01
201700058089,2,10,000,00,2,0,02,B01
201700058089,2,10,000,00,2,0,02,D01
201700058089,2,10,000,00,2,0,02,A01
201700058089,2,07,000,00,2,0,02,C01
201700058089,2,07,000,00,2,0,02,E01
201700058090,2,10,000,00,2,1,11,A01
201700058090,2,07,000,00,2,4,23,B01
201700058091,2,07,000,04,0,1,14,A01
201700058092,2,30,000,00,0,0,01,A01
201700058093,1,07,000,00,2,6,01,C01
201700058093,1,02,000,00,2,1,03,A01
201700058093,1,07,000,00,2,8,01,B01
201700058094,1,33,000,00,0,3,12,A01
201700058095,2,34,000,00,2,1,12,A01
201700058095,2,07,000,00,2,0,12,B01
201700058096,1,07,000,00,2,7,12,Z01
201700058096,1,32,000,00,2,3,03,A01
201700058097,2,33,000,00,2,3,03,A01
201700058097,2,07,000,00,2,7,12,Z01
201700058098,0,07,000,00,2,7,01,D01
201700058098,2,07,000,00,2,4,01,C01
201700058098,2,07,000,00,2,3,01,E01
201700058098,2,07,000,00,2,1,01,A01
201700058098,2,07,000,00,2,4,01,B01
201700058099,1,07,000,00,2,4,23,B01
201700058099,1,10,000,00,2,1,01,A01
201700058100,2,32,000,00,0,8,02,A01
201700058101,1,15,000,00,2,5,01,B01
201700058101,1,07,000,00,2,3,11,A01
201700058102,2,13,000,00,2,6,11,A01
201700058102,2,07,000,00,2,7,01,B01
201700058103,1,07,000,00,2,1,02,A01
201700058103,1,07,000,00,2,4,23,B01
201700058104,2,07,000,00,1,2,01,A01
201700058105,1,07,000,00,2,4,02,B01
201700058105,1,07,000,00,2,1,23,A01
201700058106,1,07,000,00,2,4,02,B01
201700058106,1,07,000,00,2,1,12,A01
201700058106,1,07,000,00,2,4,02,C01
201700058106,1,07,000,01,2,0,02,D01
201700058107,2,31,000,00,9,7,03,A01
201700058108,2,33,000,00,2,4,03,A01
201700058108,2,31,000,00,2,0,03,Z01
201700058109,1,07,000,00,2,1,02,A01
201700058109,1,07,000,00,2,4,02,B01
201700058110,1,33,000,00,0,,14,A01
201700058111,2,31,000,00,2,4,11,B01
201700058111,2,07,000,00,2,2,01,A01
201700058112,1,07,000,00,2,1,02,A01
201700058112,1,07,000,00,2,4,23,D01
201700058112,1,10,000,00,2,5,23,B01
201700058112,1,07,000,04,2,6,23,C01
201700058113,1,07,000,00,2,0,02,A01
201700058113,2,07,000,00,2,4,02,B01
201700058114,1,07,000,00,2,6,02,B01
201700058114,1,33,000,00,2,2,02,A01
201700058115,1,34,000,00,2,3,03,A01
201700058115,1,07,000,00,2,6,01,C01
201700058115,1,07,000,00,2,5,12,B01
201700058116,2,07,000,00,2,6,01,B01
201700058116,2,15,000,00,2,2,12,A01
201700058117,2,07,000,04,2,1,14,A01
201700058117,2,07,000,00,2,7,01,B01
201700058118,1,07,000,00,2,5,12,A01
201700058118,1,33,000,00,2,8,03,B01
201700058119,2,07,000,04,0,6,14,A01
201700058120,1,10,000,04,0,3,14,A01
201700058121,1,07,000,04,0,1,14,A01
201700058122,1,07,000,00,2,6,11,A01
201700058122,1,33,000,00,2,1,01,B01
201700058123,1,34,000,00,2,0,00,B01
201700058123,1,07,000,00,2,7,02,C01
201700058123,1,07,000,00,2,5,02,D01
201700058123,1,07,000,00,2,2,02,E01
201700058123,1,07,000,00,2,0,01,A01
201700058124,1,31,000,03,0,8,14,A01
201700058125,2,07,000,00,2,4,23,B01
201700058125,2,10,000,00,2,1,02,A01
201700058126,2,10,000,00,2,5,23,E01
201700058126,2,34,000,00,2,7,03,B01
201700058126,2,07,000,00,2,2,23,C01
201700058126,2,33,000,00,2,3,13,A01
201700058126,2,10,000,00,2,7,23,D01
201700058127,2,31,000,00,2,1,02,A01
201700058127,2,07,000,00,2,4,02,B01
201700058128,1,07,000,00,0,4,01,C01
201700058128,1,07,000,00,2,3,11,A01
201700058128,1,31,000,00,2,7,03,B01
201700058129,1,07,000,00,2,4,02,B01
201700058129,1,31,000,00,2,1,02,A01
201700058130,2,07,000,00,2,4,02,B01
201700058130,2,33,000,00,2,1,02,A01
201700058131,2,07,000,00,2,6,02,B01
201700058131,2,07,000,04,2,1,02,A01
201700058132,1,07,000,00,2,4,02,Z01
201700058132,1,07,000,00,2,4,02,A01
201700058133,2,15,000,00,2,2,12,A01
201700058133,2,07,000,04,2,6,01,B01
201700058134,1,07,000,03,0,8,13,A01
201700058135,1,34,000,14,0,1,01,A01
201700058136,0,07,000,00,2,4,01,C01
201700058136,1,33,000,00,2,7,17,A01
201700058136,1,33,000,00,2,3,03,B01
201700058137,1,31,000,00,2,1,02,A01
201700058137,1,07,000,00,2,5,02,B01
201700058138,2,07,000,04,0,3,13,A01
201700058139,2,34,000,00,2,1,02,A01
201700058139,2,07,000,00,2,4,02,B01
201700058140,1,07,000,00,2,4,02,B01
201700058140,1,07,000,00,2,1,02,A01
201700058141,2,07,000,14,0,1,14,A01
201700058142,1,07,000,00,2,6,01,B01
201700058142,1,07,000,00,2,2,12,A01
201700058143,2,32,000,00,0,7,12,A01
201700058144,2,33,000,00,0,7,01,A01
201700058145,1,07,000,00,2,4,11,A01
201700058145,1,33,000,00,2,1,03,B01
201700058146,1,07,000,00,2,6,01,C01
201700058146,0,10,000,00,2,5,12,A01
201700058146,1,31,000,00,2,3,03,B01
201700058147,1,07,000,00,2,2,12,A01
201700058147,1,31,000,00,2,3,09,B01
201700058148,1,07,000,00,2,6,11,A01
201700058148,1,33,000,00,2,2,03,B01
201700058149,1,32,000,00,2,4,01,B01
201700058149,1,07,000,00,2,4,01,C01
201700058149,1,07,000,00,2,1,01,A01
201700058150,1,32,000,00,0,8,21,A01
201700058151,2,32,000,00,0,0,03,A01
201700058152,2,07,000,00,2,2,12,A01
201700058152,2,33,000,00,2,8,03,B01
201700058153,1,10,000,00,2,5,01,B01
201700058153,1,02,000,00,2,2,03,A01
201700058154,2,07,000,00,2,4,01,B01
201700058154,2,33,000,00,2,1,03,A01
201700058155,2,07,000,00,2,1,11,A01
201700058155,1,07,000,00,2,4,01,D01
201700058155,2,07,000,00,2,2,01,B01
201700058155,2,07,000,00,2,7,23,C01
201700058156,1,07,000,00,2,1,01,A01
201700058156,1,33,000,00,2,4,23,B01
201700058157,2,33,000,00,2,8,01,A01
201700058158,1,07,000,00,2,2,01,A01
201700058158,1,07,000,00,2,1,01,C01
201700058158,1,33,000,00,2,4,01,B01
201700058159,2,34,000,00,2,4,01,A01
201700058159,2,07,000,00,2,1,01,Z01
201700058160,1,33,000,00,2,4,02,B01
201700058160,1,07,000,00,2,7,02,E01
201700058160,1,07,000,00,2,8,02,C01
201700058160,1,07,000,00,2,4,02,H01
201700058160,1,07,000,00,2,5,02,G01
201700058160,1,07,000,00,2,5,02,F01
201700058160,1,07,000,00,2,8,02,D01
201700058160,1,07,000,00,2,1,02,A01
201700058161,1,07,000,00,2,8,01,C01
201700058161,1,07,000,00,2,7,12,A01
201700058161,1,31,000,00,2,8,03,B01
201700058162,1,07,000,00,2,2,12,A01
201700058162,1,33,000,00,2,3,03,B01
201700058163,2,07,000,00,2,4,02,B01
201700058163,2,07,000,00,2,1,02,A01
201700058164,2,33,000,00,0,8,01,A01
201700058165,1,10,000,00,2,1,12,A01
201700058165,1,14,000,00,2,1,01,B01
201700058166,2,32,000,00,2,8,03,B01
201700058166,2,07,000,00,2,2,12,A01
201700058167,1,13,000,00,2,1,02,A01
201700058167,1,31,000,00,2,4,02,B01
201700058168,1,10,000,00,2,5,12,A01
201700058168,1,33,000,00,2,8,03,B01
201700058169,2,33,000,00,0,8,01,A01
201700058170,1,07,000,04,2,8,01,B01
201700058170,1,17,000,00,2,7,12,A01
201700058171,2,07,000,00,2,1,02,A01
201700058171,2,07,000,00,2,4,02,B01
201700058171,2,07,000,04,2,4,02,C01
201700058172,1,07,000,00,2,5,01,C01
201700058172,1,34,000,00,2,1,03,B01
201700058172,1,07,000,00,2,0,01,D01
201700058172,1,34,000,00,2,1,17,A01
201700058173,1,17,000,00,2,2,12,A01
201700058173,1,07,000,04,2,6,01,B01
201700058174,2,33,000,00,2,1,03,B01
201700058174,2,07,000,00,2,7,12,A01
201700058175,2,07,000,00,2,2,12,A01
201700058175,2,32,000,00,2,3,03,B01
201700058176,1,07,000,00,2,5,01,C01
201700058176,1,07,000,00,2,8,11,A01
201700058176,1,31,000,00,2,7,03,B01
201700058177,2,07,000,00,2,1,01,C01
201700058177,2,07,000,00,2,1,01,A01
201700058177,2,07,000,00,2,1,01,B01
201700058178,2,33,000,00,2,3,02,A01
201700058178,2,33,000,00,2,5,02,B01
201700058178,2,07,000,00,2,5,01,C01
201700058179,2,07,000,04,0,9,14,A01
201700058180,2,07,000,00,2,4,01,C01
201700058180,2,10,000,00,2,4,01,B01
201700058180,2,07,000,00,2,1,01,A01
201700058181,1,33,000,00,2,2,01,B01
201700058181,1,07,000,00,2,6,11,A01
201700058182,1,07,000,00,2,5,12,A01
201700058182,1,33,000,00,2,1,01,B01
201700058183,2,33,000,00,0,0,03,A01
201700058184,2,07,000,00,2,7,01,B01
201700058184,2,07,000,00,2,8,11,A01
201700058184,0,10,000,00,2,2,01,C01
201700058185,1,10,000,00,2,6,11,A01
201700058185,1,32,000,00,2,7,03,B01
201700058186,1,33,000,00,2,1,12,A01
201700058186,0,07,000,00,2,6,01,B01
201700058187,2,38,000,00,2,6,02,C01
201700058187,2,32,000,00,2,3,02,B01
201700058187,2,33,000,00,2,2,02,A01
201700058188,2,15,000,00,2,7,01,B01
201700058188,2,30,000,00,2,2,13,A01
201700058189,1,07,000,00,2,6,23,B01
201700058189,1,33,000,00,2,5,03,C01
201700058189,1,33,000,00,2,3,03,A01
201700058190,2,33,000,00,2,1,03,A01
201700058190,2,33,000,00,2,0,03,B01
201700058190,2,07,000,00,2,4,01,C01
201700058191,1,07,000,00,2,4,23,B01
201700058191,1,07,000,00,2,1,02,A01
201700058192,2,33,000,00,2,1,03,A01
201700058192,2,07,000,00,2,6,01,B01
201700058193,1,07,000,00,2,0,11,A01
201700058193,1,33,000,00,2,0,01,B01
201700058194,2,07,000,00,2,1,01,C01
201700058194,2,07,000,00,2,6,15,A01
201700058194,2,15,000,00,2,2,01,B01
201700058195,1,07,000,00,2,4,23,B01
201700058195,1,07,000,00,2,1,23,C01
201700058195,1,07,000,00,2,1,02,A01
201700058196,2,07,000,00,2,3,11,A01
201700058196,2,14,000,00,2,2,01,B01
201700058197,1,07,000,00,0,4,02,B01
201700058197,1,33,000,00,2,1,02,A01
201700058198,1,10,000,00,2,4,02,B01
201700058198,1,07,000,00,2,1,02,A01
201700058199,2,10,000,00,2,1,02,A01
201700058199,2,07,000,00,2,4,02,B01
201700058200,1,07,000,00,2,1,02,A01
201700058200,1,07,000,00,2,4,02,B01
201700058201,1,31,000,00,2,8,01,B01
201700058201,1,07,000,00,2,7,12,A01
201700058202,1,07,000,00,2,1,02,A01
201700058202,1,07,000,00,2,4,02,B01
201700058203,2,07,000,00,2,1,02,A01
201700058203,2,07,000,00,2,4,02,B01
201700058204,1,33,000,00,2,6,03,B01
201700058204,1,07,000,00,2,2,12,A01
201700058205,1,10,000,00,2,2,02,A01
201700058205,1,07,000,00,2,6,02,B01
201700058206,1,07,000,00,2,8,11,Z01
201700058206,1,07,000,00,2,7,01,A01
201700058207,1,07,000,00,2,4,23,B01
201700058207,1,33,000,00,2,4,23,C01
201700058207,1,07,000,00,2,4,23,D01
201700058207,1,07,000,00,2,1,01,A01
201700058208,1,34,000,00,2,1,03,A01
201700058208,1,07,000,00,2,0,12,Z01
201700058209,1,33,000,00,2,1,01,A01
201700058209,1,07,000,00,2,5,01,B01
201700058210,1,07,000,00,2,1,01,A01
201700058210,1,07,000,00,2,4,23,B01
201700058211,1,10,000,00,2,2,01,B01
201700058211,1,34,000,16,2,7,03,A01
201700058211,1,07,000,00,2,7,01,C01
201700058212,1,33,000,00,2,8,09,A01
201700058212,1,33,000,00,2,7,03,B01
201700058213,1,34,000,12,0,1,01,A01
201700058214,1,07,000,00,2,5,02,A01
201700058214,1,07,000,00,2,3,02,B01
201700058215,2,07,000,00,2,2,12,A01
201700058215,2,31,000,00,2,3,03,B01
201700058216,1,07,000,00,2,6,01,B01
201700058216,1,31,000,00,2,2,03,A01
201700058217,1,10,000,00,2,3,02,A01
201700058217,1,07,000,00,2,4,02,B01
201700058218,2,10,000,04,2,8,18,A01
201700058218,2,07,000,00,2,2,01,B01
201700058219,2,07,000,00,2,4,02,A01
201700058219,2,07,000,00,2,1,02,Z01
201700058220,1,31,000,00,2,1,01,A01
201700058220,2,07,000,00,2,4,01,B01
201700058221,2,10,000,00,2,4,02,B01
201700058221,2,07,000,00,2,1,02,C01
201700058221,2,07,000,00,2,1,02,D01
201700058221,2,07,000,00,2,1,02,A01
201700058222,1,07,000,00,2,8,11,A01