Num_Acc,senc,catv,occutc,obs,obsm,choc,manv,num_veh
201700059954,1,01,000,00,2,1,01,B01
201700059954,1,37,001,00,2,3,01,A01
201700059955,1,07,000,00,0,0,00,B01
201700059955,1,30,000,00,0,0,00,A01
201700059956,1,01,000,00,2,8,02,B01
201700059956,1,07,000,00,9,7,02,A01
201700059957,1,07,000,00,2,6,00,A01
201700059957,1,10,000,00,2,0,00,C01
201700059957,1,07,000,00,2,2,01,B01
201700059958,0,02,000,00,1,0,00,A01
201700059959,0,01,000,00,2,7,01,B01
201700059959,1,07,000,00,2,2,09,A01
201700059960,1,01,000,00,2,1,01,B01
201700059960,1,07,000,00,2,1,19,A01
201700059961,1,02,000,00,2,1,01,B01
201700059961,2,07,000,00,2,2,01,A01
201700059962,1,31,000,00,2,1,10,Z01
201700059962,1,33,000,00,2,5,10,A01
201700059963,1,30,000,00,0,0,00,B01
201700059963,1,07,000,00,9,3,15,A01
201700059964,0,07,000,00,2,3,15,B01
201700059964,1,30,000,00,2,1,01,A01
201700059965,1,07,000,00,1,1,23,B01
201700059965,1,07,000,00,2,1,02,A01
201700059966,1,07,000,00,2,7,00,A01
201700059966,1,07,000,00,2,1,01,B01
201700059967,0,07,000,00,1,1,00,A01
201700059968,1,30,000,00,2,1,17,A01
201700059968,1,07,000,00,0,3,01,B01
201700059969,2,07,000,00,2,7,16,A01
201700059969,2,02,000,00,2,3,01,B01
201700059970,1,07,000,00,2,8,00,B01
201700059970,1,30,000,00,2,1,00,A01
201700059971,1,07,000,00,0,9,19,A01
201700059972,1,07,000,00,9,2,16,A01
201700059972,1,02,000,01,2,1,02,B01
201700059972,1,07,000,00,9,8,23,C01
201700059973,2,01,000,00,2,1,01,B01
201700059973,1,07,000,00,9,3,15,Z01
201700059974,1,33,000,00,2,4,07,A01
201700059974,1,07,000,00,0,5,07,B01
201700059975,1,07,000,08,2,2,15,A01
201700059975,1,07,000,08,2,3,08,B01
201700059976,1,01,000,00,9,8,15,B01
201700059976,1,07,000,00,9,5,16,A01
201700059977,0,31,000,00,2,1,01,A01
201700059977,0,07,000,00,2,3,01,B01
201700059978,0,07,000,00,2,3,00,A01
201700059978,0,34,000,00,2,5,01,B01
201700059979,1,31,000,00,2,3,13,A01
201700059979,2,07,000,00,2,3,01,B01
201700059980,1,07,000,00,2,5,07,B01
201700059980,1,07,000,00,2,3,16,A01
201700059981,1,07,000,00,9,6,02,B01
201700059981,1,02,000,00,2,9,02,A01
201700059982,1,07,000,00,2,8,21,B01
201700059982,1,07,000,00,2,1,15,A01
201700059983,1,31,000,00,2,7,14,B01
201700059983,1,07,000,00,9,3,09,A01
201700059984,2,31,000,00,2,1,00,A01
201700059984,2,02,000,00,2,0,00,B01
201700059985,1,31,000,00,2,0,01,B01
201700059985,1,07,000,00,2,0,15,A01
201700059986,2,07,000,00,2,1,01,B01
201700059986,1,07,000,00,2,1,01,A01
201700059987,0,34,000,00,2,1,15,B01
201700059987,1,07,000,00,2,2,01,A01
201700059988,1,31,000,00,2,5,07,A01
201700059988,1,07,000,00,2,5,07,B01
201700059989,2,31,000,00,2,1,13,B01
201700059989,2,07,000,00,9,7,23,A01
201700059990,1,31,000,00,2,1,02,A01
201700059990,1,07,000,00,2,5,16,B01
201700059991,1,02,000,00,2,1,02,A01
201700059991,1,02,000,00,2,4,02,B01
201700059992,1,02,000,00,2,8,18,A01
201700059992,1,13,000,00,9,2,16,B01
201700059993,1,07,000,01,0,1,21,A01
201700059994,2,07,000,00,2,7,15,A01
201700059994,1,33,000,00,2,1,01,B01
201700059995,1,07,000,00,2,2,01,B01
201700059995,2,01,000,00,2,1,13,A01
201700059996,2,07,000,00,9,3,09,A01
201700059996,1,02,000,00,2,7,00,B01
201700059997,1,07,000,00,2,1,02,B01
201700059997,1,07,000,00,2,1,02,A01
201700059997,1,07,000,00,2,4,02,C01
201700059998,1,34,000,00,9,1,15,A01
201700059998,2,07,000,00,9,5,19,B01
201700059999,1,07,000,00,9,8,15,A01
201700059999,1,02,000,00,2,1,01,B01
201700060000,2,01,000,00,2,1,19,B01
201700060000,1,07,000,00,9,2,09,A01
201700060001,1,07,000,00,2,0,16,A01
201700060001,1,07,000,00,2,6,01,B01
201700060002,1,07,000,00,2,6,01,B01
201700060002,1,30,000,00,2,1,02,A01
201700060003,1,07,000,00,2,5,02,B01
201700060003,1,02,000,00,2,3,02,A01
201700060004,1,10,000,00,2,1,02,A01
201700060004,1,07,000,00,2,4,02,B01
201700060005,1,07,000,00,9,4,23,A01
201700060005,1,31,000,01,2,4,21,B01
201700060006,2,07,000,00,2,1,15,A01
201700060006,1,31,000,00,2,1,01,B01
201700060007,1,07,000,00,2,1,13,A01
201700060007,2,31,000,00,2,2,16,B01
201700060008,1,34,000,00,2,1,01,A01
201700060008,1,07,000,00,2,1,15,B01
201700060009,1,07,000,00,2,9,15,A01
201700060009,1,10,000,00,2,5,15,B01
201700060010,1,07,000,00,2,4,02,B01
201700060010,1,07,000,00,2,1,02,A01
201700060011,1,34,000,00,2,4,02,A01
201700060012,1,07,000,00,2,3,19,B01
201700060012,1,07,000,01,2,1,19,A01
201700060013,1,34,000,00,1,3,07,A01
201700060014,1,07,000,00,2,4,07,B01
201700060014,1,07,000,00,2,4,07,A01
201700060015,1,30,000,00,2,1,15,A01
201700060015,1,30,000,00,2,1,01,B01
201700060016,1,07,000,00,1,8,21,A01
201700060017,1,07,000,00,2,2,01,A01
201700060017,1,33,000,00,2,7,01,B01
201700060018,1,33,000,00,2,2,15,B01
201700060018,1,07,000,00,2,1,15,A01
201700060019,1,07,000,00,2,8,15,A01
201700060019,1,31,000,00,2,7,15,B01
201700060020,1,32,000,01,2,1,01,A01
201700060020,1,01,000,00,2,1,23,B01
201700060021,2,31,000,00,0,1,23,B01
201700060021,1,07,000,00,0,1,15,Z01
201700060022,1,07,000,00,0,0,07,A01
201700060022,1,31,000,00,9,8,07,B01
201700060023,1,01,000,00,0,0,07,B01
201700060023,1,07,000,00,0,0,07,A01
201700060024,1,07,000,00,2,6,15,B01
201700060024,1,07,000,00,2,2,08,A01
201700060025,1,07,000,00,1,7,00,A01
201700060026,2,30,000,00,2,1,01,A01
201700060026,1,07,000,00,2,2,15,B01
201700060027,1,07,000,12,0,1,06,A01
201700060028,0,07,000,00,2,1,01,A01
201700060028,0,31,000,00,2,1,01,B01
201700060029,1,07,000,00,1,2,01,A01
201700060030,1,07,000,00,0,1,00,A01
201700060031,1,01,000,00,2,0,02,B01
201700060031,1,07,000,00,2,1,09,A01
201700060032,1,31,000,00,2,2,08,A01
201700060032,1,07,000,00,2,3,08,B01
201700060033,1,07,000,00,2,3,15,B01
201700060033,1,31,000,00,2,2,07,A01
201700060034,1,07,000,00,2,1,15,B01
201700060034,1,34,000,00,2,7,09,A01
201700060035,1,07,000,00,2,1,00,B01
201700060035,2,34,000,00,2,9,05,A01
201700060036,1,99,000,00,2,2,15,B01
201700060036,1,07,000,00,2,5,15,A01
201700060037,1,30,000,00,2,1,17,A01
201700060037,1,07,000,00,2,3,15,B01
201700060038,2,30,000,00,2,1,01,A01
201700060038,1,07,000,00,2,3,19,B01
201700060039,1,07,000,00,2,1,00,B01
201700060039,1,01,000,00,2,6,19,A01
201700060040,1,07,000,00,0,0,16,A01
201700060040,1,01,000,00,2,4,01,B01
201700060041,1,07,000,00,2,7,00,B01
201700060041,1,31,000,00,2,8,13,A01
201700060042,1,07,000,00,9,6,14,A01
201700060043,1,07,000,00,9,8,15,A01
201700060043,1,02,000,00,2,1,17,B01
201700060044,1,01,000,00,2,1,01,B01
201700060044,2,07,000,00,9,7,19,A01
201700060045,1,07,000,00,1,8,15,A01
201700060046,2,07,000,00,2,1,11,A01
201700060046,1,33,000,00,2,1,09,B01
201700060047,1,07,000,00,2,1,02,A01
201700060047,1,07,000,00,2,4,02,C01
201700060047,1,07,000,00,2,9,02,B01
201700060048,1,07,000,00,2,4,04,A01
201700060048,1,30,000,00,2,2,02,B01
201700060049,1,07,000,00,0,0,01,C01
201700060049,2,30,000,00,2,1,03,A01
201700060049,2,07,000,00,2,3,15,B01
201700060050,1,31,000,00,2,3,15,B01
201700060050,1,10,000,00,2,7,17,A01
201700060051,2,01,000,00,2,0,13,A01
201700060051,2,07,000,00,2,1,01,B01
201700060052,2,32,000,00,2,1,01,B01
201700060052,2,07,000,00,2,3,19,A01
201700060053,1,07,000,00,2,2,09,B01
201700060053,1,34,000,00,2,1,18,A01
201700060054,1,34,000,00,2,1,17,A01
201700060054,2,34,000,00,2,1,17,B01
201700060055,1,30,000,00,2,3,01,B01
201700060055,1,07,000,00,2,1,01,A01
201700060056,2,31,000,00,2,1,02,B01
201700060056,1,07,000,00,2,1,15,A01
201700060057,1,07,000,00,2,1,01,A01
201700060057,1,02,000,00,2,7,15,B01
201700060057,2,07,000,00,2,1,02,C01
201700060058,1,31,000,00,2,8,10,A01
201700060058,1,10,000,00,2,1,01,B01
201700060059,2,07,000,00,2,1,09,A01
201700060059,2,30,000,00,2,0,00,B01
201700060060,1,31,000,00,2,7,01,B01
201700060060,1,07,000,00,2,7,15,A01
201700060061,2,10,000,00,2,1,02,A01
201700060061,2,07,000,00,2,4,02,B01
201700060061,2,07,000,00,2,4,15,C01
201700060062,2,07,000,00,2,3,09,A01
201700060062,1,34,000,00,2,1,00,B01
201700060063,1,07,000,00,2,1,15,A01
201700060063,1,30,000,00,2,7,01,B01
201700060064,1,01,000,00,2,1,01,B01
201700060064,1,07,000,00,9,8,09,A01
201700060065,1,07,000,00,2,1,01,A01
201700060065,1,07,000,00,2,1,15,B01
201700060066,1,07,000,00,2,1,15,A01
201700060066,2,31,000,00,2,1,01,B01
201700060067,1,07,000,00,1,2,00,A01
201700060068,1,34,000,00,9,5,14,B01
201700060068,1,07,000,00,2,3,02,A01
201700060069,1,07,000,00,2,8,01,A01
201700060069,2,07,000,00,2,3,01,B01
201700060070,1,07,000,00,2,1,15,A01
201700060070,1,34,000,00,2,1,01,B01
201700060071,1,07,000,00,2,4,23,B01
201700060071,1,31,000,00,2,1,23,A01
201700060072,1,31,000,00,2,8,02,B01
201700060072,1,37,001,00,2,5,17,A01
201700060073,2,07,000,00,0,0,01,A01
201700060074,2,34,000,00,2,3,01,B01
201700060074,1,07,000,00,9,3,13,A01
201700060075,1,07,000,00,2,7,01,B01
201700060075,1,34,000,00,2,3,01,A01
201700060076,1,33,000,00,9,8,09,A01
201700060077,2,07,000,01,0,2,01,A01
201700060078,1,07,000,00,9,7,15,A01
201700060078,2,02,000,00,2,1,01,B01
201700060079,1,07,000,00,2,8,16,A01
201700060079,1,30,000,00,2,4,15,B01
201700060080,1,07,000,00,2,8,15,A01
201700060080,1,30,000,00,2,1,01,B01
201700060081,1,02,000,00,2,1,01,B01
201700060081,1,07,000,00,9,3,15,A01
201700060082,1,07,000,00,2,8,19,A01
201700060082,1,30,000,00,2,1,01,B01
201700060083,1,01,000,00,2,1,16,B01
201700060083,1,07,000,00,2,4,17,A01
201700060084,1,30,000,00,2,1,01,B01
201700060084,1,07,000,00,9,6,09,A01
201700060085,1,07,000,00,2,8,09,A01
201700060085,1,34,000,00,2,1,21,B01
201700060086,1,30,000,00,2,1,16,B01
201700060086,2,30,000,00,2,1,13,A01
201700060087,2,31,000,00,2,0,21,A01
201700060087,,07,000,,,,,A02
201700060088,1,31,000,00,1,1,17,A01
201700060089,1,02,000,00,2,1,01,B01
201700060089,1,38,001,00,9,2,16,A01
201700060090,1,07,000,00,2,1,01,A01
201700060090,1,31,000,00,2,1,19,B01
201700060091,1,07,000,00,1,1,01,A01
201700060092,1,07,000,15,2,2,00,A01
201700060092,2,07,000,00,2,2,00,B01
201700060093,1,07,000,00,2,1,19,A01
201700060093,1,07,000,00,2,1,01,B01
201700060094,1,07,000,00,1,1,09,A01
201700060095,2,07,000,00,2,5,15,A01
201700060095,1,34,000,00,2,1,01,B01
201700060096,1,07,000,00,2,1,09,A01
201700060096,1,34,000,00,2,1,01,B01
201700060097,1,07,000,00,2,3,01,B01
201700060097,2,02,000,14,2,1,13,A01
201700060098,0,34,000,00,2,1,17,B01
201700060098,0,07,000,00,2,1,09,A01
201700060099,1,07,000,00,2,4,02,B01
201700060099,1,07,000,00,2,1,02,A01
201700060100,2,31,000,00,2,4,01,A01
201700060101,1,31,000,00,2,0,01,A01
201700060101,1,07,000,00,2,2,01,B01
201700060102,1,31,000,00,2,7,23,B01
201700060102,1,07,000,00,2,1,09,A01
201700060103,1,07,000,00,2,8,02,B01
201700060103,1,31,000,00,2,1,17,A01
201700060104,2,07,000,00,2,3,15,B01
201700060104,1,02,000,00,2,1,17,A01
201700060105,1,31,000,00,2,1,01,B01
201700060105,1,07,000,00,2,5,04,A01
201700060106,2,07,000,00,2,3,15,A01
201700060106,2,34,000,00,2,8,01,B01
201700060107,1,07,000,00,1,3,02,A01
201700060108,2,07,000,00,2,3,02,C01
201700060108,1,07,000,00,2,1,13,A01
201700060108,2,07,000,00,2,1,02,B01
201700060109,1,07,000,00,1,1,09,A01
201700060110,2,02,000,00,2,1,01,B01
201700060110,1,07,000,00,9,5,15,A01
201700060111,2,07,000,00,0,8,01,A01
201700060112,1,07,000,00,1,2,14,A01
201700060113,2,07,000,00,2,3,17,A01
201700060113,2,31,000,01,2,6,01,B01
201700060114,1,07,000,00,2,2,15,A01
201700060114,1,02,000,00,2,1,17,B01
201700060114,1,07,000,00,2,3,23,M01
201700060115,1,30,000,00,2,1,14,B01
201700060115,1,07,000,00,2,2,15,A01
201700060116,1,33,000,00,1,1,01,A01
201700060117,1,07,000,00,0,0,00,A01
201700060118,1,07,000,00,2,6,23,B01
201700060118,1,07,000,00,2,1,23,A01
201700060119,1,07,000,00,2,1,15,A01
201700060119,2,07,000,00,2,1,09,B01
201700060120,1,34,000,00,2,4,14,A01
201700060120,1,07,000,00,2,3,01,B01
201700060121,1,07,000,00,2,6,02,D01
201700060121,1,07,000,00,2,4,02,E01
201700060121,1,07,000,00,2,6,02,C01
201700060121,1,07,000,00,2,1,02,A01
201700060121,1,07,000,00,2,4,02,B01
201700060122,1,10,000,09,2,2,01,B01
201700060122,1,10,000,00,2,1,19,A01
201700060123,1,07,000,00,2,3,15,A01
201700060123,1,31,000,00,2,3,01,B01
201700060124,2,07,000,00,2,5,16,B01
201700060124,2,07,000,00,2,3,16,A01
201700060125,1,07,000,00,2,4,04,B01
201700060125,1,07,000,00,2,1,01,A01
201700060126,1,07,000,00,1,3,19,A01
201700060127,1,07,000,00,2,3,01,B01
201700060127,1,30,000,00,2,8,15,A01
201700060128,1,07,000,00,2,8,01,B01
201700060128,1,07,000,00,2,1,19,A01
201700060129,1,31,000,00,2,3,19,B01
201700060129,1,07,000,00,2,1,19,Z01
201700060130,1,34,000,00,2,1,13,A01
201700060130,2,07,000,00,9,2,01,B01
201700060131,1,31,000,00,2,5,18,A01
201700060131,1,07,000,00,2,2,13,B01
201700060132,1,07,000,00,1,4,20,A01
201700060133,0,31,000,00,2,1,18,A01
201700060133,0,07,000,00,2,2,15,B01
201700060134,2,07,000,00,2,1,01,B01
201700060134,1,07,000,00,2,7,01,A01
201700060135,1,07,000,00,2,0,00,A01
201700060135,2,02,000,00,2,0,00,B01
201700060136,1,30,000,00,2,7,02,A01
201700060136,,07,000,,,,,A02
201700060137,1,07,000,00,2,1,02,A01
201700060137,1,30,000,00,2,4,23,B01
201700060138,1,02,000,00,2,1,17,A01
201700060138,2,10,000,00,2,1,15,B01
201700060139,1,02,000,00,2,1,18,A01
201700060139,1,07,000,01,2,5,14,B01
201700060140,1,02,000,00,9,0,15,A01
201700060140,1,07,000,00,2,3,11,B01
201700060141,1,07,000,09,9,7,08,A01
201700060141,1,99,000,00,9,0,08,B01
201700060142,2,31,000,09,2,3,15,A01
201700060142,1,07,000,00,9,3,15,B01
201700060143,1,07,000,00,2,8,01,B01
201700060143,1,07,000,00,2,1,09,A01
201700060144,1,07,000,00,2,1,01,A01
201700060144,2,07,000,00,2,4,00,B01
201700060145,1,31,000,00,0,0,01,A01
201700060146,1,07,000,00,2,3,21,B01
201700060146,1,07,000,00,2,2,19,A01
201700060147,1,07,000,00,2,2,15,B01
201700060147,1,32,000,00,2,1,18,A01
201700060148,1,07,000,00,9,1,07,B01
201700060148,1,07,000,00,2,8,07,A01
201700060149,1,31,000,09,2,1,08,A01
201700060149,1,07,000,09,9,3,08,B01
201700060150,1,01,000,09,2,4,07,B01
201700060150,1,31,000,09,2,1,07,A01
201700060151,1,07,000,00,2,8,09,A01
201700060151,1,31,000,00,2,1,15,B01
201700060152,1,07,000,00,1,1,15,A01
201700060153,1,07,000,00,2,8,02,B01
201700060153,1,30,000,00,2,2,17,A01
201700060154,1,01,000,01,0,1,21,A01
201700060154,1,07,000,00,9,3,17,B01
201700060155,1,07,000,16,0,9,00,A01
201700060156,1,07,000,00,1,1,09,A01
201700060157,1,07,000,00,2,1,02,A01
201700060157,2,07,000,00,2,7,02,C01
201700060157,2,10,000,00,2,8,01,B01
201700060158,1,31,000,09,0,5,07,B01
201700060159,2,34,000,00,2,4,02,B01
201700060159,2,07,000,00,2,1,02,A01
201700060160,1,02,000,00,2,1,01,A01
201700060160,1,07,000,00,2,2,15,B01
201700060161,1,07,000,16,0,1,01,A01
201700060162,1,07,000,00,2,3,15,A01
201700060162,1,31,000,00,2,1,17,B01
201700060163,1,33,000,00,2,1,01,B01
201700060163,1,07,000,00,2,1,17,A01
201700060164,1,07,000,00,2,1,19,A01
201700060164,1,02,000,00,2,8,01,B01
201700060165,1,07,000,16,0,1,14,A01
201700060166,1,99,000,00,2,1,05,A01
201700060166,1,99,000,00,2,1,01,B01
201700060167,1,07,000,00,2,4,15,B01
201700060167,1,31,000,00,2,1,17,A01
201700060168,1,07,000,00,9,3,15,A01
201700060168,1,01,000,00,2,1,01,B01
201700060169,1,34,000,00,2,1,01,B01
201700060169,1,07,000,00,9,8,19,A01
201700060170,1,34,000,16,0,1,00,A01
201700060171,1,31,000,00,2,1,11,A01
201700060171,2,07,000,00,2,4,11,B01
201700060172,1,07,000,00,1,3,01,A01
201700060173,1,07,000,00,9,3,15,A01
201700060173,1,33,000,00,2,2,17,B01
201700060174,0,31,000,00,2,7,01,B01
201700060174,0,10,000,00,2,8,09,A01
201700060175,1,01,000,01,0,1,01,B01
201700060176,2,31,000,00,2,3,17,A01
201700060176,2,13,000,00,9,8,15,B01
201700060177,1,07,000,00,1,1,01,A01
201700060178,1,31,000,00,2,8,09,A01
201700060178,1,07,000,00,2,2,01,B01
201700060179,2,30,000,00,2,1,01,A01
201700060179,1,07,000,00,2,5,15,B01
201700060180,1,31,000,00,2,3,13,B01
201700060180,1,07,000,00,2,0,17,A01
201700060181,1,31,000,00,2,4,15,B01
201700060181,1,07,000,00,2,2,21,A01
201700060182,0,07,000,00,2,2,15,A01
201700060182,1,34,000,00,2,1,02,B01
201700060183,1,07,000,00,2,2,15,A01
201700060183,2,31,000,00,2,8,09,B01
201700060184,1,07,000,13,0,2,19,V01
201700060185,1,07,000,08,0,1,00,A01
201700060186,1,07,000,00,2,8,15,A01
201700060186,1,34,000,00,2,1,01,B01
201700060187,1,31,000,00,2,7,16,A01
201700060187,2,07,000,00,9,1,16,B01
201700060188,1,31,000,00,2,0,00,A01
201700060188,1,07,000,00,2,0,00,B01
201700060189,1,34,000,00,2,1,02,B01
201700060189,2,07,000,00,2,1,15,A01
201700060190,1,07,000,00,2,0,15,A01
201700060190,1,02,000,00,2,1,01,B01
201700060191,1,31,000,00,2,1,17,A01
201700060191,1,02,000,00,2,6,15,B01
201700060192,1,07,000,00,2,4,02,A01
201700060192,1,07,000,00,2,4,02,B01
201700060193,1,31,000,00,0,0,21,A01
201700060194,1,07,000,00,1,1,15,A01
201700060195,1,07,000,00,1,1,15,A01
201700060196,1,31,000,00,2,1,02,A01
201700060196,1,07,000,00,0,4,02,B01
201700060197,0,07,000,00,1,1,15,A01
201700060198,0,33,000,00,1,8,02,A01
201700060199,1,07,000,00,1,7,21,A01
201700060200,0,33,000,16,0,0,00,Z01
201700060201,0,33,000,00,2,1,00,A01
201700060201,0,07,000,00,2,4,00,B01
201700060202,1,07,000,00,0,0,00,A01
201700060202,1,01,000,00,2,0,00,B01
201700060203,1,07,000,00,1,0,00,A01
201700060204,1,33,000,03,2,4,02,B01
201700060204,1,07,000,00,2,3,02,A01
201700060205,0,02,000,00,2,1,01,B01
201700060205,0,07,000,00,2,4,16,A01
201700060206,2,02,000,00,2,1,01,B01
201700060206,1,07,000,00,2,3,15,A01
201700060207,0,07,000,00,2,2,15,A01
201700060207,0,02,000,00,2,1,18,B01
201700060208,1,07,000,00,9,7,15,A01
201700060208,0,02,000,00,2,1,01,B01
201700060209,1,07,000,00,1,2,21,A01
201700060210,1,07,000,00,2,1,01,A01
201700060210,1,07,000,01,2,1,01,B01
201700060211,0,38,000,09,2,5,07,A01
201700060212,1,07,000,00,9,2,02,A01
201700060212,2,01,000,00,2,8,01,B01
201700060213,0,07,000,00,2,1,01,A01
201700060213,0,07,000,00,2,7,09,B01
201700060214,2,07,000,00,2,2,12,A01
201700060214,2,07,000,00,2,5,01,B01
201700060214,2,33,000,00,2,9,03,C01
201700060215,1,07,000,00,1,3,01,A01
201700060216,0,02,000,00,2,1,01,B01
201700060216,1,07,000,00,2,7,01,A01
201700060217,1,07,000,00,1,3,01,A01
201700060218,0,07,000,00,2,1,19,A01
201700060218,1,07,000,00,2,2,01,B01
201700060219,1,07,000,00,2,3,13,A01
201700060219,2,33,000,00,2,8,01,B01
201700060220,1,07,000,00,2,2,01,A01
201700060220,1,07,000,00,2,4,00,B01
201700060221,1,07,000,00,0,4,00,A01
201700060221,1,07,000,00,0,0,00,Z01
201700060222,1,33,000,00,2,1,02,A01
201700060222,1,07,000,00,2,4,15,B01
201700060223,0,02,000,00,0,0,00,A01
201700060224,1,07,000,00,2,3,10,A01
201700060224,1,33,000,00,2,2,03,B01
201700060225,1,07,000,00,2,7,15,A01
201700060225,2,33,000,00,2,1,00,B01
201700060226,1,07,000,00,1,1,01,A01
201700060227,1,07,000,00,2,1,02,A01
201700060227,1,31,000,00,2,4,02,B01
201700060227,1,07,000,00,2,4,02,C01
201700060228,1,02,000,00,5,1,19,A01
201700060229,1,07,000,00,0,9,00,A01
201700060230,1,07,000,00,0,0,00,A01
201700060230,1,07,000,00,0,0,00,B01
201700060231,2,07,000,00,2,0,05,A01
201700060231,1,07,000,00,2,0,01,B01
201700060232,2,02,000,00,2,1,01,A01
201700060232,1,07,000,00,2,1,15,B01
201700060233,1,07,000,00,2,1,17,A01
201700060233,2,07,000,00,2,1,00,B01
201700060234,1,33,000,03,2,0,18,A01
201700060234,1,33,000,05,0,0,00,B01
201700060235,1,07,000,00,1,2,01,A01
201700060236,1,07,000,00,2,0,00,A01
201700060236,1,33,000,00,2,0,00,B01
201700060237,2,33,000,00,2,1,01,A01
201700060237,2,07,000,00,9,4,01,B01
201700060238,1,33,000,00,2,1,01,A01
201700060238,2,07,000,00,9,4,01,B01
201700060239,1,07,000,00,9,5,17,A01
201700060239,1,33,000,00,2,8,02,B01
201700060240,1,10,000,00,1,8,01,A01
201700060241,2,37,001,00,1,5,20,A01
201700060242,2,07,000,00,2,8,15,B01
201700060242,2,02,000,00,2,2,17,A01
201700060243,1,33,000,01,9,1,21,A01
201700060244,1,33,000,00,0,2,09,A01
201700060245,2,07,000,00,2,6,19,B01
201700060245,2,31,000,00,2,2,16,A01
201700060246,1,07,000,00,2,6,15,A01
201700060246,1,33,000,00,2,1,17,B01
201700060247,1,30,000,00,2,4,09,B01
201700060247,1,33,000,00,2,4,09,A01
201700060248,1,07,000,00,9,7,09,A01
201700060248,1,01,000,00,2,8,15,B01
201700060249,2,07,000,00,2,1,02,A01
201700060249,2,07,000,00,2,4,02,B01
201700060250,1,10,000,00,2,1,21,A01
201700060250,1,38,001,00,2,4,24,B01
201700060251,1,33,000,00,2,3,21,A01
201700060251,1,14,000,00,2,4,17,B01
201700060251,1,07,000,00,2,5,21,C01
201700060252,1,33,000,00,2,1,01,A01
201700060252,1,07,000,00,2,4,01,B01
201700060253,1,07,000,00,1,1,21,A01
201700060254,2,07,000,06,0,2,01,A01
201700060255,1,07,000,00,2,8,10,A01
201700060255,1,33,000,00,2,1,17,B01
201700060256,1,07,000,00,1,8,01,A01
201700060257,1,07,000,00,2,4,21,A01
201700060257,2,07,000,00,2,1,02,B01
201700060257,2,07,000,00,2,1,02,C01
201700060258,1,07,000,00,9,4,24,A01
201700060258,1,01,000,01,0,1,02,B01
201700060259,1,31,000,00,0,0,01,A01
201700060260,2,99,000,00,0,0,00,A01
201700060261,1,07,000,00,1,0,00,A01
201700060262,2,07,000,00,2,4,21,A01
201700060262,2,99,000,00,2,4,21,B01
201700060263,1,07,000,00,2,1,09,A01
201700060263,2,01,000,00,2,1,05,B01
201700060264,1,07,000,00,2,0,00,B01
201700060264,2,07,000,00,2,0,00,A01
201700060265,2,07,000,14,0,1,01,A01
201700060266,2,07,000,00,2,3,01,A01
201700060266,1,31,000,00,2,6,02,B01
201700060267,1,07,000,06,0,1,02,A01
201700060268,1,07,000,00,9,0,00,A01
201700060268,1,01,000,00,2,0,00,B01
201700060269,2,07,000,09,1,1,13,A01
201700060270,1,31,000,00,2,1,17,B01
201700060270,1,07,000,00,2,3,11,A01
201700060271,1,30,000,00,0,1,21,A01
201700060272,1,07,000,00,2,7,01,Z01
201700060272,2,02,000,00,2,2,09,B01
201700060273,1,07,000,00,1,1,21,A01
201700060274,1,30,000,00,2,4,15,A01
201700060275,2,07,000,00,2,3,15,A01
201700060275,2,02,000,00,2,2,17,B01
201700060276,1,07,000,00,2,4,23,B01
201700060276,1,07,000,00,2,1,21,A01
201700060277,2,02,000,09,0,1,02,A01
201700060278,1,33,000,04,2,1,21,B01
201700060278,1,15,000,00,2,2,09,A01
201700060279,1,32,000,08,0,1,21,A01
201700060280,1,07,000,00,2,5,02,B01
201700060280,1,07,000,01,0,6,24,C01
201700060280,1,33,000,01,2,3,18,A01
201700060281,1,07,000,01,0,2,14,A01
201700060282,2,33,000,00,2,9,13,A01
201700060282,2,07,000,00,2,8,11,B01
201700060283,1,02,000,00,2,3,01,A01
201700060283,2,07,000,00,9,3,01,B01
201700060284,1,07,000,00,2,1,00,A01
201700060284,1,10,000,00,2,1,00,B01
201700060284,1,30,000,00,2,1,00,C01
201700060284,2,07,000,00,0,0,00,D01
201700060284,2,07,000,00,0,0,00,E01
201700060285,1,07,000,15,0,1,00,A01
201700060286,1,07,000,00,2,3,09,A01
201700060286,1,01,000,00,2,1,01,B01
201700060287,1,07,000,00,2,2,13,A01
201700060287,2,07,000,00,2,2,00,B01
201700060288,2,07,000,00,1,0,04,A01
201700060289,1,07,000,00,9,7,21,A01
201700060289,1,01,000,00,2,3,15,B01
201700060290,1,07,000,00,2,1,02,A01
201700060290,1,07,000,00,2,4,02,B01
201700060290,1,07,000,00,2,4,02,C01
201700060291,2,31,000,00,2,1,01,A01
201700060291,1,07,000,00,2,8,15,B01
201700060292,2,07,000,00,1,2,01,A01
201700060293,1,10,000,13,9,7,14,A01
201700060293,1,10,000,14,2,6,02,B01
201700060294,2,07,000,12,1,1,14,A01
201700060295,1,07,000,00,2,2,15,A01
201700060295,2,33,000,00,2,2,17,B01
201700060296,1,07,000,00,2,3,11,A01
201700060296,1,33,000,00,2,1,03,B01
201700060297,2,38,001,00,1,2,01,A01
201700060298,1,30,000,00,2,1,13,A01
201700060299,1,07,000,00,2,3,13,A01
201700060299,2,38,001,00,1,3,01,B01
201700060300,1,01,000,00,9,8,09,A01
201700060301,1,07,000,00,1,1,19,A01